<?xml version="1.0" encoding="UTF-8"?>
<!DOCTYPE mapper PUBLIC "-//mybatis.org//DTD Mapper 3.0//EN" "http://mybatis.org/dtd/mybatis-3-mapper.dtd">
<mapper namespace="scg.c24.biz.db.shc.model.SHCUseContMapper">
	<select id="selectUseContByUseCustNmCp" resultType="scg.c24.biz.db.shc.model.SHCUseCont"><![CDATA[
		SELECT B.CUST_NM,
		       B.CP_DDD,
		       B.CP_EXN,
		       B.CP_NUM,
		       A.USE_CONT_NUM,
		       D.NEW_ADDR_UNION,
		       (CASE WHEN #{bnkCd} = '803' THEN
		              NVL((SELECT CASE
		                   WHEN PAY_METHOD_CD = '10' THEN         '|GG|'
		                   WHEN PAY_METHOD_CD = '20' THEN (SELECT '|BB|' || X.ORIG_APPLY_YM AS PAY_METHOD_NM
		                                                     FROM C11.C1BT_USE_CONT_TRANS X
		                                                    WHERE X.REQ_INFO_NUM = A.REQ_INFO_NUM
		                                                      AND X.RECEIVE_STS_CD = '20'
		                                                      AND ROWNUM = 1)
		                   WHEN PAY_METHOD_CD = '30' THEN (SELECT CASE WHEN X.BNK_CD = '803'
		                                                     THEN '|SS|' || X.ORIG_APPLY_YM
		                                                     ELSE '|AC|' || X.ORIG_APPLY_YM
		                                                      END AS PAY_METHOD_NM
		                                                     FROM C11.C1BT_USE_CONT_TRANS X
		                                                    WHERE X.REQ_INFO_NUM = A.REQ_INFO_NUM
		                                                      AND X.RECEIVE_STS_CD = '20'
		                                                      AND ROWNUM = 1)
		                   ELSE                                   '|00|' END
		              FROM C11.C1BT_REQ_INFO A
		             WHERE REQ_INFO_NUM = A.USE_CONT_NUM),   '|00|')
		         ELSE NULL END) AS PAY_METHOD_NM,
		       D.CURR_ADDR_UNION
		  FROM C11.C1BT_USE_CONT A,
		       C11.C1AT_CUST_INFO B,
		       C31.C3AT_INST_PLACE D
		 WHERE A.CUST_NUM = B.CUST_NUM
		   AND A.INST_PLACE_NUM = D.INST_PLACE_NUM
		   AND A.CONT_STS_CD <> 30
		   AND B.CUST_NM = #{useCustNm}
		   AND B.CP_DDD  = #{cp1}
		   AND B.CP_EXN  = #{cp2}
		   AND B.CP_NUM  = #{cp3}
	]]></select>
	<select id="selectUseContByUseContNum" resultType="scg.c24.biz.db.shc.model.SHCUseCont"><![CDATA[
		SELECT B.CUST_NM,
		       B.CP_DDD,
		       B.CP_EXN,
		       B.CP_NUM,
		       A.USE_CONT_NUM,
		       D.NEW_ADDR_UNION,
		       (CASE WHEN #{bnkCd} = '803' THEN
		              NVL((SELECT CASE
		                   WHEN PAY_METHOD_CD = '10' THEN         '|GG|'
		                   WHEN PAY_METHOD_CD = '20' THEN (SELECT '|BB|' || X.ORIG_APPLY_YM AS PAY_METHOD_NM
		                                                     FROM C11.C1BT_USE_CONT_TRANS X
		                                                    WHERE X.REQ_INFO_NUM = A.REQ_INFO_NUM
		                                                      AND X.RECEIVE_STS_CD = '20'
		                                                      AND ROWNUM = 1)
		                   WHEN PAY_METHOD_CD = '30' THEN (SELECT CASE WHEN X.BNK_CD = '803'
		                                                     THEN '|SS|' || X.ORIG_APPLY_YM
		                                                     ELSE '|AC|' || X.ORIG_APPLY_YM
		                                                      END AS PAY_METHOD_NM
		                                                     FROM C11.C1BT_USE_CONT_TRANS X
		                                                    WHERE X.REQ_INFO_NUM = A.REQ_INFO_NUM
		                                                      AND X.RECEIVE_STS_CD = '20'
		                                                      AND ROWNUM = 1)
		                   ELSE                                   '|00|' END
		              FROM C11.C1BT_REQ_INFO A
		             WHERE REQ_INFO_NUM = A.USE_CONT_NUM),   '|00|')
		         ELSE NULL END) AS PAY_METHOD_NM,
		       D.CURR_ADDR_UNION
		  FROM C11.C1BT_USE_CONT A,
		       C11.C1AT_CUST_INFO B,
		       C31.C3AT_INST_PLACE D
		 WHERE A.CUST_NUM = B.CUST_NUM
		   AND A.INST_PLACE_NUM = D.INST_PLACE_NUM
		   AND A.CONT_STS_CD <> 30
		   AND A.USE_CONT_NUM = #{useContNum}
	]]></select>
	<select id="selectUseContAllByUseContNum" resultType="scg.c24.biz.db.shc.model.SHCUseContAll"><![CDATA[
		SELECT DEFRAY_ACCOUNT_NUM,
		       CUST_NUM,
		       REQ_INFO_NUM,
		       REQ_YMD,
		       BNK_CD,
		       (SELECT TRAN_FLAG
		          FROM C11.C1AT_TRANS_ACNT X
		         WHERE X.DEFRAY_ACCOUNT_NUM = A.DEFRAY_ACCOUNT_NUM
		           AND X.CUST_NUM = A.CUST_NUM) TRAN_FLAG
		  FROM C11.C1BT_USE_CONT_TRANS A
		 WHERE CUST_NUM = (SELECT CUST_NUM
		          FROM C11.C1BT_USE_CONT
		         WHERE USE_CONT_NUM = #{useContNum})
		   AND RECEIVE_STS_CD IN ('10', '20')
		   AND CNL_YMD = '99991231'
	]]></select>
	<select id="selectUseContCheck" resultType="scg.c24.biz.db.shc.model.SHCUseContCheck"><![CDATA[
		SELECT DECODE(A.CONT_STS_CD , '30', '0', '1')                            CHK_1,
		       NVL2  (B.REQ_INFO_NUM,       '0', '1')                            CHK_2,
		       (CASE WHEN A.CUST_NUM LIKE  '0%' THEN '0' ELSE '1' END)           CHK_3,
		       NVL(C21.PKS_C2_FUNC_4.FUNC_GET_PAY_INF(A.USE_CONT_NUM, '7'), '0') CHK_4
		  FROM C11.C1BT_USE_CONT       A LEFT OUTER JOIN
		       C11.C1BT_USE_CONT_TRANS B ON ( A.USE_CONT_NUM       = B.REQ_INFO_NUM
		                                  AND B.DEFRAY_ACCOUNT_NUM = #{cardNum}
		                                  AND B.REQ_YMD            = #{reqYmd} )
		 WHERE A.USE_CONT_NUM = #{useContNum}
	]]></select>
	<select id="selectUseContCheck10" resultType="scg.c24.biz.db.shc.model.SHCUseContCheck"><![CDATA[
		SELECT NVL2(B.REQ_INFO_NUM, '1', '0') AS CHK_1,
		       C.PAY_METHOD_CD
		  FROM C11.C1BT_USE_CONT       A LEFT OUTER JOIN
		       C11.C1BT_USE_CONT_TRANS B ON ( A.USE_CONT_NUM        = B.REQ_INFO_NUM
		                                  AND B.BNK_CD              = #{bnkCd}
		                                  AND B.RECEIVE_STS_CD     IN ('10', '20')
		                                  AND ROWNUM = 1)
		                                 LEFT OUTER JOIN
		       C11.C1BT_REQ_INFO       C ON ( A.USE_CONT_NUM        = C.REQ_INFO_NUM )
		 WHERE A.USE_CONT_NUM = #{useContNum}
	]]></select>
	<select id="selectUseContCheck40" resultType="scg.c24.biz.db.shc.model.SHCUseContCheck"><![CDATA[
		SELECT NVL2(B.REQ_INFO_NUM, '1', '0') AS CHK_1,
		       C.PAY_METHOD_CD
		  FROM C11.C1BT_USE_CONT       A LEFT OUTER JOIN
		       C11.C1BT_USE_CONT_TRANS B ON ( A.USE_CONT_NUM        = B.REQ_INFO_NUM
		                                  AND B.RECEIVE_STS_CD     IN ('10', '20')
		                                  AND ROWNUM = 1)
		                                 LEFT OUTER JOIN
		       C11.C1BT_REQ_INFO       C ON ( A.USE_CONT_NUM        = C.REQ_INFO_NUM )
		 WHERE A.USE_CONT_NUM = #{useContNum}
	]]></select>
	<select id="selectUseContTrans" resultType="scg.c24.biz.db.shc.model.SHCUseContTrans"><![CDATA[
		SELECT A.CUST_NUM,
		       B.DEFRAY_ACCOUNT_NUM,
		       B.REQ_INFO_NUM,
		       B.REQ_YMD,
		       CASE WHEN B.BNK_CD = #{bnkCd} THEN '2' ELSE '1'          END TREAT_FLAG,
		       CASE WHEN B.DEFRAY_ACCOUNT_NUM IS NULL THEN 'N' ELSE 'Y' END TRANS_YN,
		       C21.PKS_C2_FUNC_4.FUNC_GET_C1_ORIG_APPLY_YMD(A.USE_CONT_NUM) APPLY_YMD
		  FROM C11.C1BT_USE_CONT A LEFT OUTER JOIN
		       C11.C1BT_USE_CONT_TRANS B ON ( A.REQ_INFO_NUM    = B.REQ_INFO_NUM
		                                  AND A.CUST_NUM        = B.CUST_NUM
		                                  AND B.RECEIVE_STS_CD IN ('10', '20')
		                                  AND B.CNL_YMD         = '99991231' )
		 WHERE A.USE_CONT_NUM = #{useContNum}
	]]></select>
	<update id="mergeEbpp" parameterType="scg.c24.biz.db.gen.model.C2dtEbppAutoCnl"><![CDATA[
		MERGE
		  INTO C21.C2DT_EBPP_AUTO_CNL A USING DUAL ON ( A.JOB_ID       = #{jobId})
		                                            AND A.REQ_YMD      = #{reqYmd}
		                                            AND A.USE_CONT_NUM = #{useContNum}
		                                            AND A.REQ_FLAG     = #{regFlag})
		       WHEN MATCHED THEN
		UPDATE
		   SET A.UPD_DTM      = #{updDtm},
		       A.UPD_EMPID    = #{updEmpid},
		       A.UPD_IP       = #{updIp},
		       A.RECEIVE_FLAG = #{receiveFlag}
		       WHEN NOT MATCHED THEN
		INSERT(        A.JOB_ID,
		               A.REQ_YMD,
		               A.USE_CONT_NUM,
		               A.REQ_FLAG,
		               A.CREATE_YMD,
		               A.CRT_TIME,
		               A.RECEIVE_FLAG,
		               A.CRT_IP,
		               A.CRT_EMPID)
		VALUES(        #{jobId},
		               #{reqYmd},
		               #{useContNum},
		               #{regFlag},
		               #{createYmd},
		               #{crtTime},
		               #{receiveFlag},
		               #{crtIp},
		               #{crtEmpid})
	]]></update>
</mapper>