<?xml version="1.0" encoding="UTF-8"?>
<!DOCTYPE configuration>
<configuration>

	<property resource="application.properties" />
	<property scope="context" name="uid" value="${card.uid}" />
	<property scope="context" name="card.log.pfx"
		value="${catalina.base}/logs/${uid}/${uid}-" />

	<include resource="org/springframework/boot/logging/logback/base.xml" />

	<appender name="ROOT"
		class="ch.qos.logback.core.rolling.RollingFileAppender">
		<prudent>true</prudent>
		<rollingPolicy class="ch.qos.logback.core.rolling.TimeBasedRollingPolicy">
			<fileNamePattern>${card.log.pfx}_ROOT.%d{yyyy-MM-dd}.log</fileNamePattern>
			<maxHistory>30</maxHistory>
		</rollingPolicy>
		<filter class="ch.qos.logback.classic.filter.ThresholdFilter">
			<level>INFO</level>
		</filter>
		<encoder>
			<charset>MS949</charset>
			<pattern><![CDATA[%d{yyyy:MM:dd HH:mm:ss.SSS} %-5level [%thread] %logger{35}: %msg %n]]></pattern>
		</encoder>
	</appender>

	<appender name="scg.c24"
		class="ch.qos.logback.core.rolling.RollingFileAppender">
		<prudent>true</prudent>
		<rollingPolicy class="ch.qos.logback.core.rolling.TimeBasedRollingPolicy">
			<fileNamePattern>${card.log.pfx}scg.c24.%d{yyyy-MM-dd}.log</fileNamePattern>
			<maxHistory>30</maxHistory>
		</rollingPolicy>
		<filter class="ch.qos.logback.classic.filter.ThresholdFilter">
			<level>INFO</level>
		</filter>
		<encoder>
			<charset>MS949</charset>
			<pattern><![CDATA[%d{yyyy:MM:dd HH:mm:ss.SSS} %-5level [%thread] %logger{35}: %msg %n]]></pattern>
		</encoder>
	</appender>

	<appender name="scg.c24.biz"
		class="ch.qos.logback.core.rolling.RollingFileAppender">
		<prudent>true</prudent>
		<rollingPolicy class="ch.qos.logback.core.rolling.TimeBasedRollingPolicy">
			<fileNamePattern>${card.log.pfx}scg.c24.biz.%d{yyyy-MM-dd}.log</fileNamePattern>
			<maxHistory>30</maxHistory>
		</rollingPolicy>
		<filter class="ch.qos.logback.classic.filter.ThresholdFilter">
			<level>INFO</level>
		</filter>
		<encoder>
			<charset>MS949</charset>
			<pattern><![CDATA[%d{yyyy:MM:dd HH:mm:ss.SSS} %-5level [%thread] %logger{35}: %msg %n]]></pattern>
		</encoder>
	</appender>

	<appender name="scg.c24.data"
		class="ch.qos.logback.core.rolling.RollingFileAppender">
		<prudent>true</prudent>
		<rollingPolicy class="ch.qos.logback.core.rolling.TimeBasedRollingPolicy">
			<fileNamePattern>${card.log.pfx}scg.c24.data.%d{yyyy-MM-dd}.log</fileNamePattern>
			<maxHistory>30</maxHistory>
		</rollingPolicy>
		<filter class="ch.qos.logback.classic.filter.ThresholdFilter">
			<level>INFO</level>
		</filter>
		<encoder>
			<charset>MS949</charset>
			<pattern><![CDATA[%d{yyyy:MM:dd HH:mm:ss.SSS} %-5level [%thread] %logger{35}: %msg %n]]></pattern>
		</encoder>
	</appender>

	<appender name="scg.c24.job"
		class="ch.qos.logback.core.rolling.RollingFileAppender">
		<prudent>true</prudent>
		<rollingPolicy class="ch.qos.logback.core.rolling.TimeBasedRollingPolicy">
			<fileNamePattern>${card.log.pfx}scg.c24.job.%d{yyyy-MM-dd}.log</fileNamePattern>
			<maxHistory>30</maxHistory>
		</rollingPolicy>
		<filter class="ch.qos.logback.classic.filter.ThresholdFilter">
			<level>INFO</level>
		</filter>
		<encoder>
			<charset>MS949</charset>
			<pattern><![CDATA[%d{yyyy:MM:dd HH:mm:ss.SSS} %-5level [%thread] %logger{35}: %msg %n]]></pattern>
		</encoder>
	</appender>

	<appender name="scg.c24.mis"
		class="ch.qos.logback.core.rolling.RollingFileAppender">
		<prudent>true</prudent>
		<rollingPolicy class="ch.qos.logback.core.rolling.TimeBasedRollingPolicy">
			<fileNamePattern>${card.log.pfx}scg.c24.mis.%d{yyyy-MM-dd}.log</fileNamePattern>
			<maxHistory>30</maxHistory>
		</rollingPolicy>
		<filter class="ch.qos.logback.classic.filter.ThresholdFilter">
			<level>INFO</level>
		</filter>
		<encoder>
			<charset>MS949</charset>
			<pattern><![CDATA[%d{yyyy:MM:dd HH:mm:ss.SSS} %-5level [%thread] %logger{35}: %msg %n]]></pattern>
		</encoder>
	</appender>

	<appender name="scg.c24.net"
		class="ch.qos.logback.core.rolling.RollingFileAppender">
		<prudent>true</prudent>
		<rollingPolicy class="ch.qos.logback.core.rolling.TimeBasedRollingPolicy">
			<fileNamePattern>${card.log.pfx}scg.c24.net.%d{yyyy-MM-dd}.log</fileNamePattern>
			<maxHistory>30</maxHistory>
		</rollingPolicy>
		<filter class="ch.qos.logback.classic.filter.ThresholdFilter">
			<level>INFO</level>
		</filter>
		<encoder>
			<charset>MS949</charset>
			<pattern><![CDATA[%d{yyyy:MM:dd HH:mm:ss.SSS} %-5level [%thread] %logger{35}: %msg %n]]></pattern>
		</encoder>
	</appender>

	<logger name="org.apache" level="INFO" />
	<logger name="org.springframework" level="INFO" />
	<logger name="org.quartz.core" level="INFO" />

	<logger name="scg.c24" level="INFO" additivity="true">
		<appender-ref ref="ROOT" />
		<appender-ref ref="scg.c24" />
	</logger>
	<logger name="scg.c24.biz" level="INFO" additivity="true">
		<appender-ref ref="ROOT" />
		<appender-ref ref="scg.c24.biz" />
	</logger>

	<logger name="scg.c24.data" level="INFO" additivity="true">
		<appender-ref ref="ROOT" />
		<appender-ref ref="scg.c24.data" />
	</logger>
	<logger name="scg.c24.job" level="INFO" additivity="true">
		<appender-ref ref="ROOT" />
		<appender-ref ref="scg.c24.job" />
	</logger>
	<logger name="scg.c24.mis" level="INFO" additivity="true">
		<appender-ref ref="ROOT" />
		<appender-ref ref="scg.c24.mis" />
	</logger>
	<logger name="scg.c24.net" level="INFO" additivity="true">
		<appender-ref ref="ROOT" />
		<appender-ref ref="scg.c24.net" />
	</logger>

	<root level="INFO">
		<appender-ref ref="ROOT" />
	</root>

</configuration>