<?xml version="1.0" encoding="UTF-8"?>
<!DOCTYPE mapper PUBLIC "-//mybatis.org//DTD Mapper 3.0//EN" "http://mybatis.org/dtd/mybatis-3-mapper.dtd">
<mapper namespace="scg.c24.biz.db.gen.model.A1atZipMapper">
  <resultMap id="BaseResultMap" type="scg.c24.biz.db.gen.model.A1atZip">
    <!--
      WARNING - @mbg.generated
      This element is automatically generated by MyBatis Generator, do not modify.
      This element was generated on Thu Sep 22 18:10:50 KST 2016.
    -->
    <id column="ZIP_SEQ" jdbcType="CHAR" property="zipSeq" />
    <result column="UPD_DTM" jdbcType="TIMESTAMP" property="updDtm" />
    <result column="UPD_EMPID" jdbcType="CHAR" property="updEmpid" />
    <result column="UPD_IP" jdbcType="VARCHAR" property="updIp" />
    <result column="CRT_DTM" jdbcType="TIMESTAMP" property="crtDtm" />
    <result column="CRT_EMPID" jdbcType="CHAR" property="crtEmpid" />
    <result column="CRT_IP" jdbcType="VARCHAR" property="crtIp" />
    <result column="ZIP_NO1" jdbcType="CHAR" property="zipNo1" />
    <result column="ZIP_NO2" jdbcType="CHAR" property="zipNo2" />
    <result column="ZIP_NO3" jdbcType="CHAR" property="zipNo3" />
    <result column="CITY" jdbcType="VARCHAR" property="city" />
    <result column="COUNTY" jdbcType="VARCHAR" property="county" />
    <result column="TOWN" jdbcType="VARCHAR" property="town" />
    <result column="VILLAGE" jdbcType="VARCHAR" property="village" />
    <result column="ISLANDS" jdbcType="VARCHAR" property="islands" />
    <result column="HILL" jdbcType="VARCHAR" property="hill" />
    <result column="ADDR1_M" jdbcType="VARCHAR" property="addr1M" />
    <result column="ADDR1_S" jdbcType="VARCHAR" property="addr1S" />
    <result column="ADDR2_M" jdbcType="VARCHAR" property="addr2M" />
    <result column="ADDR2_S" jdbcType="VARCHAR" property="addr2S" />
    <result column="BUILDING" jdbcType="VARCHAR" property="building" />
    <result column="AREA1" jdbcType="VARCHAR" property="area1" />
    <result column="AREA2" jdbcType="VARCHAR" property="area2" />
    <result column="ADDRESS" jdbcType="VARCHAR" property="address" />
    <result column="S1_ZIP_NO1" jdbcType="CHAR" property="s1ZipNo1" />
    <result column="S1_ZIP_NO2" jdbcType="CHAR" property="s1ZipNo2" />
    <result column="S1_ZIP_NO3" jdbcType="CHAR" property="s1ZipNo3" />
    <result column="S2_ZIP_NO1" jdbcType="CHAR" property="s2ZipNo1" />
    <result column="S2_ZIP_NO2" jdbcType="CHAR" property="s2ZipNo2" />
    <result column="S2_ZIP_NO3" jdbcType="CHAR" property="s2ZipNo3" />
    <result column="CENTER_CD" jdbcType="CHAR" property="centerCd" />
    <result column="TREAT_FLAG" jdbcType="CHAR" property="treatFlag" />
    <result column="ZIP_NO_OLD" jdbcType="VARCHAR" property="zipNoOld" />
    <result column="LAW_ADDR_CD" jdbcType="CHAR" property="lawAddrCd" />
    <result column="LAW_TOWN" jdbcType="VARCHAR" property="lawTown" />
  </resultMap>
  <sql id="Example_Where_Clause">
    <!--
      WARNING - @mbg.generated
      This element is automatically generated by MyBatis Generator, do not modify.
      This element was generated on Thu Sep 22 18:10:50 KST 2016.
    -->
    <where>
      <foreach collection="oredCriteria" item="criteria" separator="or">
        <if test="criteria.valid">
          <trim prefix="(" prefixOverrides="and" suffix=")">
            <foreach collection="criteria.criteria" item="criterion">
              <choose>
                <when test="criterion.noValue">
                  and ${criterion.condition}
                </when>
                <when test="criterion.singleValue">
                  and ${criterion.condition} #{criterion.value}
                </when>
                <when test="criterion.betweenValue">
                  and ${criterion.condition} #{criterion.value} and #{criterion.secondValue}
                </when>
                <when test="criterion.listValue">
                  and ${criterion.condition}
                  <foreach close=")" collection="criterion.value" item="listItem" open="(" separator=",">
                    #{listItem}
                  </foreach>
                </when>
              </choose>
            </foreach>
          </trim>
        </if>
      </foreach>
    </where>
  </sql>
  <sql id="Update_By_Example_Where_Clause">
    <!--
      WARNING - @mbg.generated
      This element is automatically generated by MyBatis Generator, do not modify.
      This element was generated on Thu Sep 22 18:10:50 KST 2016.
    -->
    <where>
      <foreach collection="example.oredCriteria" item="criteria" separator="or">
        <if test="criteria.valid">
          <trim prefix="(" prefixOverrides="and" suffix=")">
            <foreach collection="criteria.criteria" item="criterion">
              <choose>
                <when test="criterion.noValue">
                  and ${criterion.condition}
                </when>
                <when test="criterion.singleValue">
                  and ${criterion.condition} #{criterion.value}
                </when>
                <when test="criterion.betweenValue">
                  and ${criterion.condition} #{criterion.value} and #{criterion.secondValue}
                </when>
                <when test="criterion.listValue">
                  and ${criterion.condition}
                  <foreach close=")" collection="criterion.value" item="listItem" open="(" separator=",">
                    #{listItem}
                  </foreach>
                </when>
              </choose>
            </foreach>
          </trim>
        </if>
      </foreach>
    </where>
  </sql>
  <sql id="Base_Column_List">
    <!--
      WARNING - @mbg.generated
      This element is automatically generated by MyBatis Generator, do not modify.
      This element was generated on Thu Sep 22 18:10:50 KST 2016.
    -->
    ZIP_SEQ, UPD_DTM, UPD_EMPID, UPD_IP, CRT_DTM, CRT_EMPID, CRT_IP, ZIP_NO1, ZIP_NO2, 
    ZIP_NO3, CITY, COUNTY, TOWN, VILLAGE, ISLANDS, HILL, ADDR1_M, ADDR1_S, ADDR2_M, ADDR2_S, 
    BUILDING, AREA1, AREA2, ADDRESS, S1_ZIP_NO1, S1_ZIP_NO2, S1_ZIP_NO3, S2_ZIP_NO1, 
    S2_ZIP_NO2, S2_ZIP_NO3, CENTER_CD, TREAT_FLAG, ZIP_NO_OLD, LAW_ADDR_CD, LAW_TOWN
  </sql>
  <select id="selectByExample" parameterType="scg.c24.biz.db.gen.model.A1atZipExample" resultMap="BaseResultMap">
    <!--
      WARNING - @mbg.generated
      This element is automatically generated by MyBatis Generator, do not modify.
      This element was generated on Thu Sep 22 18:10:50 KST 2016.
    -->
    select
    <if test="distinct">
      distinct
    </if>
    <include refid="Base_Column_List" />
    from A11.A1AT_ZIP
    <if test="_parameter != null">
      <include refid="Example_Where_Clause" />
    </if>
    <if test="orderByClause != null">
      order by ${orderByClause}
    </if>
  </select>
  <select id="selectByPrimaryKey" parameterType="java.lang.String" resultMap="BaseResultMap">
    <!--
      WARNING - @mbg.generated
      This element is automatically generated by MyBatis Generator, do not modify.
      This element was generated on Thu Sep 22 18:10:50 KST 2016.
    -->
    select 
    <include refid="Base_Column_List" />
    from A11.A1AT_ZIP
    where ZIP_SEQ = #{zipSeq,jdbcType=CHAR}
  </select>
  <delete id="deleteByPrimaryKey" parameterType="java.lang.String">
    <!--
      WARNING - @mbg.generated
      This element is automatically generated by MyBatis Generator, do not modify.
      This element was generated on Thu Sep 22 18:10:50 KST 2016.
    -->
    delete from A11.A1AT_ZIP
    where ZIP_SEQ = #{zipSeq,jdbcType=CHAR}
  </delete>
  <delete id="deleteByExample" parameterType="scg.c24.biz.db.gen.model.A1atZipExample">
    <!--
      WARNING - @mbg.generated
      This element is automatically generated by MyBatis Generator, do not modify.
      This element was generated on Thu Sep 22 18:10:50 KST 2016.
    -->
    delete from A11.A1AT_ZIP
    <if test="_parameter != null">
      <include refid="Example_Where_Clause" />
    </if>
  </delete>
  <insert id="insert" parameterType="scg.c24.biz.db.gen.model.A1atZip">
    <!--
      WARNING - @mbg.generated
      This element is automatically generated by MyBatis Generator, do not modify.
      This element was generated on Thu Sep 22 18:10:50 KST 2016.
    -->
    insert into A11.A1AT_ZIP (ZIP_SEQ, UPD_DTM, UPD_EMPID, 
      UPD_IP, CRT_DTM, CRT_EMPID, 
      CRT_IP, ZIP_NO1, ZIP_NO2, ZIP_NO3, 
      CITY, COUNTY, TOWN, 
      VILLAGE, ISLANDS, HILL, 
      ADDR1_M, ADDR1_S, ADDR2_M, 
      ADDR2_S, BUILDING, AREA1, 
      AREA2, ADDRESS, S1_ZIP_NO1, 
      S1_ZIP_NO2, S1_ZIP_NO3, S2_ZIP_NO1, 
      S2_ZIP_NO2, S2_ZIP_NO3, CENTER_CD, 
      TREAT_FLAG, ZIP_NO_OLD, LAW_ADDR_CD, 
      LAW_TOWN)
    values (#{zipSeq,jdbcType=CHAR}, #{updDtm,jdbcType=TIMESTAMP}, #{updEmpid,jdbcType=CHAR}, 
      #{updIp,jdbcType=VARCHAR}, #{crtDtm,jdbcType=TIMESTAMP}, #{crtEmpid,jdbcType=CHAR}, 
      #{crtIp,jdbcType=VARCHAR}, #{zipNo1,jdbcType=CHAR}, #{zipNo2,jdbcType=CHAR}, #{zipNo3,jdbcType=CHAR}, 
      #{city,jdbcType=VARCHAR}, #{county,jdbcType=VARCHAR}, #{town,jdbcType=VARCHAR}, 
      #{village,jdbcType=VARCHAR}, #{islands,jdbcType=VARCHAR}, #{hill,jdbcType=VARCHAR}, 
      #{addr1M,jdbcType=VARCHAR}, #{addr1S,jdbcType=VARCHAR}, #{addr2M,jdbcType=VARCHAR}, 
      #{addr2S,jdbcType=VARCHAR}, #{building,jdbcType=VARCHAR}, #{area1,jdbcType=VARCHAR}, 
      #{area2,jdbcType=VARCHAR}, #{address,jdbcType=VARCHAR}, #{s1ZipNo1,jdbcType=CHAR}, 
      #{s1ZipNo2,jdbcType=CHAR}, #{s1ZipNo3,jdbcType=CHAR}, #{s2ZipNo1,jdbcType=CHAR}, 
      #{s2ZipNo2,jdbcType=CHAR}, #{s2ZipNo3,jdbcType=CHAR}, #{centerCd,jdbcType=CHAR}, 
      #{treatFlag,jdbcType=CHAR}, #{zipNoOld,jdbcType=VARCHAR}, #{lawAddrCd,jdbcType=CHAR}, 
      #{lawTown,jdbcType=VARCHAR})
  </insert>
  <insert id="insertSelective" parameterType="scg.c24.biz.db.gen.model.A1atZip">
    <!--
      WARNING - @mbg.generated
      This element is automatically generated by MyBatis Generator, do not modify.
      This element was generated on Thu Sep 22 18:10:50 KST 2016.
    -->
    insert into A11.A1AT_ZIP
    <trim prefix="(" suffix=")" suffixOverrides=",">
      <if test="zipSeq != null">
        ZIP_SEQ,
      </if>
      <if test="updDtm != null">
        UPD_DTM,
      </if>
      <if test="updEmpid != null">
        UPD_EMPID,
      </if>
      <if test="updIp != null">
        UPD_IP,
      </if>
      <if test="crtDtm != null">
        CRT_DTM,
      </if>
      <if test="crtEmpid != null">
        CRT_EMPID,
      </if>
      <if test="crtIp != null">
        CRT_IP,
      </if>
      <if test="zipNo1 != null">
        ZIP_NO1,
      </if>
      <if test="zipNo2 != null">
        ZIP_NO2,
      </if>
      <if test="zipNo3 != null">
        ZIP_NO3,
      </if>
      <if test="city != null">
        CITY,
      </if>
      <if test="county != null">
        COUNTY,
      </if>
      <if test="town != null">
        TOWN,
      </if>
      <if test="village != null">
        VILLAGE,
      </if>
      <if test="islands != null">
        ISLANDS,
      </if>
      <if test="hill != null">
        HILL,
      </if>
      <if test="addr1M != null">
        ADDR1_M,
      </if>
      <if test="addr1S != null">
        ADDR1_S,
      </if>
      <if test="addr2M != null">
        ADDR2_M,
      </if>
      <if test="addr2S != null">
        ADDR2_S,
      </if>
      <if test="building != null">
        BUILDING,
      </if>
      <if test="area1 != null">
        AREA1,
      </if>
      <if test="area2 != null">
        AREA2,
      </if>
      <if test="address != null">
        ADDRESS,
      </if>
      <if test="s1ZipNo1 != null">
        S1_ZIP_NO1,
      </if>
      <if test="s1ZipNo2 != null">
        S1_ZIP_NO2,
      </if>
      <if test="s1ZipNo3 != null">
        S1_ZIP_NO3,
      </if>
      <if test="s2ZipNo1 != null">
        S2_ZIP_NO1,
      </if>
      <if test="s2ZipNo2 != null">
        S2_ZIP_NO2,
      </if>
      <if test="s2ZipNo3 != null">
        S2_ZIP_NO3,
      </if>
      <if test="centerCd != null">
        CENTER_CD,
      </if>
      <if test="treatFlag != null">
        TREAT_FLAG,
      </if>
      <if test="zipNoOld != null">
        ZIP_NO_OLD,
      </if>
      <if test="lawAddrCd != null">
        LAW_ADDR_CD,
      </if>
      <if test="lawTown != null">
        LAW_TOWN,
      </if>
    </trim>
    <trim prefix="values (" suffix=")" suffixOverrides=",">
      <if test="zipSeq != null">
        #{zipSeq,jdbcType=CHAR},
      </if>
      <if test="updDtm != null">
        #{updDtm,jdbcType=TIMESTAMP},
      </if>
      <if test="updEmpid != null">
        #{updEmpid,jdbcType=CHAR},
      </if>
      <if test="updIp != null">
        #{updIp,jdbcType=VARCHAR},
      </if>
      <if test="crtDtm != null">
        #{crtDtm,jdbcType=TIMESTAMP},
      </if>
      <if test="crtEmpid != null">
        #{crtEmpid,jdbcType=CHAR},
      </if>
      <if test="crtIp != null">
        #{crtIp,jdbcType=VARCHAR},
      </if>
      <if test="zipNo1 != null">
        #{zipNo1,jdbcType=CHAR},
      </if>
      <if test="zipNo2 != null">
        #{zipNo2,jdbcType=CHAR},
      </if>
      <if test="zipNo3 != null">
        #{zipNo3,jdbcType=CHAR},
      </if>
      <if test="city != null">
        #{city,jdbcType=VARCHAR},
      </if>
      <if test="county != null">
        #{county,jdbcType=VARCHAR},
      </if>
      <if test="town != null">
        #{town,jdbcType=VARCHAR},
      </if>
      <if test="village != null">
        #{village,jdbcType=VARCHAR},
      </if>
      <if test="islands != null">
        #{islands,jdbcType=VARCHAR},
      </if>
      <if test="hill != null">
        #{hill,jdbcType=VARCHAR},
      </if>
      <if test="addr1M != null">
        #{addr1M,jdbcType=VARCHAR},
      </if>
      <if test="addr1S != null">
        #{addr1S,jdbcType=VARCHAR},
      </if>
      <if test="addr2M != null">
        #{addr2M,jdbcType=VARCHAR},
      </if>
      <if test="addr2S != null">
        #{addr2S,jdbcType=VARCHAR},
      </if>
      <if test="building != null">
        #{building,jdbcType=VARCHAR},
      </if>
      <if test="area1 != null">
        #{area1,jdbcType=VARCHAR},
      </if>
      <if test="area2 != null">
        #{area2,jdbcType=VARCHAR},
      </if>
      <if test="address != null">
        #{address,jdbcType=VARCHAR},
      </if>
      <if test="s1ZipNo1 != null">
        #{s1ZipNo1,jdbcType=CHAR},
      </if>
      <if test="s1ZipNo2 != null">
        #{s1ZipNo2,jdbcType=CHAR},
      </if>
      <if test="s1ZipNo3 != null">
        #{s1ZipNo3,jdbcType=CHAR},
      </if>
      <if test="s2ZipNo1 != null">
        #{s2ZipNo1,jdbcType=CHAR},
      </if>
      <if test="s2ZipNo2 != null">
        #{s2ZipNo2,jdbcType=CHAR},
      </if>
      <if test="s2ZipNo3 != null">
        #{s2ZipNo3,jdbcType=CHAR},
      </if>
      <if test="centerCd != null">
        #{centerCd,jdbcType=CHAR},
      </if>
      <if test="treatFlag != null">
        #{treatFlag,jdbcType=CHAR},
      </if>
      <if test="zipNoOld != null">
        #{zipNoOld,jdbcType=VARCHAR},
      </if>
      <if test="lawAddrCd != null">
        #{lawAddrCd,jdbcType=CHAR},
      </if>
      <if test="lawTown != null">
        #{lawTown,jdbcType=VARCHAR},
      </if>
    </trim>
  </insert>
  <select id="countByExample" parameterType="scg.c24.biz.db.gen.model.A1atZipExample" resultType="java.lang.Long">
    <!--
      WARNING - @mbg.generated
      This element is automatically generated by MyBatis Generator, do not modify.
      This element was generated on Thu Sep 22 18:10:50 KST 2016.
    -->
    select count(*) from A11.A1AT_ZIP
    <if test="_parameter != null">
      <include refid="Example_Where_Clause" />
    </if>
  </select>
  <update id="updateByExampleSelective" parameterType="map">
    <!--
      WARNING - @mbg.generated
      This element is automatically generated by MyBatis Generator, do not modify.
      This element was generated on Thu Sep 22 18:10:50 KST 2016.
    -->
    update A11.A1AT_ZIP
    <set>
      <if test="record.zipSeq != null">
        ZIP_SEQ = #{record.zipSeq,jdbcType=CHAR},
      </if>
      <if test="record.updDtm != null">
        UPD_DTM = #{record.updDtm,jdbcType=TIMESTAMP},
      </if>
      <if test="record.updEmpid != null">
        UPD_EMPID = #{record.updEmpid,jdbcType=CHAR},
      </if>
      <if test="record.updIp != null">
        UPD_IP = #{record.updIp,jdbcType=VARCHAR},
      </if>
      <if test="record.crtDtm != null">
        CRT_DTM = #{record.crtDtm,jdbcType=TIMESTAMP},
      </if>
      <if test="record.crtEmpid != null">
        CRT_EMPID = #{record.crtEmpid,jdbcType=CHAR},
      </if>
      <if test="record.crtIp != null">
        CRT_IP = #{record.crtIp,jdbcType=VARCHAR},
      </if>
      <if test="record.zipNo1 != null">
        ZIP_NO1 = #{record.zipNo1,jdbcType=CHAR},
      </if>
      <if test="record.zipNo2 != null">
        ZIP_NO2 = #{record.zipNo2,jdbcType=CHAR},
      </if>
      <if test="record.zipNo3 != null">
        ZIP_NO3 = #{record.zipNo3,jdbcType=CHAR},
      </if>
      <if test="record.city != null">
        CITY = #{record.city,jdbcType=VARCHAR},
      </if>
      <if test="record.county != null">
        COUNTY = #{record.county,jdbcType=VARCHAR},
      </if>
      <if test="record.town != null">
        TOWN = #{record.town,jdbcType=VARCHAR},
      </if>
      <if test="record.village != null">
        VILLAGE = #{record.village,jdbcType=VARCHAR},
      </if>
      <if test="record.islands != null">
        ISLANDS = #{record.islands,jdbcType=VARCHAR},
      </if>
      <if test="record.hill != null">
        HILL = #{record.hill,jdbcType=VARCHAR},
      </if>
      <if test="record.addr1M != null">
        ADDR1_M = #{record.addr1M,jdbcType=VARCHAR},
      </if>
      <if test="record.addr1S != null">
        ADDR1_S = #{record.addr1S,jdbcType=VARCHAR},
      </if>
      <if test="record.addr2M != null">
        ADDR2_M = #{record.addr2M,jdbcType=VARCHAR},
      </if>
      <if test="record.addr2S != null">
        ADDR2_S = #{record.addr2S,jdbcType=VARCHAR},
      </if>
      <if test="record.building != null">
        BUILDING = #{record.building,jdbcType=VARCHAR},
      </if>
      <if test="record.area1 != null">
        AREA1 = #{record.area1,jdbcType=VARCHAR},
      </if>
      <if test="record.area2 != null">
        AREA2 = #{record.area2,jdbcType=VARCHAR},
      </if>
      <if test="record.address != null">
        ADDRESS = #{record.address,jdbcType=VARCHAR},
      </if>
      <if test="record.s1ZipNo1 != null">
        S1_ZIP_NO1 = #{record.s1ZipNo1,jdbcType=CHAR},
      </if>
      <if test="record.s1ZipNo2 != null">
        S1_ZIP_NO2 = #{record.s1ZipNo2,jdbcType=CHAR},
      </if>
      <if test="record.s1ZipNo3 != null">
        S1_ZIP_NO3 = #{record.s1ZipNo3,jdbcType=CHAR},
      </if>
      <if test="record.s2ZipNo1 != null">
        S2_ZIP_NO1 = #{record.s2ZipNo1,jdbcType=CHAR},
      </if>
      <if test="record.s2ZipNo2 != null">
        S2_ZIP_NO2 = #{record.s2ZipNo2,jdbcType=CHAR},
      </if>
      <if test="record.s2ZipNo3 != null">
        S2_ZIP_NO3 = #{record.s2ZipNo3,jdbcType=CHAR},
      </if>
      <if test="record.centerCd != null">
        CENTER_CD = #{record.centerCd,jdbcType=CHAR},
      </if>
      <if test="record.treatFlag != null">
        TREAT_FLAG = #{record.treatFlag,jdbcType=CHAR},
      </if>
      <if test="record.zipNoOld != null">
        ZIP_NO_OLD = #{record.zipNoOld,jdbcType=VARCHAR},
      </if>
      <if test="record.lawAddrCd != null">
        LAW_ADDR_CD = #{record.lawAddrCd,jdbcType=CHAR},
      </if>
      <if test="record.lawTown != null">
        LAW_TOWN = #{record.lawTown,jdbcType=VARCHAR},
      </if>
    </set>
    <if test="_parameter != null">
      <include refid="Update_By_Example_Where_Clause" />
    </if>
  </update>
  <update id="updateByExample" parameterType="map">
    <!--
      WARNING - @mbg.generated
      This element is automatically generated by MyBatis Generator, do not modify.
      This element was generated on Thu Sep 22 18:10:50 KST 2016.
    -->
    update A11.A1AT_ZIP
    set ZIP_SEQ = #{record.zipSeq,jdbcType=CHAR},
      UPD_DTM = #{record.updDtm,jdbcType=TIMESTAMP},
      UPD_EMPID = #{record.updEmpid,jdbcType=CHAR},
      UPD_IP = #{record.updIp,jdbcType=VARCHAR},
      CRT_DTM = #{record.crtDtm,jdbcType=TIMESTAMP},
      CRT_EMPID = #{record.crtEmpid,jdbcType=CHAR},
      CRT_IP = #{record.crtIp,jdbcType=VARCHAR},
      ZIP_NO1 = #{record.zipNo1,jdbcType=CHAR},
      ZIP_NO2 = #{record.zipNo2,jdbcType=CHAR},
      ZIP_NO3 = #{record.zipNo3,jdbcType=CHAR},
      CITY = #{record.city,jdbcType=VARCHAR},
      COUNTY = #{record.county,jdbcType=VARCHAR},
      TOWN = #{record.town,jdbcType=VARCHAR},
      VILLAGE = #{record.village,jdbcType=VARCHAR},
      ISLANDS = #{record.islands,jdbcType=VARCHAR},
      HILL = #{record.hill,jdbcType=VARCHAR},
      ADDR1_M = #{record.addr1M,jdbcType=VARCHAR},
      ADDR1_S = #{record.addr1S,jdbcType=VARCHAR},
      ADDR2_M = #{record.addr2M,jdbcType=VARCHAR},
      ADDR2_S = #{record.addr2S,jdbcType=VARCHAR},
      BUILDING = #{record.building,jdbcType=VARCHAR},
      AREA1 = #{record.area1,jdbcType=VARCHAR},
      AREA2 = #{record.area2,jdbcType=VARCHAR},
      ADDRESS = #{record.address,jdbcType=VARCHAR},
      S1_ZIP_NO1 = #{record.s1ZipNo1,jdbcType=CHAR},
      S1_ZIP_NO2 = #{record.s1ZipNo2,jdbcType=CHAR},
      S1_ZIP_NO3 = #{record.s1ZipNo3,jdbcType=CHAR},
      S2_ZIP_NO1 = #{record.s2ZipNo1,jdbcType=CHAR},
      S2_ZIP_NO2 = #{record.s2ZipNo2,jdbcType=CHAR},
      S2_ZIP_NO3 = #{record.s2ZipNo3,jdbcType=CHAR},
      CENTER_CD = #{record.centerCd,jdbcType=CHAR},
      TREAT_FLAG = #{record.treatFlag,jdbcType=CHAR},
      ZIP_NO_OLD = #{record.zipNoOld,jdbcType=VARCHAR},
      LAW_ADDR_CD = #{record.lawAddrCd,jdbcType=CHAR},
      LAW_TOWN = #{record.lawTown,jdbcType=VARCHAR}
    <if test="_parameter != null">
      <include refid="Update_By_Example_Where_Clause" />
    </if>
  </update>
  <update id="updateByPrimaryKeySelective" parameterType="scg.c24.biz.db.gen.model.A1atZip">
    <!--
      WARNING - @mbg.generated
      This element is automatically generated by MyBatis Generator, do not modify.
      This element was generated on Thu Sep 22 18:10:50 KST 2016.
    -->
    update A11.A1AT_ZIP
    <set>
      <if test="updDtm != null">
        UPD_DTM = #{updDtm,jdbcType=TIMESTAMP},
      </if>
      <if test="updEmpid != null">
        UPD_EMPID = #{updEmpid,jdbcType=CHAR},
      </if>
      <if test="updIp != null">
        UPD_IP = #{updIp,jdbcType=VARCHAR},
      </if>
      <if test="crtDtm != null">
        CRT_DTM = #{crtDtm,jdbcType=TIMESTAMP},
      </if>
      <if test="crtEmpid != null">
        CRT_EMPID = #{crtEmpid,jdbcType=CHAR},
      </if>
      <if test="crtIp != null">
        CRT_IP = #{crtIp,jdbcType=VARCHAR},
      </if>
      <if test="zipNo1 != null">
        ZIP_NO1 = #{zipNo1,jdbcType=CHAR},
      </if>
      <if test="zipNo2 != null">
        ZIP_NO2 = #{zipNo2,jdbcType=CHAR},
      </if>
      <if test="zipNo3 != null">
        ZIP_NO3 = #{zipNo3,jdbcType=CHAR},
      </if>
      <if test="city != null">
        CITY = #{city,jdbcType=VARCHAR},
      </if>
      <if test="county != null">
        COUNTY = #{county,jdbcType=VARCHAR},
      </if>
      <if test="town != null">
        TOWN = #{town,jdbcType=VARCHAR},
      </if>
      <if test="village != null">
        VILLAGE = #{village,jdbcType=VARCHAR},
      </if>
      <if test="islands != null">
        ISLANDS = #{islands,jdbcType=VARCHAR},
      </if>
      <if test="hill != null">
        HILL = #{hill,jdbcType=VARCHAR},
      </if>
      <if test="addr1M != null">
        ADDR1_M = #{addr1M,jdbcType=VARCHAR},
      </if>
      <if test="addr1S != null">
        ADDR1_S = #{addr1S,jdbcType=VARCHAR},
      </if>
      <if test="addr2M != null">
        ADDR2_M = #{addr2M,jdbcType=VARCHAR},
      </if>
      <if test="addr2S != null">
        ADDR2_S = #{addr2S,jdbcType=VARCHAR},
      </if>
      <if test="building != null">
        BUILDING = #{building,jdbcType=VARCHAR},
      </if>
      <if test="area1 != null">
        AREA1 = #{area1,jdbcType=VARCHAR},
      </if>
      <if test="area2 != null">
        AREA2 = #{area2,jdbcType=VARCHAR},
      </if>
      <if test="address != null">
        ADDRESS = #{address,jdbcType=VARCHAR},
      </if>
      <if test="s1ZipNo1 != null">
        S1_ZIP_NO1 = #{s1ZipNo1,jdbcType=CHAR},
      </if>
      <if test="s1ZipNo2 != null">
        S1_ZIP_NO2 = #{s1ZipNo2,jdbcType=CHAR},
      </if>
      <if test="s1ZipNo3 != null">
        S1_ZIP_NO3 = #{s1ZipNo3,jdbcType=CHAR},
      </if>
      <if test="s2ZipNo1 != null">
        S2_ZIP_NO1 = #{s2ZipNo1,jdbcType=CHAR},
      </if>
      <if test="s2ZipNo2 != null">
        S2_ZIP_NO2 = #{s2ZipNo2,jdbcType=CHAR},
      </if>
      <if test="s2ZipNo3 != null">
        S2_ZIP_NO3 = #{s2ZipNo3,jdbcType=CHAR},
      </if>
      <if test="centerCd != null">
        CENTER_CD = #{centerCd,jdbcType=CHAR},
      </if>
      <if test="treatFlag != null">
        TREAT_FLAG = #{treatFlag,jdbcType=CHAR},
      </if>
      <if test="zipNoOld != null">
        ZIP_NO_OLD = #{zipNoOld,jdbcType=VARCHAR},
      </if>
      <if test="lawAddrCd != null">
        LAW_ADDR_CD = #{lawAddrCd,jdbcType=CHAR},
      </if>
      <if test="lawTown != null">
        LAW_TOWN = #{lawTown,jdbcType=VARCHAR},
      </if>
    </set>
    where ZIP_SEQ = #{zipSeq,jdbcType=CHAR}
  </update>
  <update id="updateByPrimaryKey" parameterType="scg.c24.biz.db.gen.model.A1atZip">
    <!--
      WARNING - @mbg.generated
      This element is automatically generated by MyBatis Generator, do not modify.
      This element was generated on Thu Sep 22 18:10:50 KST 2016.
    -->
    update A11.A1AT_ZIP
    set UPD_DTM = #{updDtm,jdbcType=TIMESTAMP},
      UPD_EMPID = #{updEmpid,jdbcType=CHAR},
      UPD_IP = #{updIp,jdbcType=VARCHAR},
      CRT_DTM = #{crtDtm,jdbcType=TIMESTAMP},
      CRT_EMPID = #{crtEmpid,jdbcType=CHAR},
      CRT_IP = #{crtIp,jdbcType=VARCHAR},
      ZIP_NO1 = #{zipNo1,jdbcType=CHAR},
      ZIP_NO2 = #{zipNo2,jdbcType=CHAR},
      ZIP_NO3 = #{zipNo3,jdbcType=CHAR},
      CITY = #{city,jdbcType=VARCHAR},
      COUNTY = #{county,jdbcType=VARCHAR},
      TOWN = #{town,jdbcType=VARCHAR},
      VILLAGE = #{village,jdbcType=VARCHAR},
      ISLANDS = #{islands,jdbcType=VARCHAR},
      HILL = #{hill,jdbcType=VARCHAR},
      ADDR1_M = #{addr1M,jdbcType=VARCHAR},
      ADDR1_S = #{addr1S,jdbcType=VARCHAR},
      ADDR2_M = #{addr2M,jdbcType=VARCHAR},
      ADDR2_S = #{addr2S,jdbcType=VARCHAR},
      BUILDING = #{building,jdbcType=VARCHAR},
      AREA1 = #{area1,jdbcType=VARCHAR},
      AREA2 = #{area2,jdbcType=VARCHAR},
      ADDRESS = #{address,jdbcType=VARCHAR},
      S1_ZIP_NO1 = #{s1ZipNo1,jdbcType=CHAR},
      S1_ZIP_NO2 = #{s1ZipNo2,jdbcType=CHAR},
      S1_ZIP_NO3 = #{s1ZipNo3,jdbcType=CHAR},
      S2_ZIP_NO1 = #{s2ZipNo1,jdbcType=CHAR},
      S2_ZIP_NO2 = #{s2ZipNo2,jdbcType=CHAR},
      S2_ZIP_NO3 = #{s2ZipNo3,jdbcType=CHAR},
      CENTER_CD = #{centerCd,jdbcType=CHAR},
      TREAT_FLAG = #{treatFlag,jdbcType=CHAR},
      ZIP_NO_OLD = #{zipNoOld,jdbcType=VARCHAR},
      LAW_ADDR_CD = #{lawAddrCd,jdbcType=CHAR},
      LAW_TOWN = #{lawTown,jdbcType=VARCHAR}
    where ZIP_SEQ = #{zipSeq,jdbcType=CHAR}
  </update>
</mapper>