<?xml version="1.0" encoding="UTF-8"?>
<!DOCTYPE mapper PUBLIC "-//mybatis.org//DTD Mapper 3.0//EN" "http://mybatis.org/dtd/mybatis-3-mapper.dtd">
<mapper namespace="scg.c24.biz.db.gen.model.C1atTransAcntReqMapper">
  <resultMap id="BaseResultMap" type="scg.c24.biz.db.gen.model.C1atTransAcntReq">
    <!--
      WARNING - @mbg.generated
      This element is automatically generated by MyBatis Generator, do not modify.
      This element was generated on Thu Sep 22 18:10:50 KST 2016.
    -->
    <id column="DEFRAY_ACCOUNT_NUM" jdbcType="VARCHAR" property="defrayAccountNum" />
    <id column="CUST_NUM" jdbcType="CHAR" property="custNum" />
    <id column="REQ_ITEM_CD" jdbcType="CHAR" property="reqItemCd" />
    <id column="REQ_YMD" jdbcType="CHAR" property="reqYmd" />
    <result column="UPD_DTM" jdbcType="TIMESTAMP" property="updDtm" />
    <result column="UPD_EMPID" jdbcType="CHAR" property="updEmpid" />
    <result column="UPD_IP" jdbcType="VARCHAR" property="updIp" />
    <result column="CRT_DTM" jdbcType="TIMESTAMP" property="crtDtm" />
    <result column="CRT_EMPID" jdbcType="CHAR" property="crtEmpid" />
    <result column="CRT_IP" jdbcType="VARCHAR" property="crtIp" />
    <result column="BNK_CD" jdbcType="CHAR" property="bnkCd" />
    <result column="REQ_RSLT_CD" jdbcType="CHAR" property="reqRsltCd" />
    <result column="RECEIVE_SEC_CD" jdbcType="CHAR" property="receiveSecCd" />
    <result column="CUST_RELAT_CD" jdbcType="CHAR" property="custRelatCd" />
    <result column="REQ_NM" jdbcType="VARCHAR" property="reqNm" />
    <result column="REQ_TEL_FLAG" jdbcType="CHAR" property="reqTelFlag" />
    <result column="REQ_TEL_DDD" jdbcType="VARCHAR" property="reqTelDdd" />
    <result column="REQ_TEL_EXN" jdbcType="VARCHAR" property="reqTelExn" />
    <result column="REQ_TEL_NUM" jdbcType="VARCHAR" property="reqTelNum" />
    <result column="TRANS_YMD" jdbcType="CHAR" property="transYmd" />
    <result column="APPRO_YMD" jdbcType="CHAR" property="approYmd" />
    <result column="KFTC_RECEIVE_STS_CD" jdbcType="CHAR" property="kftcReceiveStsCd" />
    <result column="KFTC_REQ_RSLT_CD" jdbcType="CHAR" property="kftcReqRsltCd" />
    <result column="VALID_PERIOD" jdbcType="CHAR" property="validPeriod" />
    <result column="AUTO_AGREE_CD" jdbcType="CHAR" property="autoAgreeCd" />
  </resultMap>
  <sql id="Example_Where_Clause">
    <!--
      WARNING - @mbg.generated
      This element is automatically generated by MyBatis Generator, do not modify.
      This element was generated on Thu Sep 22 18:10:50 KST 2016.
    -->
    <where>
      <foreach collection="oredCriteria" item="criteria" separator="or">
        <if test="criteria.valid">
          <trim prefix="(" prefixOverrides="and" suffix=")">
            <foreach collection="criteria.criteria" item="criterion">
              <choose>
                <when test="criterion.noValue">
                  and ${criterion.condition}
                </when>
                <when test="criterion.singleValue">
                  and ${criterion.condition} #{criterion.value}
                </when>
                <when test="criterion.betweenValue">
                  and ${criterion.condition} #{criterion.value} and #{criterion.secondValue}
                </when>
                <when test="criterion.listValue">
                  and ${criterion.condition}
                  <foreach close=")" collection="criterion.value" item="listItem" open="(" separator=",">
                    #{listItem}
                  </foreach>
                </when>
              </choose>
            </foreach>
          </trim>
        </if>
      </foreach>
    </where>
  </sql>
  <sql id="Update_By_Example_Where_Clause">
    <!--
      WARNING - @mbg.generated
      This element is automatically generated by MyBatis Generator, do not modify.
      This element was generated on Thu Sep 22 18:10:50 KST 2016.
    -->
    <where>
      <foreach collection="example.oredCriteria" item="criteria" separator="or">
        <if test="criteria.valid">
          <trim prefix="(" prefixOverrides="and" suffix=")">
            <foreach collection="criteria.criteria" item="criterion">
              <choose>
                <when test="criterion.noValue">
                  and ${criterion.condition}
                </when>
                <when test="criterion.singleValue">
                  and ${criterion.condition} #{criterion.value}
                </when>
                <when test="criterion.betweenValue">
                  and ${criterion.condition} #{criterion.value} and #{criterion.secondValue}
                </when>
                <when test="criterion.listValue">
                  and ${criterion.condition}
                  <foreach close=")" collection="criterion.value" item="listItem" open="(" separator=",">
                    #{listItem}
                  </foreach>
                </when>
              </choose>
            </foreach>
          </trim>
        </if>
      </foreach>
    </where>
  </sql>
  <sql id="Base_Column_List">
    <!--
      WARNING - @mbg.generated
      This element is automatically generated by MyBatis Generator, do not modify.
      This element was generated on Thu Sep 22 18:10:50 KST 2016.
    -->
    DEFRAY_ACCOUNT_NUM, CUST_NUM, REQ_ITEM_CD, REQ_YMD, UPD_DTM, UPD_EMPID, UPD_IP, CRT_DTM, 
    CRT_EMPID, CRT_IP, BNK_CD, REQ_RSLT_CD, RECEIVE_SEC_CD, CUST_RELAT_CD, REQ_NM, REQ_TEL_FLAG, 
    REQ_TEL_DDD, REQ_TEL_EXN, REQ_TEL_NUM, TRANS_YMD, APPRO_YMD, KFTC_RECEIVE_STS_CD, 
    KFTC_REQ_RSLT_CD, VALID_PERIOD, AUTO_AGREE_CD
  </sql>
  <select id="selectByExample" parameterType="scg.c24.biz.db.gen.model.C1atTransAcntReqExample" resultMap="BaseResultMap">
    <!--
      WARNING - @mbg.generated
      This element is automatically generated by MyBatis Generator, do not modify.
      This element was generated on Thu Sep 22 18:10:50 KST 2016.
    -->
    select
    <if test="distinct">
      distinct
    </if>
    <include refid="Base_Column_List" />
    from C11.C1AT_TRANS_ACNT_REQ
    <if test="_parameter != null">
      <include refid="Example_Where_Clause" />
    </if>
    <if test="orderByClause != null">
      order by ${orderByClause}
    </if>
  </select>
  <select id="selectByPrimaryKey" parameterType="scg.c24.biz.db.gen.model.C1atTransAcntReqKey" resultMap="BaseResultMap">
    <!--
      WARNING - @mbg.generated
      This element is automatically generated by MyBatis Generator, do not modify.
      This element was generated on Thu Sep 22 18:10:50 KST 2016.
    -->
    select 
    <include refid="Base_Column_List" />
    from C11.C1AT_TRANS_ACNT_REQ
    where DEFRAY_ACCOUNT_NUM = #{defrayAccountNum,jdbcType=VARCHAR}
      and CUST_NUM = #{custNum,jdbcType=CHAR}
      and REQ_ITEM_CD = #{reqItemCd,jdbcType=CHAR}
      and REQ_YMD = #{reqYmd,jdbcType=CHAR}
  </select>
  <delete id="deleteByPrimaryKey" parameterType="scg.c24.biz.db.gen.model.C1atTransAcntReqKey">
    <!--
      WARNING - @mbg.generated
      This element is automatically generated by MyBatis Generator, do not modify.
      This element was generated on Thu Sep 22 18:10:50 KST 2016.
    -->
    delete from C11.C1AT_TRANS_ACNT_REQ
    where DEFRAY_ACCOUNT_NUM = #{defrayAccountNum,jdbcType=VARCHAR}
      and CUST_NUM = #{custNum,jdbcType=CHAR}
      and REQ_ITEM_CD = #{reqItemCd,jdbcType=CHAR}
      and REQ_YMD = #{reqYmd,jdbcType=CHAR}
  </delete>
  <delete id="deleteByExample" parameterType="scg.c24.biz.db.gen.model.C1atTransAcntReqExample">
    <!--
      WARNING - @mbg.generated
      This element is automatically generated by MyBatis Generator, do not modify.
      This element was generated on Thu Sep 22 18:10:50 KST 2016.
    -->
    delete from C11.C1AT_TRANS_ACNT_REQ
    <if test="_parameter != null">
      <include refid="Example_Where_Clause" />
    </if>
  </delete>
  <insert id="insert" parameterType="scg.c24.biz.db.gen.model.C1atTransAcntReq">
    <!--
      WARNING - @mbg.generated
      This element is automatically generated by MyBatis Generator, do not modify.
      This element was generated on Thu Sep 22 18:10:50 KST 2016.
    -->
    insert into C11.C1AT_TRANS_ACNT_REQ (DEFRAY_ACCOUNT_NUM, CUST_NUM, REQ_ITEM_CD, 
      REQ_YMD, UPD_DTM, UPD_EMPID, 
      UPD_IP, CRT_DTM, CRT_EMPID, 
      CRT_IP, BNK_CD, REQ_RSLT_CD, 
      RECEIVE_SEC_CD, CUST_RELAT_CD, REQ_NM, 
      REQ_TEL_FLAG, REQ_TEL_DDD, REQ_TEL_EXN, 
      REQ_TEL_NUM, TRANS_YMD, APPRO_YMD, 
      KFTC_RECEIVE_STS_CD, KFTC_REQ_RSLT_CD, VALID_PERIOD, 
      AUTO_AGREE_CD)
    values (#{defrayAccountNum,jdbcType=VARCHAR}, #{custNum,jdbcType=CHAR}, #{reqItemCd,jdbcType=CHAR}, 
      #{reqYmd,jdbcType=CHAR}, #{updDtm,jdbcType=TIMESTAMP}, #{updEmpid,jdbcType=CHAR}, 
      #{updIp,jdbcType=VARCHAR}, #{crtDtm,jdbcType=TIMESTAMP}, #{crtEmpid,jdbcType=CHAR}, 
      #{crtIp,jdbcType=VARCHAR}, #{bnkCd,jdbcType=CHAR}, #{reqRsltCd,jdbcType=CHAR}, 
      #{receiveSecCd,jdbcType=CHAR}, #{custRelatCd,jdbcType=CHAR}, #{reqNm,jdbcType=VARCHAR}, 
      #{reqTelFlag,jdbcType=CHAR}, #{reqTelDdd,jdbcType=VARCHAR}, #{reqTelExn,jdbcType=VARCHAR}, 
      #{reqTelNum,jdbcType=VARCHAR}, #{transYmd,jdbcType=CHAR}, #{approYmd,jdbcType=CHAR}, 
      #{kftcReceiveStsCd,jdbcType=CHAR}, #{kftcReqRsltCd,jdbcType=CHAR}, #{validPeriod,jdbcType=CHAR}, 
      #{autoAgreeCd,jdbcType=CHAR})
  </insert>
  <insert id="insertSelective" parameterType="scg.c24.biz.db.gen.model.C1atTransAcntReq">
    <!--
      WARNING - @mbg.generated
      This element is automatically generated by MyBatis Generator, do not modify.
      This element was generated on Thu Sep 22 18:10:50 KST 2016.
    -->
    insert into C11.C1AT_TRANS_ACNT_REQ
    <trim prefix="(" suffix=")" suffixOverrides=",">
      <if test="defrayAccountNum != null">
        DEFRAY_ACCOUNT_NUM,
      </if>
      <if test="custNum != null">
        CUST_NUM,
      </if>
      <if test="reqItemCd != null">
        REQ_ITEM_CD,
      </if>
      <if test="reqYmd != null">
        REQ_YMD,
      </if>
      <if test="updDtm != null">
        UPD_DTM,
      </if>
      <if test="updEmpid != null">
        UPD_EMPID,
      </if>
      <if test="updIp != null">
        UPD_IP,
      </if>
      <if test="crtDtm != null">
        CRT_DTM,
      </if>
      <if test="crtEmpid != null">
        CRT_EMPID,
      </if>
      <if test="crtIp != null">
        CRT_IP,
      </if>
      <if test="bnkCd != null">
        BNK_CD,
      </if>
      <if test="reqRsltCd != null">
        REQ_RSLT_CD,
      </if>
      <if test="receiveSecCd != null">
        RECEIVE_SEC_CD,
      </if>
      <if test="custRelatCd != null">
        CUST_RELAT_CD,
      </if>
      <if test="reqNm != null">
        REQ_NM,
      </if>
      <if test="reqTelFlag != null">
        REQ_TEL_FLAG,
      </if>
      <if test="reqTelDdd != null">
        REQ_TEL_DDD,
      </if>
      <if test="reqTelExn != null">
        REQ_TEL_EXN,
      </if>
      <if test="reqTelNum != null">
        REQ_TEL_NUM,
      </if>
      <if test="transYmd != null">
        TRANS_YMD,
      </if>
      <if test="approYmd != null">
        APPRO_YMD,
      </if>
      <if test="kftcReceiveStsCd != null">
        KFTC_RECEIVE_STS_CD,
      </if>
      <if test="kftcReqRsltCd != null">
        KFTC_REQ_RSLT_CD,
      </if>
      <if test="validPeriod != null">
        VALID_PERIOD,
      </if>
      <if test="autoAgreeCd != null">
        AUTO_AGREE_CD,
      </if>
    </trim>
    <trim prefix="values (" suffix=")" suffixOverrides=",">
      <if test="defrayAccountNum != null">
        #{defrayAccountNum,jdbcType=VARCHAR},
      </if>
      <if test="custNum != null">
        #{custNum,jdbcType=CHAR},
      </if>
      <if test="reqItemCd != null">
        #{reqItemCd,jdbcType=CHAR},
      </if>
      <if test="reqYmd != null">
        #{reqYmd,jdbcType=CHAR},
      </if>
      <if test="updDtm != null">
        #{updDtm,jdbcType=TIMESTAMP},
      </if>
      <if test="updEmpid != null">
        #{updEmpid,jdbcType=CHAR},
      </if>
      <if test="updIp != null">
        #{updIp,jdbcType=VARCHAR},
      </if>
      <if test="crtDtm != null">
        #{crtDtm,jdbcType=TIMESTAMP},
      </if>
      <if test="crtEmpid != null">
        #{crtEmpid,jdbcType=CHAR},
      </if>
      <if test="crtIp != null">
        #{crtIp,jdbcType=VARCHAR},
      </if>
      <if test="bnkCd != null">
        #{bnkCd,jdbcType=CHAR},
      </if>
      <if test="reqRsltCd != null">
        #{reqRsltCd,jdbcType=CHAR},
      </if>
      <if test="receiveSecCd != null">
        #{receiveSecCd,jdbcType=CHAR},
      </if>
      <if test="custRelatCd != null">
        #{custRelatCd,jdbcType=CHAR},
      </if>
      <if test="reqNm != null">
        #{reqNm,jdbcType=VARCHAR},
      </if>
      <if test="reqTelFlag != null">
        #{reqTelFlag,jdbcType=CHAR},
      </if>
      <if test="reqTelDdd != null">
        #{reqTelDdd,jdbcType=VARCHAR},
      </if>
      <if test="reqTelExn != null">
        #{reqTelExn,jdbcType=VARCHAR},
      </if>
      <if test="reqTelNum != null">
        #{reqTelNum,jdbcType=VARCHAR},
      </if>
      <if test="transYmd != null">
        #{transYmd,jdbcType=CHAR},
      </if>
      <if test="approYmd != null">
        #{approYmd,jdbcType=CHAR},
      </if>
      <if test="kftcReceiveStsCd != null">
        #{kftcReceiveStsCd,jdbcType=CHAR},
      </if>
      <if test="kftcReqRsltCd != null">
        #{kftcReqRsltCd,jdbcType=CHAR},
      </if>
      <if test="validPeriod != null">
        #{validPeriod,jdbcType=CHAR},
      </if>
      <if test="autoAgreeCd != null">
        #{autoAgreeCd,jdbcType=CHAR},
      </if>
    </trim>
  </insert>
  <select id="countByExample" parameterType="scg.c24.biz.db.gen.model.C1atTransAcntReqExample" resultType="java.lang.Long">
    <!--
      WARNING - @mbg.generated
      This element is automatically generated by MyBatis Generator, do not modify.
      This element was generated on Thu Sep 22 18:10:50 KST 2016.
    -->
    select count(*) from C11.C1AT_TRANS_ACNT_REQ
    <if test="_parameter != null">
      <include refid="Example_Where_Clause" />
    </if>
  </select>
  <update id="updateByExampleSelective" parameterType="map">
    <!--
      WARNING - @mbg.generated
      This element is automatically generated by MyBatis Generator, do not modify.
      This element was generated on Thu Sep 22 18:10:50 KST 2016.
    -->
    update C11.C1AT_TRANS_ACNT_REQ
    <set>
      <if test="record.defrayAccountNum != null">
        DEFRAY_ACCOUNT_NUM = #{record.defrayAccountNum,jdbcType=VARCHAR},
      </if>
      <if test="record.custNum != null">
        CUST_NUM = #{record.custNum,jdbcType=CHAR},
      </if>
      <if test="record.reqItemCd != null">
        REQ_ITEM_CD = #{record.reqItemCd,jdbcType=CHAR},
      </if>
      <if test="record.reqYmd != null">
        REQ_YMD = #{record.reqYmd,jdbcType=CHAR},
      </if>
      <if test="record.updDtm != null">
        UPD_DTM = #{record.updDtm,jdbcType=TIMESTAMP},
      </if>
      <if test="record.updEmpid != null">
        UPD_EMPID = #{record.updEmpid,jdbcType=CHAR},
      </if>
      <if test="record.updIp != null">
        UPD_IP = #{record.updIp,jdbcType=VARCHAR},
      </if>
      <if test="record.crtDtm != null">
        CRT_DTM = #{record.crtDtm,jdbcType=TIMESTAMP},
      </if>
      <if test="record.crtEmpid != null">
        CRT_EMPID = #{record.crtEmpid,jdbcType=CHAR},
      </if>
      <if test="record.crtIp != null">
        CRT_IP = #{record.crtIp,jdbcType=VARCHAR},
      </if>
      <if test="record.bnkCd != null">
        BNK_CD = #{record.bnkCd,jdbcType=CHAR},
      </if>
      <if test="record.reqRsltCd != null">
        REQ_RSLT_CD = #{record.reqRsltCd,jdbcType=CHAR},
      </if>
      <if test="record.receiveSecCd != null">
        RECEIVE_SEC_CD = #{record.receiveSecCd,jdbcType=CHAR},
      </if>
      <if test="record.custRelatCd != null">
        CUST_RELAT_CD = #{record.custRelatCd,jdbcType=CHAR},
      </if>
      <if test="record.reqNm != null">
        REQ_NM = #{record.reqNm,jdbcType=VARCHAR},
      </if>
      <if test="record.reqTelFlag != null">
        REQ_TEL_FLAG = #{record.reqTelFlag,jdbcType=CHAR},
      </if>
      <if test="record.reqTelDdd != null">
        REQ_TEL_DDD = #{record.reqTelDdd,jdbcType=VARCHAR},
      </if>
      <if test="record.reqTelExn != null">
        REQ_TEL_EXN = #{record.reqTelExn,jdbcType=VARCHAR},
      </if>
      <if test="record.reqTelNum != null">
        REQ_TEL_NUM = #{record.reqTelNum,jdbcType=VARCHAR},
      </if>
      <if test="record.transYmd != null">
        TRANS_YMD = #{record.transYmd,jdbcType=CHAR},
      </if>
      <if test="record.approYmd != null">
        APPRO_YMD = #{record.approYmd,jdbcType=CHAR},
      </if>
      <if test="record.kftcReceiveStsCd != null">
        KFTC_RECEIVE_STS_CD = #{record.kftcReceiveStsCd,jdbcType=CHAR},
      </if>
      <if test="record.kftcReqRsltCd != null">
        KFTC_REQ_RSLT_CD = #{record.kftcReqRsltCd,jdbcType=CHAR},
      </if>
      <if test="record.validPeriod != null">
        VALID_PERIOD = #{record.validPeriod,jdbcType=CHAR},
      </if>
      <if test="record.autoAgreeCd != null">
        AUTO_AGREE_CD = #{record.autoAgreeCd,jdbcType=CHAR},
      </if>
    </set>
    <if test="_parameter != null">
      <include refid="Update_By_Example_Where_Clause" />
    </if>
  </update>
  <update id="updateByExample" parameterType="map">
    <!--
      WARNING - @mbg.generated
      This element is automatically generated by MyBatis Generator, do not modify.
      This element was generated on Thu Sep 22 18:10:50 KST 2016.
    -->
    update C11.C1AT_TRANS_ACNT_REQ
    set DEFRAY_ACCOUNT_NUM = #{record.defrayAccountNum,jdbcType=VARCHAR},
      CUST_NUM = #{record.custNum,jdbcType=CHAR},
      REQ_ITEM_CD = #{record.reqItemCd,jdbcType=CHAR},
      REQ_YMD = #{record.reqYmd,jdbcType=CHAR},
      UPD_DTM = #{record.updDtm,jdbcType=TIMESTAMP},
      UPD_EMPID = #{record.updEmpid,jdbcType=CHAR},
      UPD_IP = #{record.updIp,jdbcType=VARCHAR},
      CRT_DTM = #{record.crtDtm,jdbcType=TIMESTAMP},
      CRT_EMPID = #{record.crtEmpid,jdbcType=CHAR},
      CRT_IP = #{record.crtIp,jdbcType=VARCHAR},
      BNK_CD = #{record.bnkCd,jdbcType=CHAR},
      REQ_RSLT_CD = #{record.reqRsltCd,jdbcType=CHAR},
      RECEIVE_SEC_CD = #{record.receiveSecCd,jdbcType=CHAR},
      CUST_RELAT_CD = #{record.custRelatCd,jdbcType=CHAR},
      REQ_NM = #{record.reqNm,jdbcType=VARCHAR},
      REQ_TEL_FLAG = #{record.reqTelFlag,jdbcType=CHAR},
      REQ_TEL_DDD = #{record.reqTelDdd,jdbcType=VARCHAR},
      REQ_TEL_EXN = #{record.reqTelExn,jdbcType=VARCHAR},
      REQ_TEL_NUM = #{record.reqTelNum,jdbcType=VARCHAR},
      TRANS_YMD = #{record.transYmd,jdbcType=CHAR},
      APPRO_YMD = #{record.approYmd,jdbcType=CHAR},
      KFTC_RECEIVE_STS_CD = #{record.kftcReceiveStsCd,jdbcType=CHAR},
      KFTC_REQ_RSLT_CD = #{record.kftcReqRsltCd,jdbcType=CHAR},
      VALID_PERIOD = #{record.validPeriod,jdbcType=CHAR},
      AUTO_AGREE_CD = #{record.autoAgreeCd,jdbcType=CHAR}
    <if test="_parameter != null">
      <include refid="Update_By_Example_Where_Clause" />
    </if>
  </update>
  <update id="updateByPrimaryKeySelective" parameterType="scg.c24.biz.db.gen.model.C1atTransAcntReq">
    <!--
      WARNING - @mbg.generated
      This element is automatically generated by MyBatis Generator, do not modify.
      This element was generated on Thu Sep 22 18:10:50 KST 2016.
    -->
    update C11.C1AT_TRANS_ACNT_REQ
    <set>
      <if test="updDtm != null">
        UPD_DTM = #{updDtm,jdbcType=TIMESTAMP},
      </if>
      <if test="updEmpid != null">
        UPD_EMPID = #{updEmpid,jdbcType=CHAR},
      </if>
      <if test="updIp != null">
        UPD_IP = #{updIp,jdbcType=VARCHAR},
      </if>
      <if test="crtDtm != null">
        CRT_DTM = #{crtDtm,jdbcType=TIMESTAMP},
      </if>
      <if test="crtEmpid != null">
        CRT_EMPID = #{crtEmpid,jdbcType=CHAR},
      </if>
      <if test="crtIp != null">
        CRT_IP = #{crtIp,jdbcType=VARCHAR},
      </if>
      <if test="bnkCd != null">
        BNK_CD = #{bnkCd,jdbcType=CHAR},
      </if>
      <if test="reqRsltCd != null">
        REQ_RSLT_CD = #{reqRsltCd,jdbcType=CHAR},
      </if>
      <if test="receiveSecCd != null">
        RECEIVE_SEC_CD = #{receiveSecCd,jdbcType=CHAR},
      </if>
      <if test="custRelatCd != null">
        CUST_RELAT_CD = #{custRelatCd,jdbcType=CHAR},
      </if>
      <if test="reqNm != null">
        REQ_NM = #{reqNm,jdbcType=VARCHAR},
      </if>
      <if test="reqTelFlag != null">
        REQ_TEL_FLAG = #{reqTelFlag,jdbcType=CHAR},
      </if>
      <if test="reqTelDdd != null">
        REQ_TEL_DDD = #{reqTelDdd,jdbcType=VARCHAR},
      </if>
      <if test="reqTelExn != null">
        REQ_TEL_EXN = #{reqTelExn,jdbcType=VARCHAR},
      </if>
      <if test="reqTelNum != null">
        REQ_TEL_NUM = #{reqTelNum,jdbcType=VARCHAR},
      </if>
      <if test="transYmd != null">
        TRANS_YMD = #{transYmd,jdbcType=CHAR},
      </if>
      <if test="approYmd != null">
        APPRO_YMD = #{approYmd,jdbcType=CHAR},
      </if>
      <if test="kftcReceiveStsCd != null">
        KFTC_RECEIVE_STS_CD = #{kftcReceiveStsCd,jdbcType=CHAR},
      </if>
      <if test="kftcReqRsltCd != null">
        KFTC_REQ_RSLT_CD = #{kftcReqRsltCd,jdbcType=CHAR},
      </if>
      <if test="validPeriod != null">
        VALID_PERIOD = #{validPeriod,jdbcType=CHAR},
      </if>
      <if test="autoAgreeCd != null">
        AUTO_AGREE_CD = #{autoAgreeCd,jdbcType=CHAR},
      </if>
    </set>
    where DEFRAY_ACCOUNT_NUM = #{defrayAccountNum,jdbcType=VARCHAR}
      and CUST_NUM = #{custNum,jdbcType=CHAR}
      and REQ_ITEM_CD = #{reqItemCd,jdbcType=CHAR}
      and REQ_YMD = #{reqYmd,jdbcType=CHAR}
  </update>
  <update id="updateByPrimaryKey" parameterType="scg.c24.biz.db.gen.model.C1atTransAcntReq">
    <!--
      WARNING - @mbg.generated
      This element is automatically generated by MyBatis Generator, do not modify.
      This element was generated on Thu Sep 22 18:10:50 KST 2016.
    -->
    update C11.C1AT_TRANS_ACNT_REQ
    set UPD_DTM = #{updDtm,jdbcType=TIMESTAMP},
      UPD_EMPID = #{updEmpid,jdbcType=CHAR},
      UPD_IP = #{updIp,jdbcType=VARCHAR},
      CRT_DTM = #{crtDtm,jdbcType=TIMESTAMP},
      CRT_EMPID = #{crtEmpid,jdbcType=CHAR},
      CRT_IP = #{crtIp,jdbcType=VARCHAR},
      BNK_CD = #{bnkCd,jdbcType=CHAR},
      REQ_RSLT_CD = #{reqRsltCd,jdbcType=CHAR},
      RECEIVE_SEC_CD = #{receiveSecCd,jdbcType=CHAR},
      CUST_RELAT_CD = #{custRelatCd,jdbcType=CHAR},
      REQ_NM = #{reqNm,jdbcType=VARCHAR},
      REQ_TEL_FLAG = #{reqTelFlag,jdbcType=CHAR},
      REQ_TEL_DDD = #{reqTelDdd,jdbcType=VARCHAR},
      REQ_TEL_EXN = #{reqTelExn,jdbcType=VARCHAR},
      REQ_TEL_NUM = #{reqTelNum,jdbcType=VARCHAR},
      TRANS_YMD = #{transYmd,jdbcType=CHAR},
      APPRO_YMD = #{approYmd,jdbcType=CHAR},
      KFTC_RECEIVE_STS_CD = #{kftcReceiveStsCd,jdbcType=CHAR},
      KFTC_REQ_RSLT_CD = #{kftcReqRsltCd,jdbcType=CHAR},
      VALID_PERIOD = #{validPeriod,jdbcType=CHAR},
      AUTO_AGREE_CD = #{autoAgreeCd,jdbcType=CHAR}
    where DEFRAY_ACCOUNT_NUM = #{defrayAccountNum,jdbcType=VARCHAR}
      and CUST_NUM = #{custNum,jdbcType=CHAR}
      and REQ_ITEM_CD = #{reqItemCd,jdbcType=CHAR}
      and REQ_YMD = #{reqYmd,jdbcType=CHAR}
  </update>
</mapper>