<?xml version="1.0" encoding="UTF-8"?>
<!DOCTYPE mapper PUBLIC "-//mybatis.org//DTD Mapper 3.0//EN" "http://mybatis.org/dtd/mybatis-3-mapper.dtd">
<mapper namespace="scg.c24.biz.db.gen.model.C1atTransAcntMapper">
  <resultMap id="BaseResultMap" type="scg.c24.biz.db.gen.model.C1atTransAcnt">
    <!--
      WARNING - @mbg.generated
      This element is automatically generated by MyBatis Generator, do not modify.
      This element was generated on Thu Sep 22 18:10:50 KST 2016.
    -->
    <id column="DEFRAY_ACCOUNT_NUM" jdbcType="VARCHAR" property="defrayAccountNum" />
    <id column="CUST_NUM" jdbcType="CHAR" property="custNum" />
    <result column="UPD_DTM" jdbcType="TIMESTAMP" property="updDtm" />
    <result column="UPD_EMPID" jdbcType="CHAR" property="updEmpid" />
    <result column="UPD_IP" jdbcType="VARCHAR" property="updIp" />
    <result column="CRT_DTM" jdbcType="TIMESTAMP" property="crtDtm" />
    <result column="CRT_EMPID" jdbcType="CHAR" property="crtEmpid" />
    <result column="CRT_IP" jdbcType="VARCHAR" property="crtIp" />
    <result column="TRAN_FLAG" jdbcType="CHAR" property="tranFlag" />
    <result column="BNK_CD" jdbcType="CHAR" property="bnkCd" />
    <result column="RECEIVE_PLC_FLAG_CD" jdbcType="CHAR" property="receivePlcFlagCd" />
    <result column="RECEIVE_STS_CD" jdbcType="CHAR" property="receiveStsCd" />
    <result column="REQ_YMD" jdbcType="CHAR" property="reqYmd" />
    <result column="TRANS_YMD" jdbcType="CHAR" property="transYmd" />
    <result column="CNL_YMD" jdbcType="CHAR" property="cnlYmd" />
    <result column="CNL_WHY_CD" jdbcType="CHAR" property="cnlWhyCd" />
    <result column="PAY_METHOD_CD" jdbcType="CHAR" property="payMethodCd" />
    <result column="PAY_MAIN_CD" jdbcType="CHAR" property="payMainCd" />
    <result column="BEFO_PAY_MANAGE_NUM" jdbcType="CHAR" property="befoPayManageNum" />
    <result column="AFTER_PAY_MANAGE_NUM" jdbcType="CHAR" property="afterPayManageNum" />
    <result column="PAY_HOPE_YMD" jdbcType="CHAR" property="payHopeYmd" />
    <result column="CHARG_KIND" jdbcType="CHAR" property="chargKind" />
    <result column="ACCOUNT_BRANCH_CD" jdbcType="VARCHAR" property="accountBranchCd" />
    <result column="BNK_BRANCH_CD" jdbcType="VARCHAR" property="bnkBranchCd" />
    <result column="SOC_BIZ_NUM" jdbcType="CHAR" property="socBizNum" />
    <result column="DEPOSITOR_NM" jdbcType="VARCHAR" property="depositorNm" />
    <result column="CUST_RELAT_CD" jdbcType="CHAR" property="custRelatCd" />
    <result column="INTERNET_GIRO_ID" jdbcType="VARCHAR" property="internetGiroId" />
    <result column="DEPOSITOR_TEL_FLAG" jdbcType="CHAR" property="depositorTelFlag" />
    <result column="DEPOSITOR_TEL_DDD" jdbcType="VARCHAR" property="depositorTelDdd" />
    <result column="DEPOSITOR_TEL_EXN" jdbcType="VARCHAR" property="depositorTelExn" />
    <result column="DEPOSITOR_TEL_NUM" jdbcType="VARCHAR" property="depositorTelNum" />
    <result column="VALID_PERIOD" jdbcType="CHAR" property="validPeriod" />
    <result column="JOIN_CARD_FLAG" jdbcType="CHAR" property="joinCardFlag" />
  </resultMap>
  <sql id="Example_Where_Clause">
    <!--
      WARNING - @mbg.generated
      This element is automatically generated by MyBatis Generator, do not modify.
      This element was generated on Thu Sep 22 18:10:50 KST 2016.
    -->
    <where>
      <foreach collection="oredCriteria" item="criteria" separator="or">
        <if test="criteria.valid">
          <trim prefix="(" prefixOverrides="and" suffix=")">
            <foreach collection="criteria.criteria" item="criterion">
              <choose>
                <when test="criterion.noValue">
                  and ${criterion.condition}
                </when>
                <when test="criterion.singleValue">
                  and ${criterion.condition} #{criterion.value}
                </when>
                <when test="criterion.betweenValue">
                  and ${criterion.condition} #{criterion.value} and #{criterion.secondValue}
                </when>
                <when test="criterion.listValue">
                  and ${criterion.condition}
                  <foreach close=")" collection="criterion.value" item="listItem" open="(" separator=",">
                    #{listItem}
                  </foreach>
                </when>
              </choose>
            </foreach>
          </trim>
        </if>
      </foreach>
    </where>
  </sql>
  <sql id="Update_By_Example_Where_Clause">
    <!--
      WARNING - @mbg.generated
      This element is automatically generated by MyBatis Generator, do not modify.
      This element was generated on Thu Sep 22 18:10:50 KST 2016.
    -->
    <where>
      <foreach collection="example.oredCriteria" item="criteria" separator="or">
        <if test="criteria.valid">
          <trim prefix="(" prefixOverrides="and" suffix=")">
            <foreach collection="criteria.criteria" item="criterion">
              <choose>
                <when test="criterion.noValue">
                  and ${criterion.condition}
                </when>
                <when test="criterion.singleValue">
                  and ${criterion.condition} #{criterion.value}
                </when>
                <when test="criterion.betweenValue">
                  and ${criterion.condition} #{criterion.value} and #{criterion.secondValue}
                </when>
                <when test="criterion.listValue">
                  and ${criterion.condition}
                  <foreach close=")" collection="criterion.value" item="listItem" open="(" separator=",">
                    #{listItem}
                  </foreach>
                </when>
              </choose>
            </foreach>
          </trim>
        </if>
      </foreach>
    </where>
  </sql>
  <sql id="Base_Column_List">
    <!--
      WARNING - @mbg.generated
      This element is automatically generated by MyBatis Generator, do not modify.
      This element was generated on Thu Sep 22 18:10:50 KST 2016.
    -->
    DEFRAY_ACCOUNT_NUM, CUST_NUM, UPD_DTM, UPD_EMPID, UPD_IP, CRT_DTM, CRT_EMPID, CRT_IP, 
    TRAN_FLAG, BNK_CD, RECEIVE_PLC_FLAG_CD, RECEIVE_STS_CD, REQ_YMD, TRANS_YMD, CNL_YMD, 
    CNL_WHY_CD, PAY_METHOD_CD, PAY_MAIN_CD, BEFO_PAY_MANAGE_NUM, AFTER_PAY_MANAGE_NUM, 
    PAY_HOPE_YMD, CHARG_KIND, ACCOUNT_BRANCH_CD, BNK_BRANCH_CD, SOC_BIZ_NUM, DEPOSITOR_NM, 
    CUST_RELAT_CD, INTERNET_GIRO_ID, DEPOSITOR_TEL_FLAG, DEPOSITOR_TEL_DDD, DEPOSITOR_TEL_EXN, 
    DEPOSITOR_TEL_NUM, VALID_PERIOD, JOIN_CARD_FLAG
  </sql>
  <select id="selectByExample" parameterType="scg.c24.biz.db.gen.model.C1atTransAcntExample" resultMap="BaseResultMap">
    <!--
      WARNING - @mbg.generated
      This element is automatically generated by MyBatis Generator, do not modify.
      This element was generated on Thu Sep 22 18:10:50 KST 2016.
    -->
    select
    <if test="distinct">
      distinct
    </if>
    <include refid="Base_Column_List" />
    from C11.C1AT_TRANS_ACNT
    <if test="_parameter != null">
      <include refid="Example_Where_Clause" />
    </if>
    <if test="orderByClause != null">
      order by ${orderByClause}
    </if>
  </select>
  <select id="selectByPrimaryKey" parameterType="scg.c24.biz.db.gen.model.C1atTransAcntKey" resultMap="BaseResultMap">
    <!--
      WARNING - @mbg.generated
      This element is automatically generated by MyBatis Generator, do not modify.
      This element was generated on Thu Sep 22 18:10:50 KST 2016.
    -->
    select 
    <include refid="Base_Column_List" />
    from C11.C1AT_TRANS_ACNT
    where DEFRAY_ACCOUNT_NUM = #{defrayAccountNum,jdbcType=VARCHAR}
      and CUST_NUM = #{custNum,jdbcType=CHAR}
  </select>
  <delete id="deleteByPrimaryKey" parameterType="scg.c24.biz.db.gen.model.C1atTransAcntKey">
    <!--
      WARNING - @mbg.generated
      This element is automatically generated by MyBatis Generator, do not modify.
      This element was generated on Thu Sep 22 18:10:50 KST 2016.
    -->
    delete from C11.C1AT_TRANS_ACNT
    where DEFRAY_ACCOUNT_NUM = #{defrayAccountNum,jdbcType=VARCHAR}
      and CUST_NUM = #{custNum,jdbcType=CHAR}
  </delete>
  <delete id="deleteByExample" parameterType="scg.c24.biz.db.gen.model.C1atTransAcntExample">
    <!--
      WARNING - @mbg.generated
      This element is automatically generated by MyBatis Generator, do not modify.
      This element was generated on Thu Sep 22 18:10:50 KST 2016.
    -->
    delete from C11.C1AT_TRANS_ACNT
    <if test="_parameter != null">
      <include refid="Example_Where_Clause" />
    </if>
  </delete>
  <insert id="insert" parameterType="scg.c24.biz.db.gen.model.C1atTransAcnt">
    <!--
      WARNING - @mbg.generated
      This element is automatically generated by MyBatis Generator, do not modify.
      This element was generated on Thu Sep 22 18:10:50 KST 2016.
    -->
    insert into C11.C1AT_TRANS_ACNT (DEFRAY_ACCOUNT_NUM, CUST_NUM, UPD_DTM, 
      UPD_EMPID, UPD_IP, CRT_DTM, 
      CRT_EMPID, CRT_IP, TRAN_FLAG, 
      BNK_CD, RECEIVE_PLC_FLAG_CD, RECEIVE_STS_CD, 
      REQ_YMD, TRANS_YMD, CNL_YMD, CNL_WHY_CD, 
      PAY_METHOD_CD, PAY_MAIN_CD, BEFO_PAY_MANAGE_NUM, 
      AFTER_PAY_MANAGE_NUM, PAY_HOPE_YMD, CHARG_KIND, 
      ACCOUNT_BRANCH_CD, BNK_BRANCH_CD, SOC_BIZ_NUM, 
      DEPOSITOR_NM, CUST_RELAT_CD, INTERNET_GIRO_ID, 
      DEPOSITOR_TEL_FLAG, DEPOSITOR_TEL_DDD, DEPOSITOR_TEL_EXN, 
      DEPOSITOR_TEL_NUM, VALID_PERIOD, JOIN_CARD_FLAG
      )
    values (#{defrayAccountNum,jdbcType=VARCHAR}, #{custNum,jdbcType=CHAR}, #{updDtm,jdbcType=TIMESTAMP}, 
      #{updEmpid,jdbcType=CHAR}, #{updIp,jdbcType=VARCHAR}, #{crtDtm,jdbcType=TIMESTAMP}, 
      #{crtEmpid,jdbcType=CHAR}, #{crtIp,jdbcType=VARCHAR}, #{tranFlag,jdbcType=CHAR}, 
      #{bnkCd,jdbcType=CHAR}, #{receivePlcFlagCd,jdbcType=CHAR}, #{receiveStsCd,jdbcType=CHAR}, 
      #{reqYmd,jdbcType=CHAR}, #{transYmd,jdbcType=CHAR}, #{cnlYmd,jdbcType=CHAR}, #{cnlWhyCd,jdbcType=CHAR}, 
      #{payMethodCd,jdbcType=CHAR}, #{payMainCd,jdbcType=CHAR}, #{befoPayManageNum,jdbcType=CHAR}, 
      #{afterPayManageNum,jdbcType=CHAR}, #{payHopeYmd,jdbcType=CHAR}, #{chargKind,jdbcType=CHAR}, 
      #{accountBranchCd,jdbcType=VARCHAR}, #{bnkBranchCd,jdbcType=VARCHAR}, #{socBizNum,jdbcType=CHAR}, 
      #{depositorNm,jdbcType=VARCHAR}, #{custRelatCd,jdbcType=CHAR}, #{internetGiroId,jdbcType=VARCHAR}, 
      #{depositorTelFlag,jdbcType=CHAR}, #{depositorTelDdd,jdbcType=VARCHAR}, #{depositorTelExn,jdbcType=VARCHAR}, 
      #{depositorTelNum,jdbcType=VARCHAR}, #{validPeriod,jdbcType=CHAR}, #{joinCardFlag,jdbcType=CHAR}
      )
  </insert>
  <insert id="insertSelective" parameterType="scg.c24.biz.db.gen.model.C1atTransAcnt">
    <!--
      WARNING - @mbg.generated
      This element is automatically generated by MyBatis Generator, do not modify.
      This element was generated on Thu Sep 22 18:10:50 KST 2016.
    -->
    insert into C11.C1AT_TRANS_ACNT
    <trim prefix="(" suffix=")" suffixOverrides=",">
      <if test="defrayAccountNum != null">
        DEFRAY_ACCOUNT_NUM,
      </if>
      <if test="custNum != null">
        CUST_NUM,
      </if>
      <if test="updDtm != null">
        UPD_DTM,
      </if>
      <if test="updEmpid != null">
        UPD_EMPID,
      </if>
      <if test="updIp != null">
        UPD_IP,
      </if>
      <if test="crtDtm != null">
        CRT_DTM,
      </if>
      <if test="crtEmpid != null">
        CRT_EMPID,
      </if>
      <if test="crtIp != null">
        CRT_IP,
      </if>
      <if test="tranFlag != null">
        TRAN_FLAG,
      </if>
      <if test="bnkCd != null">
        BNK_CD,
      </if>
      <if test="receivePlcFlagCd != null">
        RECEIVE_PLC_FLAG_CD,
      </if>
      <if test="receiveStsCd != null">
        RECEIVE_STS_CD,
      </if>
      <if test="reqYmd != null">
        REQ_YMD,
      </if>
      <if test="transYmd != null">
        TRANS_YMD,
      </if>
      <if test="cnlYmd != null">
        CNL_YMD,
      </if>
      <if test="cnlWhyCd != null">
        CNL_WHY_CD,
      </if>
      <if test="payMethodCd != null">
        PAY_METHOD_CD,
      </if>
      <if test="payMainCd != null">
        PAY_MAIN_CD,
      </if>
      <if test="befoPayManageNum != null">
        BEFO_PAY_MANAGE_NUM,
      </if>
      <if test="afterPayManageNum != null">
        AFTER_PAY_MANAGE_NUM,
      </if>
      <if test="payHopeYmd != null">
        PAY_HOPE_YMD,
      </if>
      <if test="chargKind != null">
        CHARG_KIND,
      </if>
      <if test="accountBranchCd != null">
        ACCOUNT_BRANCH_CD,
      </if>
      <if test="bnkBranchCd != null">
        BNK_BRANCH_CD,
      </if>
      <if test="socBizNum != null">
        SOC_BIZ_NUM,
      </if>
      <if test="depositorNm != null">
        DEPOSITOR_NM,
      </if>
      <if test="custRelatCd != null">
        CUST_RELAT_CD,
      </if>
      <if test="internetGiroId != null">
        INTERNET_GIRO_ID,
      </if>
      <if test="depositorTelFlag != null">
        DEPOSITOR_TEL_FLAG,
      </if>
      <if test="depositorTelDdd != null">
        DEPOSITOR_TEL_DDD,
      </if>
      <if test="depositorTelExn != null">
        DEPOSITOR_TEL_EXN,
      </if>
      <if test="depositorTelNum != null">
        DEPOSITOR_TEL_NUM,
      </if>
      <if test="validPeriod != null">
        VALID_PERIOD,
      </if>
      <if test="joinCardFlag != null">
        JOIN_CARD_FLAG,
      </if>
    </trim>
    <trim prefix="values (" suffix=")" suffixOverrides=",">
      <if test="defrayAccountNum != null">
        #{defrayAccountNum,jdbcType=VARCHAR},
      </if>
      <if test="custNum != null">
        #{custNum,jdbcType=CHAR},
      </if>
      <if test="updDtm != null">
        #{updDtm,jdbcType=TIMESTAMP},
      </if>
      <if test="updEmpid != null">
        #{updEmpid,jdbcType=CHAR},
      </if>
      <if test="updIp != null">
        #{updIp,jdbcType=VARCHAR},
      </if>
      <if test="crtDtm != null">
        #{crtDtm,jdbcType=TIMESTAMP},
      </if>
      <if test="crtEmpid != null">
        #{crtEmpid,jdbcType=CHAR},
      </if>
      <if test="crtIp != null">
        #{crtIp,jdbcType=VARCHAR},
      </if>
      <if test="tranFlag != null">
        #{tranFlag,jdbcType=CHAR},
      </if>
      <if test="bnkCd != null">
        #{bnkCd,jdbcType=CHAR},
      </if>
      <if test="receivePlcFlagCd != null">
        #{receivePlcFlagCd,jdbcType=CHAR},
      </if>
      <if test="receiveStsCd != null">
        #{receiveStsCd,jdbcType=CHAR},
      </if>
      <if test="reqYmd != null">
        #{reqYmd,jdbcType=CHAR},
      </if>
      <if test="transYmd != null">
        #{transYmd,jdbcType=CHAR},
      </if>
      <if test="cnlYmd != null">
        #{cnlYmd,jdbcType=CHAR},
      </if>
      <if test="cnlWhyCd != null">
        #{cnlWhyCd,jdbcType=CHAR},
      </if>
      <if test="payMethodCd != null">
        #{payMethodCd,jdbcType=CHAR},
      </if>
      <if test="payMainCd != null">
        #{payMainCd,jdbcType=CHAR},
      </if>
      <if test="befoPayManageNum != null">
        #{befoPayManageNum,jdbcType=CHAR},
      </if>
      <if test="afterPayManageNum != null">
        #{afterPayManageNum,jdbcType=CHAR},
      </if>
      <if test="payHopeYmd != null">
        #{payHopeYmd,jdbcType=CHAR},
      </if>
      <if test="chargKind != null">
        #{chargKind,jdbcType=CHAR},
      </if>
      <if test="accountBranchCd != null">
        #{accountBranchCd,jdbcType=VARCHAR},
      </if>
      <if test="bnkBranchCd != null">
        #{bnkBranchCd,jdbcType=VARCHAR},
      </if>
      <if test="socBizNum != null">
        #{socBizNum,jdbcType=CHAR},
      </if>
      <if test="depositorNm != null">
        #{depositorNm,jdbcType=VARCHAR},
      </if>
      <if test="custRelatCd != null">
        #{custRelatCd,jdbcType=CHAR},
      </if>
      <if test="internetGiroId != null">
        #{internetGiroId,jdbcType=VARCHAR},
      </if>
      <if test="depositorTelFlag != null">
        #{depositorTelFlag,jdbcType=CHAR},
      </if>
      <if test="depositorTelDdd != null">
        #{depositorTelDdd,jdbcType=VARCHAR},
      </if>
      <if test="depositorTelExn != null">
        #{depositorTelExn,jdbcType=VARCHAR},
      </if>
      <if test="depositorTelNum != null">
        #{depositorTelNum,jdbcType=VARCHAR},
      </if>
      <if test="validPeriod != null">
        #{validPeriod,jdbcType=CHAR},
      </if>
      <if test="joinCardFlag != null">
        #{joinCardFlag,jdbcType=CHAR},
      </if>
    </trim>
  </insert>
  <select id="countByExample" parameterType="scg.c24.biz.db.gen.model.C1atTransAcntExample" resultType="java.lang.Long">
    <!--
      WARNING - @mbg.generated
      This element is automatically generated by MyBatis Generator, do not modify.
      This element was generated on Thu Sep 22 18:10:50 KST 2016.
    -->
    select count(*) from C11.C1AT_TRANS_ACNT
    <if test="_parameter != null">
      <include refid="Example_Where_Clause" />
    </if>
  </select>
  <update id="updateByExampleSelective" parameterType="map">
    <!--
      WARNING - @mbg.generated
      This element is automatically generated by MyBatis Generator, do not modify.
      This element was generated on Thu Sep 22 18:10:50 KST 2016.
    -->
    update C11.C1AT_TRANS_ACNT
    <set>
      <if test="record.defrayAccountNum != null">
        DEFRAY_ACCOUNT_NUM = #{record.defrayAccountNum,jdbcType=VARCHAR},
      </if>
      <if test="record.custNum != null">
        CUST_NUM = #{record.custNum,jdbcType=CHAR},
      </if>
      <if test="record.updDtm != null">
        UPD_DTM = #{record.updDtm,jdbcType=TIMESTAMP},
      </if>
      <if test="record.updEmpid != null">
        UPD_EMPID = #{record.updEmpid,jdbcType=CHAR},
      </if>
      <if test="record.updIp != null">
        UPD_IP = #{record.updIp,jdbcType=VARCHAR},
      </if>
      <if test="record.crtDtm != null">
        CRT_DTM = #{record.crtDtm,jdbcType=TIMESTAMP},
      </if>
      <if test="record.crtEmpid != null">
        CRT_EMPID = #{record.crtEmpid,jdbcType=CHAR},
      </if>
      <if test="record.crtIp != null">
        CRT_IP = #{record.crtIp,jdbcType=VARCHAR},
      </if>
      <if test="record.tranFlag != null">
        TRAN_FLAG = #{record.tranFlag,jdbcType=CHAR},
      </if>
      <if test="record.bnkCd != null">
        BNK_CD = #{record.bnkCd,jdbcType=CHAR},
      </if>
      <if test="record.receivePlcFlagCd != null">
        RECEIVE_PLC_FLAG_CD = #{record.receivePlcFlagCd,jdbcType=CHAR},
      </if>
      <if test="record.receiveStsCd != null">
        RECEIVE_STS_CD = #{record.receiveStsCd,jdbcType=CHAR},
      </if>
      <if test="record.reqYmd != null">
        REQ_YMD = #{record.reqYmd,jdbcType=CHAR},
      </if>
      <if test="record.transYmd != null">
        TRANS_YMD = #{record.transYmd,jdbcType=CHAR},
      </if>
      <if test="record.cnlYmd != null">
        CNL_YMD = #{record.cnlYmd,jdbcType=CHAR},
      </if>
      <if test="record.cnlWhyCd != null">
        CNL_WHY_CD = #{record.cnlWhyCd,jdbcType=CHAR},
      </if>
      <if test="record.payMethodCd != null">
        PAY_METHOD_CD = #{record.payMethodCd,jdbcType=CHAR},
      </if>
      <if test="record.payMainCd != null">
        PAY_MAIN_CD = #{record.payMainCd,jdbcType=CHAR},
      </if>
      <if test="record.befoPayManageNum != null">
        BEFO_PAY_MANAGE_NUM = #{record.befoPayManageNum,jdbcType=CHAR},
      </if>
      <if test="record.afterPayManageNum != null">
        AFTER_PAY_MANAGE_NUM = #{record.afterPayManageNum,jdbcType=CHAR},
      </if>
      <if test="record.payHopeYmd != null">
        PAY_HOPE_YMD = #{record.payHopeYmd,jdbcType=CHAR},
      </if>
      <if test="record.chargKind != null">
        CHARG_KIND = #{record.chargKind,jdbcType=CHAR},
      </if>
      <if test="record.accountBranchCd != null">
        ACCOUNT_BRANCH_CD = #{record.accountBranchCd,jdbcType=VARCHAR},
      </if>
      <if test="record.bnkBranchCd != null">
        BNK_BRANCH_CD = #{record.bnkBranchCd,jdbcType=VARCHAR},
      </if>
      <if test="record.socBizNum != null">
        SOC_BIZ_NUM = #{record.socBizNum,jdbcType=CHAR},
      </if>
      <if test="record.depositorNm != null">
        DEPOSITOR_NM = #{record.depositorNm,jdbcType=VARCHAR},
      </if>
      <if test="record.custRelatCd != null">
        CUST_RELAT_CD = #{record.custRelatCd,jdbcType=CHAR},
      </if>
      <if test="record.internetGiroId != null">
        INTERNET_GIRO_ID = #{record.internetGiroId,jdbcType=VARCHAR},
      </if>
      <if test="record.depositorTelFlag != null">
        DEPOSITOR_TEL_FLAG = #{record.depositorTelFlag,jdbcType=CHAR},
      </if>
      <if test="record.depositorTelDdd != null">
        DEPOSITOR_TEL_DDD = #{record.depositorTelDdd,jdbcType=VARCHAR},
      </if>
      <if test="record.depositorTelExn != null">
        DEPOSITOR_TEL_EXN = #{record.depositorTelExn,jdbcType=VARCHAR},
      </if>
      <if test="record.depositorTelNum != null">
        DEPOSITOR_TEL_NUM = #{record.depositorTelNum,jdbcType=VARCHAR},
      </if>
      <if test="record.validPeriod != null">
        VALID_PERIOD = #{record.validPeriod,jdbcType=CHAR},
      </if>
      <if test="record.joinCardFlag != null">
        JOIN_CARD_FLAG = #{record.joinCardFlag,jdbcType=CHAR},
      </if>
    </set>
    <if test="_parameter != null">
      <include refid="Update_By_Example_Where_Clause" />
    </if>
  </update>
  <update id="updateByExample" parameterType="map">
    <!--
      WARNING - @mbg.generated
      This element is automatically generated by MyBatis Generator, do not modify.
      This element was generated on Thu Sep 22 18:10:50 KST 2016.
    -->
    update C11.C1AT_TRANS_ACNT
    set DEFRAY_ACCOUNT_NUM = #{record.defrayAccountNum,jdbcType=VARCHAR},
      CUST_NUM = #{record.custNum,jdbcType=CHAR},
      UPD_DTM = #{record.updDtm,jdbcType=TIMESTAMP},
      UPD_EMPID = #{record.updEmpid,jdbcType=CHAR},
      UPD_IP = #{record.updIp,jdbcType=VARCHAR},
      CRT_DTM = #{record.crtDtm,jdbcType=TIMESTAMP},
      CRT_EMPID = #{record.crtEmpid,jdbcType=CHAR},
      CRT_IP = #{record.crtIp,jdbcType=VARCHAR},
      TRAN_FLAG = #{record.tranFlag,jdbcType=CHAR},
      BNK_CD = #{record.bnkCd,jdbcType=CHAR},
      RECEIVE_PLC_FLAG_CD = #{record.receivePlcFlagCd,jdbcType=CHAR},
      RECEIVE_STS_CD = #{record.receiveStsCd,jdbcType=CHAR},
      REQ_YMD = #{record.reqYmd,jdbcType=CHAR},
      TRANS_YMD = #{record.transYmd,jdbcType=CHAR},
      CNL_YMD = #{record.cnlYmd,jdbcType=CHAR},
      CNL_WHY_CD = #{record.cnlWhyCd,jdbcType=CHAR},
      PAY_METHOD_CD = #{record.payMethodCd,jdbcType=CHAR},
      PAY_MAIN_CD = #{record.payMainCd,jdbcType=CHAR},
      BEFO_PAY_MANAGE_NUM = #{record.befoPayManageNum,jdbcType=CHAR},
      AFTER_PAY_MANAGE_NUM = #{record.afterPayManageNum,jdbcType=CHAR},
      PAY_HOPE_YMD = #{record.payHopeYmd,jdbcType=CHAR},
      CHARG_KIND = #{record.chargKind,jdbcType=CHAR},
      ACCOUNT_BRANCH_CD = #{record.accountBranchCd,jdbcType=VARCHAR},
      BNK_BRANCH_CD = #{record.bnkBranchCd,jdbcType=VARCHAR},
      SOC_BIZ_NUM = #{record.socBizNum,jdbcType=CHAR},
      DEPOSITOR_NM = #{record.depositorNm,jdbcType=VARCHAR},
      CUST_RELAT_CD = #{record.custRelatCd,jdbcType=CHAR},
      INTERNET_GIRO_ID = #{record.internetGiroId,jdbcType=VARCHAR},
      DEPOSITOR_TEL_FLAG = #{record.depositorTelFlag,jdbcType=CHAR},
      DEPOSITOR_TEL_DDD = #{record.depositorTelDdd,jdbcType=VARCHAR},
      DEPOSITOR_TEL_EXN = #{record.depositorTelExn,jdbcType=VARCHAR},
      DEPOSITOR_TEL_NUM = #{record.depositorTelNum,jdbcType=VARCHAR},
      VALID_PERIOD = #{record.validPeriod,jdbcType=CHAR},
      JOIN_CARD_FLAG = #{record.joinCardFlag,jdbcType=CHAR}
    <if test="_parameter != null">
      <include refid="Update_By_Example_Where_Clause" />
    </if>
  </update>
  <update id="updateByPrimaryKeySelective" parameterType="scg.c24.biz.db.gen.model.C1atTransAcnt">
    <!--
      WARNING - @mbg.generated
      This element is automatically generated by MyBatis Generator, do not modify.
      This element was generated on Thu Sep 22 18:10:50 KST 2016.
    -->
    update C11.C1AT_TRANS_ACNT
    <set>
      <if test="updDtm != null">
        UPD_DTM = #{updDtm,jdbcType=TIMESTAMP},
      </if>
      <if test="updEmpid != null">
        UPD_EMPID = #{updEmpid,jdbcType=CHAR},
      </if>
      <if test="updIp != null">
        UPD_IP = #{updIp,jdbcType=VARCHAR},
      </if>
      <if test="crtDtm != null">
        CRT_DTM = #{crtDtm,jdbcType=TIMESTAMP},
      </if>
      <if test="crtEmpid != null">
        CRT_EMPID = #{crtEmpid,jdbcType=CHAR},
      </if>
      <if test="crtIp != null">
        CRT_IP = #{crtIp,jdbcType=VARCHAR},
      </if>
      <if test="tranFlag != null">
        TRAN_FLAG = #{tranFlag,jdbcType=CHAR},
      </if>
      <if test="bnkCd != null">
        BNK_CD = #{bnkCd,jdbcType=CHAR},
      </if>
      <if test="receivePlcFlagCd != null">
        RECEIVE_PLC_FLAG_CD = #{receivePlcFlagCd,jdbcType=CHAR},
      </if>
      <if test="receiveStsCd != null">
        RECEIVE_STS_CD = #{receiveStsCd,jdbcType=CHAR},
      </if>
      <if test="reqYmd != null">
        REQ_YMD = #{reqYmd,jdbcType=CHAR},
      </if>
      <if test="transYmd != null">
        TRANS_YMD = #{transYmd,jdbcType=CHAR},
      </if>
      <if test="cnlYmd != null">
        CNL_YMD = #{cnlYmd,jdbcType=CHAR},
      </if>
      <if test="cnlWhyCd != null">
        CNL_WHY_CD = #{cnlWhyCd,jdbcType=CHAR},
      </if>
      <if test="payMethodCd != null">
        PAY_METHOD_CD = #{payMethodCd,jdbcType=CHAR},
      </if>
      <if test="payMainCd != null">
        PAY_MAIN_CD = #{payMainCd,jdbcType=CHAR},
      </if>
      <if test="befoPayManageNum != null">
        BEFO_PAY_MANAGE_NUM = #{befoPayManageNum,jdbcType=CHAR},
      </if>
      <if test="afterPayManageNum != null">
        AFTER_PAY_MANAGE_NUM = #{afterPayManageNum,jdbcType=CHAR},
      </if>
      <if test="payHopeYmd != null">
        PAY_HOPE_YMD = #{payHopeYmd,jdbcType=CHAR},
      </if>
      <if test="chargKind != null">
        CHARG_KIND = #{chargKind,jdbcType=CHAR},
      </if>
      <if test="accountBranchCd != null">
        ACCOUNT_BRANCH_CD = #{accountBranchCd,jdbcType=VARCHAR},
      </if>
      <if test="bnkBranchCd != null">
        BNK_BRANCH_CD = #{bnkBranchCd,jdbcType=VARCHAR},
      </if>
      <if test="socBizNum != null">
        SOC_BIZ_NUM = #{socBizNum,jdbcType=CHAR},
      </if>
      <if test="depositorNm != null">
        DEPOSITOR_NM = #{depositorNm,jdbcType=VARCHAR},
      </if>
      <if test="custRelatCd != null">
        CUST_RELAT_CD = #{custRelatCd,jdbcType=CHAR},
      </if>
      <if test="internetGiroId != null">
        INTERNET_GIRO_ID = #{internetGiroId,jdbcType=VARCHAR},
      </if>
      <if test="depositorTelFlag != null">
        DEPOSITOR_TEL_FLAG = #{depositorTelFlag,jdbcType=CHAR},
      </if>
      <if test="depositorTelDdd != null">
        DEPOSITOR_TEL_DDD = #{depositorTelDdd,jdbcType=VARCHAR},
      </if>
      <if test="depositorTelExn != null">
        DEPOSITOR_TEL_EXN = #{depositorTelExn,jdbcType=VARCHAR},
      </if>
      <if test="depositorTelNum != null">
        DEPOSITOR_TEL_NUM = #{depositorTelNum,jdbcType=VARCHAR},
      </if>
      <if test="validPeriod != null">
        VALID_PERIOD = #{validPeriod,jdbcType=CHAR},
      </if>
      <if test="joinCardFlag != null">
        JOIN_CARD_FLAG = #{joinCardFlag,jdbcType=CHAR},
      </if>
    </set>
    where DEFRAY_ACCOUNT_NUM = #{defrayAccountNum,jdbcType=VARCHAR}
      and CUST_NUM = #{custNum,jdbcType=CHAR}
  </update>
  <update id="updateByPrimaryKey" parameterType="scg.c24.biz.db.gen.model.C1atTransAcnt">
    <!--
      WARNING - @mbg.generated
      This element is automatically generated by MyBatis Generator, do not modify.
      This element was generated on Thu Sep 22 18:10:50 KST 2016.
    -->
    update C11.C1AT_TRANS_ACNT
    set UPD_DTM = #{updDtm,jdbcType=TIMESTAMP},
      UPD_EMPID = #{updEmpid,jdbcType=CHAR},
      UPD_IP = #{updIp,jdbcType=VARCHAR},
      CRT_DTM = #{crtDtm,jdbcType=TIMESTAMP},
      CRT_EMPID = #{crtEmpid,jdbcType=CHAR},
      CRT_IP = #{crtIp,jdbcType=VARCHAR},
      TRAN_FLAG = #{tranFlag,jdbcType=CHAR},
      BNK_CD = #{bnkCd,jdbcType=CHAR},
      RECEIVE_PLC_FLAG_CD = #{receivePlcFlagCd,jdbcType=CHAR},
      RECEIVE_STS_CD = #{receiveStsCd,jdbcType=CHAR},
      REQ_YMD = #{reqYmd,jdbcType=CHAR},
      TRANS_YMD = #{transYmd,jdbcType=CHAR},
      CNL_YMD = #{cnlYmd,jdbcType=CHAR},
      CNL_WHY_CD = #{cnlWhyCd,jdbcType=CHAR},
      PAY_METHOD_CD = #{payMethodCd,jdbcType=CHAR},
      PAY_MAIN_CD = #{payMainCd,jdbcType=CHAR},
      BEFO_PAY_MANAGE_NUM = #{befoPayManageNum,jdbcType=CHAR},
      AFTER_PAY_MANAGE_NUM = #{afterPayManageNum,jdbcType=CHAR},
      PAY_HOPE_YMD = #{payHopeYmd,jdbcType=CHAR},
      CHARG_KIND = #{chargKind,jdbcType=CHAR},
      ACCOUNT_BRANCH_CD = #{accountBranchCd,jdbcType=VARCHAR},
      BNK_BRANCH_CD = #{bnkBranchCd,jdbcType=VARCHAR},
      SOC_BIZ_NUM = #{socBizNum,jdbcType=CHAR},
      DEPOSITOR_NM = #{depositorNm,jdbcType=VARCHAR},
      CUST_RELAT_CD = #{custRelatCd,jdbcType=CHAR},
      INTERNET_GIRO_ID = #{internetGiroId,jdbcType=VARCHAR},
      DEPOSITOR_TEL_FLAG = #{depositorTelFlag,jdbcType=CHAR},
      DEPOSITOR_TEL_DDD = #{depositorTelDdd,jdbcType=VARCHAR},
      DEPOSITOR_TEL_EXN = #{depositorTelExn,jdbcType=VARCHAR},
      DEPOSITOR_TEL_NUM = #{depositorTelNum,jdbcType=VARCHAR},
      VALID_PERIOD = #{validPeriod,jdbcType=CHAR},
      JOIN_CARD_FLAG = #{joinCardFlag,jdbcType=CHAR}
    where DEFRAY_ACCOUNT_NUM = #{defrayAccountNum,jdbcType=VARCHAR}
      and CUST_NUM = #{custNum,jdbcType=CHAR}
  </update>
</mapper>