<?xml version="1.0" encoding="UTF-8"?>
<!DOCTYPE mapper PUBLIC "-//mybatis.org//DTD Mapper 3.0//EN" "http://mybatis.org/dtd/mybatis-3-mapper.dtd">
<mapper namespace="scg.c24.biz.db.gen.model.C1atCustInfoMapper">
  <resultMap id="BaseResultMap" type="scg.c24.biz.db.gen.model.C1atCustInfo">
    <!--
      WARNING - @mbg.generated
      This element is automatically generated by MyBatis Generator, do not modify.
      This element was generated on Thu Sep 22 18:10:50 KST 2016.
    -->
    <id column="CUST_NUM" jdbcType="CHAR" property="custNum" />
    <result column="UPD_DTM" jdbcType="TIMESTAMP" property="updDtm" />
    <result column="UPD_EMPID" jdbcType="CHAR" property="updEmpid" />
    <result column="UPD_IP" jdbcType="VARCHAR" property="updIp" />
    <result column="CRT_DTM" jdbcType="TIMESTAMP" property="crtDtm" />
    <result column="CRT_EMPID" jdbcType="CHAR" property="crtEmpid" />
    <result column="CRT_IP" jdbcType="VARCHAR" property="crtIp" />
    <result column="CUST_TYPE_CD" jdbcType="CHAR" property="custTypeCd" />
    <result column="CUST_NM" jdbcType="VARCHAR" property="custNm" />
    <result column="FIRM_NM" jdbcType="VARCHAR" property="firmNm" />
    <result column="SOC_NUM" jdbcType="CHAR" property="socNum" />
    <result column="BIZ_REGI_NUM" jdbcType="CHAR" property="bizRegiNum" />
    <result column="CP_DDD" jdbcType="VARCHAR" property="cpDdd" />
    <result column="CP_EXN" jdbcType="VARCHAR" property="cpExn" />
    <result column="CP_NUM" jdbcType="VARCHAR" property="cpNum" />
    <result column="OWNHOUSE_TEL_DDD" jdbcType="VARCHAR" property="ownhouseTelDdd" />
    <result column="OWNHOUSE_TEL_EXN" jdbcType="VARCHAR" property="ownhouseTelExn" />
    <result column="OWNHOUSE_TEL_NUM" jdbcType="VARCHAR" property="ownhouseTelNum" />
    <result column="FIRM_TEL_DDD" jdbcType="VARCHAR" property="firmTelDdd" />
    <result column="FIRM_TEL_EXN" jdbcType="VARCHAR" property="firmTelExn" />
    <result column="FIRM_TEL_NUM" jdbcType="VARCHAR" property="firmTelNum" />
    <result column="FAX_DDD" jdbcType="VARCHAR" property="faxDdd" />
    <result column="FAX_EXN" jdbcType="VARCHAR" property="faxExn" />
    <result column="FAX_NUM" jdbcType="VARCHAR" property="faxNum" />
    <result column="SCG_RELAT_CD" jdbcType="CHAR" property="scgRelatCd" />
    <result column="EMAIL" jdbcType="VARCHAR" property="email" />
    <result column="REAL_NM_CONF_YN" jdbcType="CHAR" property="realNmConfYn" />
    <result column="USE_CUST_YN" jdbcType="CHAR" property="useCustYn" />
    <result column="OWNER_YN" jdbcType="CHAR" property="ownerYn" />
    <result column="PAY_CUST_YN" jdbcType="CHAR" property="payCustYn" />
    <result column="INST_PLACE_ADDR_YN" jdbcType="CHAR" property="instPlaceAddrYn" />
    <result column="FAMILY_CNT" jdbcType="DECIMAL" property="familyCnt" />
    <result column="OCCUPATION_CD" jdbcType="CHAR" property="occupationCd" />
    <result column="CUST_TRND_CD" jdbcType="CHAR" property="custTrndCd" />
    <result column="INFO_USE_AGREE_YN" jdbcType="CHAR" property="infoUseAgreeYn" />
    <result column="CONF_YN" jdbcType="CHAR" property="confYn" />
    <result column="CONF_YMD" jdbcType="CHAR" property="confYmd" />
    <result column="CONF_EMPID" jdbcType="CHAR" property="confEmpid" />
    <result column="CHG_EMPID" jdbcType="CHAR" property="chgEmpid" />
    <result column="CHG_WHY_CD" jdbcType="CHAR" property="chgWhyCd" />
    <result column="CHG_RMK" jdbcType="VARCHAR" property="chgRmk" />
    <result column="NONPAY_TRND_CD" jdbcType="CHAR" property="nonpayTrndCd" />
    <result column="CUST_STS_FLAG" jdbcType="CHAR" property="custStsFlag" />
    <result column="COL_YMD" jdbcType="TIMESTAMP" property="colYmd" />
    <result column="DATA_COL_TYPE" jdbcType="CHAR" property="dataColType" />
    <result column="SMS_DISAGREE_YN" jdbcType="CHAR" property="smsDisagreeYn" />
    <result column="SMS_DISAGREE_EMPID" jdbcType="CHAR" property="smsDisagreeEmpid" />
    <result column="BIRTH_DATE" jdbcType="CHAR" property="birthDate" />
    <result column="GENDER" jdbcType="CHAR" property="gender" />
    <result column="SAFE_KEY" jdbcType="CHAR" property="safeKey" />
  </resultMap>
  <sql id="Example_Where_Clause">
    <!--
      WARNING - @mbg.generated
      This element is automatically generated by MyBatis Generator, do not modify.
      This element was generated on Thu Sep 22 18:10:50 KST 2016.
    -->
    <where>
      <foreach collection="oredCriteria" item="criteria" separator="or">
        <if test="criteria.valid">
          <trim prefix="(" prefixOverrides="and" suffix=")">
            <foreach collection="criteria.criteria" item="criterion">
              <choose>
                <when test="criterion.noValue">
                  and ${criterion.condition}
                </when>
                <when test="criterion.singleValue">
                  and ${criterion.condition} #{criterion.value}
                </when>
                <when test="criterion.betweenValue">
                  and ${criterion.condition} #{criterion.value} and #{criterion.secondValue}
                </when>
                <when test="criterion.listValue">
                  and ${criterion.condition}
                  <foreach close=")" collection="criterion.value" item="listItem" open="(" separator=",">
                    #{listItem}
                  </foreach>
                </when>
              </choose>
            </foreach>
          </trim>
        </if>
      </foreach>
    </where>
  </sql>
  <sql id="Update_By_Example_Where_Clause">
    <!--
      WARNING - @mbg.generated
      This element is automatically generated by MyBatis Generator, do not modify.
      This element was generated on Thu Sep 22 18:10:50 KST 2016.
    -->
    <where>
      <foreach collection="example.oredCriteria" item="criteria" separator="or">
        <if test="criteria.valid">
          <trim prefix="(" prefixOverrides="and" suffix=")">
            <foreach collection="criteria.criteria" item="criterion">
              <choose>
                <when test="criterion.noValue">
                  and ${criterion.condition}
                </when>
                <when test="criterion.singleValue">
                  and ${criterion.condition} #{criterion.value}
                </when>
                <when test="criterion.betweenValue">
                  and ${criterion.condition} #{criterion.value} and #{criterion.secondValue}
                </when>
                <when test="criterion.listValue">
                  and ${criterion.condition}
                  <foreach close=")" collection="criterion.value" item="listItem" open="(" separator=",">
                    #{listItem}
                  </foreach>
                </when>
              </choose>
            </foreach>
          </trim>
        </if>
      </foreach>
    </where>
  </sql>
  <sql id="Base_Column_List">
    <!--
      WARNING - @mbg.generated
      This element is automatically generated by MyBatis Generator, do not modify.
      This element was generated on Thu Sep 22 18:10:50 KST 2016.
    -->
    CUST_NUM, UPD_DTM, UPD_EMPID, UPD_IP, CRT_DTM, CRT_EMPID, CRT_IP, CUST_TYPE_CD, CUST_NM, 
    FIRM_NM, SOC_NUM, BIZ_REGI_NUM, CP_DDD, CP_EXN, CP_NUM, OWNHOUSE_TEL_DDD, OWNHOUSE_TEL_EXN, 
    OWNHOUSE_TEL_NUM, FIRM_TEL_DDD, FIRM_TEL_EXN, FIRM_TEL_NUM, FAX_DDD, FAX_EXN, FAX_NUM, 
    SCG_RELAT_CD, EMAIL, REAL_NM_CONF_YN, USE_CUST_YN, OWNER_YN, PAY_CUST_YN, INST_PLACE_ADDR_YN, 
    FAMILY_CNT, OCCUPATION_CD, CUST_TRND_CD, INFO_USE_AGREE_YN, CONF_YN, CONF_YMD, CONF_EMPID, 
    CHG_EMPID, CHG_WHY_CD, CHG_RMK, NONPAY_TRND_CD, CUST_STS_FLAG, COL_YMD, DATA_COL_TYPE, 
    SMS_DISAGREE_YN, SMS_DISAGREE_EMPID, BIRTH_DATE, GENDER, SAFE_KEY
  </sql>
  <select id="selectByExample" parameterType="scg.c24.biz.db.gen.model.C1atCustInfoExample" resultMap="BaseResultMap">
    <!--
      WARNING - @mbg.generated
      This element is automatically generated by MyBatis Generator, do not modify.
      This element was generated on Thu Sep 22 18:10:50 KST 2016.
    -->
    select
    <if test="distinct">
      distinct
    </if>
    <include refid="Base_Column_List" />
    from C11.C1AT_CUST_INFO
    <if test="_parameter != null">
      <include refid="Example_Where_Clause" />
    </if>
    <if test="orderByClause != null">
      order by ${orderByClause}
    </if>
  </select>
  <select id="selectByPrimaryKey" parameterType="java.lang.String" resultMap="BaseResultMap">
    <!--
      WARNING - @mbg.generated
      This element is automatically generated by MyBatis Generator, do not modify.
      This element was generated on Thu Sep 22 18:10:50 KST 2016.
    -->
    select 
    <include refid="Base_Column_List" />
    from C11.C1AT_CUST_INFO
    where CUST_NUM = #{custNum,jdbcType=CHAR}
  </select>
  <delete id="deleteByPrimaryKey" parameterType="java.lang.String">
    <!--
      WARNING - @mbg.generated
      This element is automatically generated by MyBatis Generator, do not modify.
      This element was generated on Thu Sep 22 18:10:50 KST 2016.
    -->
    delete from C11.C1AT_CUST_INFO
    where CUST_NUM = #{custNum,jdbcType=CHAR}
  </delete>
  <delete id="deleteByExample" parameterType="scg.c24.biz.db.gen.model.C1atCustInfoExample">
    <!--
      WARNING - @mbg.generated
      This element is automatically generated by MyBatis Generator, do not modify.
      This element was generated on Thu Sep 22 18:10:50 KST 2016.
    -->
    delete from C11.C1AT_CUST_INFO
    <if test="_parameter != null">
      <include refid="Example_Where_Clause" />
    </if>
  </delete>
  <insert id="insert" parameterType="scg.c24.biz.db.gen.model.C1atCustInfo">
    <!--
      WARNING - @mbg.generated
      This element is automatically generated by MyBatis Generator, do not modify.
      This element was generated on Thu Sep 22 18:10:50 KST 2016.
    -->
    insert into C11.C1AT_CUST_INFO (CUST_NUM, UPD_DTM, UPD_EMPID, 
      UPD_IP, CRT_DTM, CRT_EMPID, 
      CRT_IP, CUST_TYPE_CD, CUST_NM, 
      FIRM_NM, SOC_NUM, BIZ_REGI_NUM, 
      CP_DDD, CP_EXN, CP_NUM, 
      OWNHOUSE_TEL_DDD, OWNHOUSE_TEL_EXN, OWNHOUSE_TEL_NUM, 
      FIRM_TEL_DDD, FIRM_TEL_EXN, FIRM_TEL_NUM, 
      FAX_DDD, FAX_EXN, FAX_NUM, 
      SCG_RELAT_CD, EMAIL, REAL_NM_CONF_YN, 
      USE_CUST_YN, OWNER_YN, PAY_CUST_YN, 
      INST_PLACE_ADDR_YN, FAMILY_CNT, OCCUPATION_CD, 
      CUST_TRND_CD, INFO_USE_AGREE_YN, CONF_YN, 
      CONF_YMD, CONF_EMPID, CHG_EMPID, 
      CHG_WHY_CD, CHG_RMK, NONPAY_TRND_CD, 
      CUST_STS_FLAG, COL_YMD, DATA_COL_TYPE, 
      SMS_DISAGREE_YN, SMS_DISAGREE_EMPID, BIRTH_DATE, 
      GENDER, SAFE_KEY)
    values (#{custNum,jdbcType=CHAR}, #{updDtm,jdbcType=TIMESTAMP}, #{updEmpid,jdbcType=CHAR}, 
      #{updIp,jdbcType=VARCHAR}, #{crtDtm,jdbcType=TIMESTAMP}, #{crtEmpid,jdbcType=CHAR}, 
      #{crtIp,jdbcType=VARCHAR}, #{custTypeCd,jdbcType=CHAR}, #{custNm,jdbcType=VARCHAR}, 
      #{firmNm,jdbcType=VARCHAR}, #{socNum,jdbcType=CHAR}, #{bizRegiNum,jdbcType=CHAR}, 
      #{cpDdd,jdbcType=VARCHAR}, #{cpExn,jdbcType=VARCHAR}, #{cpNum,jdbcType=VARCHAR}, 
      #{ownhouseTelDdd,jdbcType=VARCHAR}, #{ownhouseTelExn,jdbcType=VARCHAR}, #{ownhouseTelNum,jdbcType=VARCHAR}, 
      #{firmTelDdd,jdbcType=VARCHAR}, #{firmTelExn,jdbcType=VARCHAR}, #{firmTelNum,jdbcType=VARCHAR}, 
      #{faxDdd,jdbcType=VARCHAR}, #{faxExn,jdbcType=VARCHAR}, #{faxNum,jdbcType=VARCHAR}, 
      #{scgRelatCd,jdbcType=CHAR}, #{email,jdbcType=VARCHAR}, #{realNmConfYn,jdbcType=CHAR}, 
      #{useCustYn,jdbcType=CHAR}, #{ownerYn,jdbcType=CHAR}, #{payCustYn,jdbcType=CHAR}, 
      #{instPlaceAddrYn,jdbcType=CHAR}, #{familyCnt,jdbcType=DECIMAL}, #{occupationCd,jdbcType=CHAR}, 
      #{custTrndCd,jdbcType=CHAR}, #{infoUseAgreeYn,jdbcType=CHAR}, #{confYn,jdbcType=CHAR}, 
      #{confYmd,jdbcType=CHAR}, #{confEmpid,jdbcType=CHAR}, #{chgEmpid,jdbcType=CHAR}, 
      #{chgWhyCd,jdbcType=CHAR}, #{chgRmk,jdbcType=VARCHAR}, #{nonpayTrndCd,jdbcType=CHAR}, 
      #{custStsFlag,jdbcType=CHAR}, #{colYmd,jdbcType=TIMESTAMP}, #{dataColType,jdbcType=CHAR}, 
      #{smsDisagreeYn,jdbcType=CHAR}, #{smsDisagreeEmpid,jdbcType=CHAR}, #{birthDate,jdbcType=CHAR}, 
      #{gender,jdbcType=CHAR}, #{safeKey,jdbcType=CHAR})
  </insert>
  <insert id="insertSelective" parameterType="scg.c24.biz.db.gen.model.C1atCustInfo">
    <!--
      WARNING - @mbg.generated
      This element is automatically generated by MyBatis Generator, do not modify.
      This element was generated on Thu Sep 22 18:10:50 KST 2016.
    -->
    insert into C11.C1AT_CUST_INFO
    <trim prefix="(" suffix=")" suffixOverrides=",">
      <if test="custNum != null">
        CUST_NUM,
      </if>
      <if test="updDtm != null">
        UPD_DTM,
      </if>
      <if test="updEmpid != null">
        UPD_EMPID,
      </if>
      <if test="updIp != null">
        UPD_IP,
      </if>
      <if test="crtDtm != null">
        CRT_DTM,
      </if>
      <if test="crtEmpid != null">
        CRT_EMPID,
      </if>
      <if test="crtIp != null">
        CRT_IP,
      </if>
      <if test="custTypeCd != null">
        CUST_TYPE_CD,
      </if>
      <if test="custNm != null">
        CUST_NM,
      </if>
      <if test="firmNm != null">
        FIRM_NM,
      </if>
      <if test="socNum != null">
        SOC_NUM,
      </if>
      <if test="bizRegiNum != null">
        BIZ_REGI_NUM,
      </if>
      <if test="cpDdd != null">
        CP_DDD,
      </if>
      <if test="cpExn != null">
        CP_EXN,
      </if>
      <if test="cpNum != null">
        CP_NUM,
      </if>
      <if test="ownhouseTelDdd != null">
        OWNHOUSE_TEL_DDD,
      </if>
      <if test="ownhouseTelExn != null">
        OWNHOUSE_TEL_EXN,
      </if>
      <if test="ownhouseTelNum != null">
        OWNHOUSE_TEL_NUM,
      </if>
      <if test="firmTelDdd != null">
        FIRM_TEL_DDD,
      </if>
      <if test="firmTelExn != null">
        FIRM_TEL_EXN,
      </if>
      <if test="firmTelNum != null">
        FIRM_TEL_NUM,
      </if>
      <if test="faxDdd != null">
        FAX_DDD,
      </if>
      <if test="faxExn != null">
        FAX_EXN,
      </if>
      <if test="faxNum != null">
        FAX_NUM,
      </if>
      <if test="scgRelatCd != null">
        SCG_RELAT_CD,
      </if>
      <if test="email != null">
        EMAIL,
      </if>
      <if test="realNmConfYn != null">
        REAL_NM_CONF_YN,
      </if>
      <if test="useCustYn != null">
        USE_CUST_YN,
      </if>
      <if test="ownerYn != null">
        OWNER_YN,
      </if>
      <if test="payCustYn != null">
        PAY_CUST_YN,
      </if>
      <if test="instPlaceAddrYn != null">
        INST_PLACE_ADDR_YN,
      </if>
      <if test="familyCnt != null">
        FAMILY_CNT,
      </if>
      <if test="occupationCd != null">
        OCCUPATION_CD,
      </if>
      <if test="custTrndCd != null">
        CUST_TRND_CD,
      </if>
      <if test="infoUseAgreeYn != null">
        INFO_USE_AGREE_YN,
      </if>
      <if test="confYn != null">
        CONF_YN,
      </if>
      <if test="confYmd != null">
        CONF_YMD,
      </if>
      <if test="confEmpid != null">
        CONF_EMPID,
      </if>
      <if test="chgEmpid != null">
        CHG_EMPID,
      </if>
      <if test="chgWhyCd != null">
        CHG_WHY_CD,
      </if>
      <if test="chgRmk != null">
        CHG_RMK,
      </if>
      <if test="nonpayTrndCd != null">
        NONPAY_TRND_CD,
      </if>
      <if test="custStsFlag != null">
        CUST_STS_FLAG,
      </if>
      <if test="colYmd != null">
        COL_YMD,
      </if>
      <if test="dataColType != null">
        DATA_COL_TYPE,
      </if>
      <if test="smsDisagreeYn != null">
        SMS_DISAGREE_YN,
      </if>
      <if test="smsDisagreeEmpid != null">
        SMS_DISAGREE_EMPID,
      </if>
      <if test="birthDate != null">
        BIRTH_DATE,
      </if>
      <if test="gender != null">
        GENDER,
      </if>
      <if test="safeKey != null">
        SAFE_KEY,
      </if>
    </trim>
    <trim prefix="values (" suffix=")" suffixOverrides=",">
      <if test="custNum != null">
        #{custNum,jdbcType=CHAR},
      </if>
      <if test="updDtm != null">
        #{updDtm,jdbcType=TIMESTAMP},
      </if>
      <if test="updEmpid != null">
        #{updEmpid,jdbcType=CHAR},
      </if>
      <if test="updIp != null">
        #{updIp,jdbcType=VARCHAR},
      </if>
      <if test="crtDtm != null">
        #{crtDtm,jdbcType=TIMESTAMP},
      </if>
      <if test="crtEmpid != null">
        #{crtEmpid,jdbcType=CHAR},
      </if>
      <if test="crtIp != null">
        #{crtIp,jdbcType=VARCHAR},
      </if>
      <if test="custTypeCd != null">
        #{custTypeCd,jdbcType=CHAR},
      </if>
      <if test="custNm != null">
        #{custNm,jdbcType=VARCHAR},
      </if>
      <if test="firmNm != null">
        #{firmNm,jdbcType=VARCHAR},
      </if>
      <if test="socNum != null">
        #{socNum,jdbcType=CHAR},
      </if>
      <if test="bizRegiNum != null">
        #{bizRegiNum,jdbcType=CHAR},
      </if>
      <if test="cpDdd != null">
        #{cpDdd,jdbcType=VARCHAR},
      </if>
      <if test="cpExn != null">
        #{cpExn,jdbcType=VARCHAR},
      </if>
      <if test="cpNum != null">
        #{cpNum,jdbcType=VARCHAR},
      </if>
      <if test="ownhouseTelDdd != null">
        #{ownhouseTelDdd,jdbcType=VARCHAR},
      </if>
      <if test="ownhouseTelExn != null">
        #{ownhouseTelExn,jdbcType=VARCHAR},
      </if>
      <if test="ownhouseTelNum != null">
        #{ownhouseTelNum,jdbcType=VARCHAR},
      </if>
      <if test="firmTelDdd != null">
        #{firmTelDdd,jdbcType=VARCHAR},
      </if>
      <if test="firmTelExn != null">
        #{firmTelExn,jdbcType=VARCHAR},
      </if>
      <if test="firmTelNum != null">
        #{firmTelNum,jdbcType=VARCHAR},
      </if>
      <if test="faxDdd != null">
        #{faxDdd,jdbcType=VARCHAR},
      </if>
      <if test="faxExn != null">
        #{faxExn,jdbcType=VARCHAR},
      </if>
      <if test="faxNum != null">
        #{faxNum,jdbcType=VARCHAR},
      </if>
      <if test="scgRelatCd != null">
        #{scgRelatCd,jdbcType=CHAR},
      </if>
      <if test="email != null">
        #{email,jdbcType=VARCHAR},
      </if>
      <if test="realNmConfYn != null">
        #{realNmConfYn,jdbcType=CHAR},
      </if>
      <if test="useCustYn != null">
        #{useCustYn,jdbcType=CHAR},
      </if>
      <if test="ownerYn != null">
        #{ownerYn,jdbcType=CHAR},
      </if>
      <if test="payCustYn != null">
        #{payCustYn,jdbcType=CHAR},
      </if>
      <if test="instPlaceAddrYn != null">
        #{instPlaceAddrYn,jdbcType=CHAR},
      </if>
      <if test="familyCnt != null">
        #{familyCnt,jdbcType=DECIMAL},
      </if>
      <if test="occupationCd != null">
        #{occupationCd,jdbcType=CHAR},
      </if>
      <if test="custTrndCd != null">
        #{custTrndCd,jdbcType=CHAR},
      </if>
      <if test="infoUseAgreeYn != null">
        #{infoUseAgreeYn,jdbcType=CHAR},
      </if>
      <if test="confYn != null">
        #{confYn,jdbcType=CHAR},
      </if>
      <if test="confYmd != null">
        #{confYmd,jdbcType=CHAR},
      </if>
      <if test="confEmpid != null">
        #{confEmpid,jdbcType=CHAR},
      </if>
      <if test="chgEmpid != null">
        #{chgEmpid,jdbcType=CHAR},
      </if>
      <if test="chgWhyCd != null">
        #{chgWhyCd,jdbcType=CHAR},
      </if>
      <if test="chgRmk != null">
        #{chgRmk,jdbcType=VARCHAR},
      </if>
      <if test="nonpayTrndCd != null">
        #{nonpayTrndCd,jdbcType=CHAR},
      </if>
      <if test="custStsFlag != null">
        #{custStsFlag,jdbcType=CHAR},
      </if>
      <if test="colYmd != null">
        #{colYmd,jdbcType=TIMESTAMP},
      </if>
      <if test="dataColType != null">
        #{dataColType,jdbcType=CHAR},
      </if>
      <if test="smsDisagreeYn != null">
        #{smsDisagreeYn,jdbcType=CHAR},
      </if>
      <if test="smsDisagreeEmpid != null">
        #{smsDisagreeEmpid,jdbcType=CHAR},
      </if>
      <if test="birthDate != null">
        #{birthDate,jdbcType=CHAR},
      </if>
      <if test="gender != null">
        #{gender,jdbcType=CHAR},
      </if>
      <if test="safeKey != null">
        #{safeKey,jdbcType=CHAR},
      </if>
    </trim>
  </insert>
  <select id="countByExample" parameterType="scg.c24.biz.db.gen.model.C1atCustInfoExample" resultType="java.lang.Long">
    <!--
      WARNING - @mbg.generated
      This element is automatically generated by MyBatis Generator, do not modify.
      This element was generated on Thu Sep 22 18:10:50 KST 2016.
    -->
    select count(*) from C11.C1AT_CUST_INFO
    <if test="_parameter != null">
      <include refid="Example_Where_Clause" />
    </if>
  </select>
  <update id="updateByExampleSelective" parameterType="map">
    <!--
      WARNING - @mbg.generated
      This element is automatically generated by MyBatis Generator, do not modify.
      This element was generated on Thu Sep 22 18:10:50 KST 2016.
    -->
    update C11.C1AT_CUST_INFO
    <set>
      <if test="record.custNum != null">
        CUST_NUM = #{record.custNum,jdbcType=CHAR},
      </if>
      <if test="record.updDtm != null">
        UPD_DTM = #{record.updDtm,jdbcType=TIMESTAMP},
      </if>
      <if test="record.updEmpid != null">
        UPD_EMPID = #{record.updEmpid,jdbcType=CHAR},
      </if>
      <if test="record.updIp != null">
        UPD_IP = #{record.updIp,jdbcType=VARCHAR},
      </if>
      <if test="record.crtDtm != null">
        CRT_DTM = #{record.crtDtm,jdbcType=TIMESTAMP},
      </if>
      <if test="record.crtEmpid != null">
        CRT_EMPID = #{record.crtEmpid,jdbcType=CHAR},
      </if>
      <if test="record.crtIp != null">
        CRT_IP = #{record.crtIp,jdbcType=VARCHAR},
      </if>
      <if test="record.custTypeCd != null">
        CUST_TYPE_CD = #{record.custTypeCd,jdbcType=CHAR},
      </if>
      <if test="record.custNm != null">
        CUST_NM = #{record.custNm,jdbcType=VARCHAR},
      </if>
      <if test="record.firmNm != null">
        FIRM_NM = #{record.firmNm,jdbcType=VARCHAR},
      </if>
      <if test="record.socNum != null">
        SOC_NUM = #{record.socNum,jdbcType=CHAR},
      </if>
      <if test="record.bizRegiNum != null">
        BIZ_REGI_NUM = #{record.bizRegiNum,jdbcType=CHAR},
      </if>
      <if test="record.cpDdd != null">
        CP_DDD = #{record.cpDdd,jdbcType=VARCHAR},
      </if>
      <if test="record.cpExn != null">
        CP_EXN = #{record.cpExn,jdbcType=VARCHAR},
      </if>
      <if test="record.cpNum != null">
        CP_NUM = #{record.cpNum,jdbcType=VARCHAR},
      </if>
      <if test="record.ownhouseTelDdd != null">
        OWNHOUSE_TEL_DDD = #{record.ownhouseTelDdd,jdbcType=VARCHAR},
      </if>
      <if test="record.ownhouseTelExn != null">
        OWNHOUSE_TEL_EXN = #{record.ownhouseTelExn,jdbcType=VARCHAR},
      </if>
      <if test="record.ownhouseTelNum != null">
        OWNHOUSE_TEL_NUM = #{record.ownhouseTelNum,jdbcType=VARCHAR},
      </if>
      <if test="record.firmTelDdd != null">
        FIRM_TEL_DDD = #{record.firmTelDdd,jdbcType=VARCHAR},
      </if>
      <if test="record.firmTelExn != null">
        FIRM_TEL_EXN = #{record.firmTelExn,jdbcType=VARCHAR},
      </if>
      <if test="record.firmTelNum != null">
        FIRM_TEL_NUM = #{record.firmTelNum,jdbcType=VARCHAR},
      </if>
      <if test="record.faxDdd != null">
        FAX_DDD = #{record.faxDdd,jdbcType=VARCHAR},
      </if>
      <if test="record.faxExn != null">
        FAX_EXN = #{record.faxExn,jdbcType=VARCHAR},
      </if>
      <if test="record.faxNum != null">
        FAX_NUM = #{record.faxNum,jdbcType=VARCHAR},
      </if>
      <if test="record.scgRelatCd != null">
        SCG_RELAT_CD = #{record.scgRelatCd,jdbcType=CHAR},
      </if>
      <if test="record.email != null">
        EMAIL = #{record.email,jdbcType=VARCHAR},
      </if>
      <if test="record.realNmConfYn != null">
        REAL_NM_CONF_YN = #{record.realNmConfYn,jdbcType=CHAR},
      </if>
      <if test="record.useCustYn != null">
        USE_CUST_YN = #{record.useCustYn,jdbcType=CHAR},
      </if>
      <if test="record.ownerYn != null">
        OWNER_YN = #{record.ownerYn,jdbcType=CHAR},
      </if>
      <if test="record.payCustYn != null">
        PAY_CUST_YN = #{record.payCustYn,jdbcType=CHAR},
      </if>
      <if test="record.instPlaceAddrYn != null">
        INST_PLACE_ADDR_YN = #{record.instPlaceAddrYn,jdbcType=CHAR},
      </if>
      <if test="record.familyCnt != null">
        FAMILY_CNT = #{record.familyCnt,jdbcType=DECIMAL},
      </if>
      <if test="record.occupationCd != null">
        OCCUPATION_CD = #{record.occupationCd,jdbcType=CHAR},
      </if>
      <if test="record.custTrndCd != null">
        CUST_TRND_CD = #{record.custTrndCd,jdbcType=CHAR},
      </if>
      <if test="record.infoUseAgreeYn != null">
        INFO_USE_AGREE_YN = #{record.infoUseAgreeYn,jdbcType=CHAR},
      </if>
      <if test="record.confYn != null">
        CONF_YN = #{record.confYn,jdbcType=CHAR},
      </if>
      <if test="record.confYmd != null">
        CONF_YMD = #{record.confYmd,jdbcType=CHAR},
      </if>
      <if test="record.confEmpid != null">
        CONF_EMPID = #{record.confEmpid,jdbcType=CHAR},
      </if>
      <if test="record.chgEmpid != null">
        CHG_EMPID = #{record.chgEmpid,jdbcType=CHAR},
      </if>
      <if test="record.chgWhyCd != null">
        CHG_WHY_CD = #{record.chgWhyCd,jdbcType=CHAR},
      </if>
      <if test="record.chgRmk != null">
        CHG_RMK = #{record.chgRmk,jdbcType=VARCHAR},
      </if>
      <if test="record.nonpayTrndCd != null">
        NONPAY_TRND_CD = #{record.nonpayTrndCd,jdbcType=CHAR},
      </if>
      <if test="record.custStsFlag != null">
        CUST_STS_FLAG = #{record.custStsFlag,jdbcType=CHAR},
      </if>
      <if test="record.colYmd != null">
        COL_YMD = #{record.colYmd,jdbcType=TIMESTAMP},
      </if>
      <if test="record.dataColType != null">
        DATA_COL_TYPE = #{record.dataColType,jdbcType=CHAR},
      </if>
      <if test="record.smsDisagreeYn != null">
        SMS_DISAGREE_YN = #{record.smsDisagreeYn,jdbcType=CHAR},
      </if>
      <if test="record.smsDisagreeEmpid != null">
        SMS_DISAGREE_EMPID = #{record.smsDisagreeEmpid,jdbcType=CHAR},
      </if>
      <if test="record.birthDate != null">
        BIRTH_DATE = #{record.birthDate,jdbcType=CHAR},
      </if>
      <if test="record.gender != null">
        GENDER = #{record.gender,jdbcType=CHAR},
      </if>
      <if test="record.safeKey != null">
        SAFE_KEY = #{record.safeKey,jdbcType=CHAR},
      </if>
    </set>
    <if test="_parameter != null">
      <include refid="Update_By_Example_Where_Clause" />
    </if>
  </update>
  <update id="updateByExample" parameterType="map">
    <!--
      WARNING - @mbg.generated
      This element is automatically generated by MyBatis Generator, do not modify.
      This element was generated on Thu Sep 22 18:10:50 KST 2016.
    -->
    update C11.C1AT_CUST_INFO
    set CUST_NUM = #{record.custNum,jdbcType=CHAR},
      UPD_DTM = #{record.updDtm,jdbcType=TIMESTAMP},
      UPD_EMPID = #{record.updEmpid,jdbcType=CHAR},
      UPD_IP = #{record.updIp,jdbcType=VARCHAR},
      CRT_DTM = #{record.crtDtm,jdbcType=TIMESTAMP},
      CRT_EMPID = #{record.crtEmpid,jdbcType=CHAR},
      CRT_IP = #{record.crtIp,jdbcType=VARCHAR},
      CUST_TYPE_CD = #{record.custTypeCd,jdbcType=CHAR},
      CUST_NM = #{record.custNm,jdbcType=VARCHAR},
      FIRM_NM = #{record.firmNm,jdbcType=VARCHAR},
      SOC_NUM = #{record.socNum,jdbcType=CHAR},
      BIZ_REGI_NUM = #{record.bizRegiNum,jdbcType=CHAR},
      CP_DDD = #{record.cpDdd,jdbcType=VARCHAR},
      CP_EXN = #{record.cpExn,jdbcType=VARCHAR},
      CP_NUM = #{record.cpNum,jdbcType=VARCHAR},
      OWNHOUSE_TEL_DDD = #{record.ownhouseTelDdd,jdbcType=VARCHAR},
      OWNHOUSE_TEL_EXN = #{record.ownhouseTelExn,jdbcType=VARCHAR},
      OWNHOUSE_TEL_NUM = #{record.ownhouseTelNum,jdbcType=VARCHAR},
      FIRM_TEL_DDD = #{record.firmTelDdd,jdbcType=VARCHAR},
      FIRM_TEL_EXN = #{record.firmTelExn,jdbcType=VARCHAR},
      FIRM_TEL_NUM = #{record.firmTelNum,jdbcType=VARCHAR},
      FAX_DDD = #{record.faxDdd,jdbcType=VARCHAR},
      FAX_EXN = #{record.faxExn,jdbcType=VARCHAR},
      FAX_NUM = #{record.faxNum,jdbcType=VARCHAR},
      SCG_RELAT_CD = #{record.scgRelatCd,jdbcType=CHAR},
      EMAIL = #{record.email,jdbcType=VARCHAR},
      REAL_NM_CONF_YN = #{record.realNmConfYn,jdbcType=CHAR},
      USE_CUST_YN = #{record.useCustYn,jdbcType=CHAR},
      OWNER_YN = #{record.ownerYn,jdbcType=CHAR},
      PAY_CUST_YN = #{record.payCustYn,jdbcType=CHAR},
      INST_PLACE_ADDR_YN = #{record.instPlaceAddrYn,jdbcType=CHAR},
      FAMILY_CNT = #{record.familyCnt,jdbcType=DECIMAL},
      OCCUPATION_CD = #{record.occupationCd,jdbcType=CHAR},
      CUST_TRND_CD = #{record.custTrndCd,jdbcType=CHAR},
      INFO_USE_AGREE_YN = #{record.infoUseAgreeYn,jdbcType=CHAR},
      CONF_YN = #{record.confYn,jdbcType=CHAR},
      CONF_YMD = #{record.confYmd,jdbcType=CHAR},
      CONF_EMPID = #{record.confEmpid,jdbcType=CHAR},
      CHG_EMPID = #{record.chgEmpid,jdbcType=CHAR},
      CHG_WHY_CD = #{record.chgWhyCd,jdbcType=CHAR},
      CHG_RMK = #{record.chgRmk,jdbcType=VARCHAR},
      NONPAY_TRND_CD = #{record.nonpayTrndCd,jdbcType=CHAR},
      CUST_STS_FLAG = #{record.custStsFlag,jdbcType=CHAR},
      COL_YMD = #{record.colYmd,jdbcType=TIMESTAMP},
      DATA_COL_TYPE = #{record.dataColType,jdbcType=CHAR},
      SMS_DISAGREE_YN = #{record.smsDisagreeYn,jdbcType=CHAR},
      SMS_DISAGREE_EMPID = #{record.smsDisagreeEmpid,jdbcType=CHAR},
      BIRTH_DATE = #{record.birthDate,jdbcType=CHAR},
      GENDER = #{record.gender,jdbcType=CHAR},
      SAFE_KEY = #{record.safeKey,jdbcType=CHAR}
    <if test="_parameter != null">
      <include refid="Update_By_Example_Where_Clause" />
    </if>
  </update>
  <update id="updateByPrimaryKeySelective" parameterType="scg.c24.biz.db.gen.model.C1atCustInfo">
    <!--
      WARNING - @mbg.generated
      This element is automatically generated by MyBatis Generator, do not modify.
      This element was generated on Thu Sep 22 18:10:50 KST 2016.
    -->
    update C11.C1AT_CUST_INFO
    <set>
      <if test="updDtm != null">
        UPD_DTM = #{updDtm,jdbcType=TIMESTAMP},
      </if>
      <if test="updEmpid != null">
        UPD_EMPID = #{updEmpid,jdbcType=CHAR},
      </if>
      <if test="updIp != null">
        UPD_IP = #{updIp,jdbcType=VARCHAR},
      </if>
      <if test="crtDtm != null">
        CRT_DTM = #{crtDtm,jdbcType=TIMESTAMP},
      </if>
      <if test="crtEmpid != null">
        CRT_EMPID = #{crtEmpid,jdbcType=CHAR},
      </if>
      <if test="crtIp != null">
        CRT_IP = #{crtIp,jdbcType=VARCHAR},
      </if>
      <if test="custTypeCd != null">
        CUST_TYPE_CD = #{custTypeCd,jdbcType=CHAR},
      </if>
      <if test="custNm != null">
        CUST_NM = #{custNm,jdbcType=VARCHAR},
      </if>
      <if test="firmNm != null">
        FIRM_NM = #{firmNm,jdbcType=VARCHAR},
      </if>
      <if test="socNum != null">
        SOC_NUM = #{socNum,jdbcType=CHAR},
      </if>
      <if test="bizRegiNum != null">
        BIZ_REGI_NUM = #{bizRegiNum,jdbcType=CHAR},
      </if>
      <if test="cpDdd != null">
        CP_DDD = #{cpDdd,jdbcType=VARCHAR},
      </if>
      <if test="cpExn != null">
        CP_EXN = #{cpExn,jdbcType=VARCHAR},
      </if>
      <if test="cpNum != null">
        CP_NUM = #{cpNum,jdbcType=VARCHAR},
      </if>
      <if test="ownhouseTelDdd != null">
        OWNHOUSE_TEL_DDD = #{ownhouseTelDdd,jdbcType=VARCHAR},
      </if>
      <if test="ownhouseTelExn != null">
        OWNHOUSE_TEL_EXN = #{ownhouseTelExn,jdbcType=VARCHAR},
      </if>
      <if test="ownhouseTelNum != null">
        OWNHOUSE_TEL_NUM = #{ownhouseTelNum,jdbcType=VARCHAR},
      </if>
      <if test="firmTelDdd != null">
        FIRM_TEL_DDD = #{firmTelDdd,jdbcType=VARCHAR},
      </if>
      <if test="firmTelExn != null">
        FIRM_TEL_EXN = #{firmTelExn,jdbcType=VARCHAR},
      </if>
      <if test="firmTelNum != null">
        FIRM_TEL_NUM = #{firmTelNum,jdbcType=VARCHAR},
      </if>
      <if test="faxDdd != null">
        FAX_DDD = #{faxDdd,jdbcType=VARCHAR},
      </if>
      <if test="faxExn != null">
        FAX_EXN = #{faxExn,jdbcType=VARCHAR},
      </if>
      <if test="faxNum != null">
        FAX_NUM = #{faxNum,jdbcType=VARCHAR},
      </if>
      <if test="scgRelatCd != null">
        SCG_RELAT_CD = #{scgRelatCd,jdbcType=CHAR},
      </if>
      <if test="email != null">
        EMAIL = #{email,jdbcType=VARCHAR},
      </if>
      <if test="realNmConfYn != null">
        REAL_NM_CONF_YN = #{realNmConfYn,jdbcType=CHAR},
      </if>
      <if test="useCustYn != null">
        USE_CUST_YN = #{useCustYn,jdbcType=CHAR},
      </if>
      <if test="ownerYn != null">
        OWNER_YN = #{ownerYn,jdbcType=CHAR},
      </if>
      <if test="payCustYn != null">
        PAY_CUST_YN = #{payCustYn,jdbcType=CHAR},
      </if>
      <if test="instPlaceAddrYn != null">
        INST_PLACE_ADDR_YN = #{instPlaceAddrYn,jdbcType=CHAR},
      </if>
      <if test="familyCnt != null">
        FAMILY_CNT = #{familyCnt,jdbcType=DECIMAL},
      </if>
      <if test="occupationCd != null">
        OCCUPATION_CD = #{occupationCd,jdbcType=CHAR},
      </if>
      <if test="custTrndCd != null">
        CUST_TRND_CD = #{custTrndCd,jdbcType=CHAR},
      </if>
      <if test="infoUseAgreeYn != null">
        INFO_USE_AGREE_YN = #{infoUseAgreeYn,jdbcType=CHAR},
      </if>
      <if test="confYn != null">
        CONF_YN = #{confYn,jdbcType=CHAR},
      </if>
      <if test="confYmd != null">
        CONF_YMD = #{confYmd,jdbcType=CHAR},
      </if>
      <if test="confEmpid != null">
        CONF_EMPID = #{confEmpid,jdbcType=CHAR},
      </if>
      <if test="chgEmpid != null">
        CHG_EMPID = #{chgEmpid,jdbcType=CHAR},
      </if>
      <if test="chgWhyCd != null">
        CHG_WHY_CD = #{chgWhyCd,jdbcType=CHAR},
      </if>
      <if test="chgRmk != null">
        CHG_RMK = #{chgRmk,jdbcType=VARCHAR},
      </if>
      <if test="nonpayTrndCd != null">
        NONPAY_TRND_CD = #{nonpayTrndCd,jdbcType=CHAR},
      </if>
      <if test="custStsFlag != null">
        CUST_STS_FLAG = #{custStsFlag,jdbcType=CHAR},
      </if>
      <if test="colYmd != null">
        COL_YMD = #{colYmd,jdbcType=TIMESTAMP},
      </if>
      <if test="dataColType != null">
        DATA_COL_TYPE = #{dataColType,jdbcType=CHAR},
      </if>
      <if test="smsDisagreeYn != null">
        SMS_DISAGREE_YN = #{smsDisagreeYn,jdbcType=CHAR},
      </if>
      <if test="smsDisagreeEmpid != null">
        SMS_DISAGREE_EMPID = #{smsDisagreeEmpid,jdbcType=CHAR},
      </if>
      <if test="birthDate != null">
        BIRTH_DATE = #{birthDate,jdbcType=CHAR},
      </if>
      <if test="gender != null">
        GENDER = #{gender,jdbcType=CHAR},
      </if>
      <if test="safeKey != null">
        SAFE_KEY = #{safeKey,jdbcType=CHAR},
      </if>
    </set>
    where CUST_NUM = #{custNum,jdbcType=CHAR}
  </update>
  <update id="updateByPrimaryKey" parameterType="scg.c24.biz.db.gen.model.C1atCustInfo">
    <!--
      WARNING - @mbg.generated
      This element is automatically generated by MyBatis Generator, do not modify.
      This element was generated on Thu Sep 22 18:10:50 KST 2016.
    -->
    update C11.C1AT_CUST_INFO
    set UPD_DTM = #{updDtm,jdbcType=TIMESTAMP},
      UPD_EMPID = #{updEmpid,jdbcType=CHAR},
      UPD_IP = #{updIp,jdbcType=VARCHAR},
      CRT_DTM = #{crtDtm,jdbcType=TIMESTAMP},
      CRT_EMPID = #{crtEmpid,jdbcType=CHAR},
      CRT_IP = #{crtIp,jdbcType=VARCHAR},
      CUST_TYPE_CD = #{custTypeCd,jdbcType=CHAR},
      CUST_NM = #{custNm,jdbcType=VARCHAR},
      FIRM_NM = #{firmNm,jdbcType=VARCHAR},
      SOC_NUM = #{socNum,jdbcType=CHAR},
      BIZ_REGI_NUM = #{bizRegiNum,jdbcType=CHAR},
      CP_DDD = #{cpDdd,jdbcType=VARCHAR},
      CP_EXN = #{cpExn,jdbcType=VARCHAR},
      CP_NUM = #{cpNum,jdbcType=VARCHAR},
      OWNHOUSE_TEL_DDD = #{ownhouseTelDdd,jdbcType=VARCHAR},
      OWNHOUSE_TEL_EXN = #{ownhouseTelExn,jdbcType=VARCHAR},
      OWNHOUSE_TEL_NUM = #{ownhouseTelNum,jdbcType=VARCHAR},
      FIRM_TEL_DDD = #{firmTelDdd,jdbcType=VARCHAR},
      FIRM_TEL_EXN = #{firmTelExn,jdbcType=VARCHAR},
      FIRM_TEL_NUM = #{firmTelNum,jdbcType=VARCHAR},
      FAX_DDD = #{faxDdd,jdbcType=VARCHAR},
      FAX_EXN = #{faxExn,jdbcType=VARCHAR},
      FAX_NUM = #{faxNum,jdbcType=VARCHAR},
      SCG_RELAT_CD = #{scgRelatCd,jdbcType=CHAR},
      EMAIL = #{email,jdbcType=VARCHAR},
      REAL_NM_CONF_YN = #{realNmConfYn,jdbcType=CHAR},
      USE_CUST_YN = #{useCustYn,jdbcType=CHAR},
      OWNER_YN = #{ownerYn,jdbcType=CHAR},
      PAY_CUST_YN = #{payCustYn,jdbcType=CHAR},
      INST_PLACE_ADDR_YN = #{instPlaceAddrYn,jdbcType=CHAR},
      FAMILY_CNT = #{familyCnt,jdbcType=DECIMAL},
      OCCUPATION_CD = #{occupationCd,jdbcType=CHAR},
      CUST_TRND_CD = #{custTrndCd,jdbcType=CHAR},
      INFO_USE_AGREE_YN = #{infoUseAgreeYn,jdbcType=CHAR},
      CONF_YN = #{confYn,jdbcType=CHAR},
      CONF_YMD = #{confYmd,jdbcType=CHAR},
      CONF_EMPID = #{confEmpid,jdbcType=CHAR},
      CHG_EMPID = #{chgEmpid,jdbcType=CHAR},
      CHG_WHY_CD = #{chgWhyCd,jdbcType=CHAR},
      CHG_RMK = #{chgRmk,jdbcType=VARCHAR},
      NONPAY_TRND_CD = #{nonpayTrndCd,jdbcType=CHAR},
      CUST_STS_FLAG = #{custStsFlag,jdbcType=CHAR},
      COL_YMD = #{colYmd,jdbcType=TIMESTAMP},
      DATA_COL_TYPE = #{dataColType,jdbcType=CHAR},
      SMS_DISAGREE_YN = #{smsDisagreeYn,jdbcType=CHAR},
      SMS_DISAGREE_EMPID = #{smsDisagreeEmpid,jdbcType=CHAR},
      BIRTH_DATE = #{birthDate,jdbcType=CHAR},
      GENDER = #{gender,jdbcType=CHAR},
      SAFE_KEY = #{safeKey,jdbcType=CHAR}
    where CUST_NUM = #{custNum,jdbcType=CHAR}
  </update>
</mapper>