<?xml version="1.0" encoding="UTF-8"?>
<!DOCTYPE mapper PUBLIC "-//mybatis.org//DTD Mapper 3.0//EN" "http://mybatis.org/dtd/mybatis-3-mapper.dtd">
<mapper namespace="scg.c24.biz.db.gen.model.C1atCertMstMapper">
  <resultMap id="BaseResultMap" type="scg.c24.biz.db.gen.model.C1atCertMst">
    <!--
      WARNING - @mbg.generated
      This element is automatically generated by MyBatis Generator, do not modify.
      This element was generated on Thu Sep 22 18:10:50 KST 2016.
    -->
    <id column="CERT_MANAGE_FLAG" jdbcType="CHAR" property="certManageFlag" />
    <id column="CERT_MANAGE_NUM" jdbcType="VARCHAR" property="certManageNum" />
    <result column="UPD_DTM" jdbcType="TIMESTAMP" property="updDtm" />
    <result column="UPD_EMPID" jdbcType="CHAR" property="updEmpid" />
    <result column="UPD_IP" jdbcType="VARCHAR" property="updIp" />
    <result column="CRT_DTM" jdbcType="TIMESTAMP" property="crtDtm" />
    <result column="CRT_EMPID" jdbcType="CHAR" property="crtEmpid" />
    <result column="CRT_IP" jdbcType="VARCHAR" property="crtIp" />
    <result column="SOC_BIZ_NUM_BNK" jdbcType="VARCHAR" property="socBizNumBnk" />
    <result column="CUST_NM" jdbcType="VARCHAR" property="custNm" />
    <result column="BNK_CD" jdbcType="CHAR" property="bnkCd" />
    <result column="DEPOSITOR_NM" jdbcType="VARCHAR" property="depositorNm" />
    <result column="CERT_YMD" jdbcType="CHAR" property="certYmd" />
    <result column="CI_NUM" jdbcType="VARCHAR" property="ciNum" />
    <result column="DI_NUM" jdbcType="VARCHAR" property="diNum" />
  </resultMap>
  <sql id="Example_Where_Clause">
    <!--
      WARNING - @mbg.generated
      This element is automatically generated by MyBatis Generator, do not modify.
      This element was generated on Thu Sep 22 18:10:50 KST 2016.
    -->
    <where>
      <foreach collection="oredCriteria" item="criteria" separator="or">
        <if test="criteria.valid">
          <trim prefix="(" prefixOverrides="and" suffix=")">
            <foreach collection="criteria.criteria" item="criterion">
              <choose>
                <when test="criterion.noValue">
                  and ${criterion.condition}
                </when>
                <when test="criterion.singleValue">
                  and ${criterion.condition} #{criterion.value}
                </when>
                <when test="criterion.betweenValue">
                  and ${criterion.condition} #{criterion.value} and #{criterion.secondValue}
                </when>
                <when test="criterion.listValue">
                  and ${criterion.condition}
                  <foreach close=")" collection="criterion.value" item="listItem" open="(" separator=",">
                    #{listItem}
                  </foreach>
                </when>
              </choose>
            </foreach>
          </trim>
        </if>
      </foreach>
    </where>
  </sql>
  <sql id="Update_By_Example_Where_Clause">
    <!--
      WARNING - @mbg.generated
      This element is automatically generated by MyBatis Generator, do not modify.
      This element was generated on Thu Sep 22 18:10:50 KST 2016.
    -->
    <where>
      <foreach collection="example.oredCriteria" item="criteria" separator="or">
        <if test="criteria.valid">
          <trim prefix="(" prefixOverrides="and" suffix=")">
            <foreach collection="criteria.criteria" item="criterion">
              <choose>
                <when test="criterion.noValue">
                  and ${criterion.condition}
                </when>
                <when test="criterion.singleValue">
                  and ${criterion.condition} #{criterion.value}
                </when>
                <when test="criterion.betweenValue">
                  and ${criterion.condition} #{criterion.value} and #{criterion.secondValue}
                </when>
                <when test="criterion.listValue">
                  and ${criterion.condition}
                  <foreach close=")" collection="criterion.value" item="listItem" open="(" separator=",">
                    #{listItem}
                  </foreach>
                </when>
              </choose>
            </foreach>
          </trim>
        </if>
      </foreach>
    </where>
  </sql>
  <sql id="Base_Column_List">
    <!--
      WARNING - @mbg.generated
      This element is automatically generated by MyBatis Generator, do not modify.
      This element was generated on Thu Sep 22 18:10:50 KST 2016.
    -->
    CERT_MANAGE_FLAG, CERT_MANAGE_NUM, UPD_DTM, UPD_EMPID, UPD_IP, CRT_DTM, CRT_EMPID, 
    CRT_IP, SOC_BIZ_NUM_BNK, CUST_NM, BNK_CD, DEPOSITOR_NM, CERT_YMD, CI_NUM, DI_NUM
  </sql>
  <select id="selectByExample" parameterType="scg.c24.biz.db.gen.model.C1atCertMstExample" resultMap="BaseResultMap">
    <!--
      WARNING - @mbg.generated
      This element is automatically generated by MyBatis Generator, do not modify.
      This element was generated on Thu Sep 22 18:10:50 KST 2016.
    -->
    select
    <if test="distinct">
      distinct
    </if>
    <include refid="Base_Column_List" />
    from C11.C1AT_CERT_MST
    <if test="_parameter != null">
      <include refid="Example_Where_Clause" />
    </if>
    <if test="orderByClause != null">
      order by ${orderByClause}
    </if>
  </select>
  <select id="selectByPrimaryKey" parameterType="scg.c24.biz.db.gen.model.C1atCertMstKey" resultMap="BaseResultMap">
    <!--
      WARNING - @mbg.generated
      This element is automatically generated by MyBatis Generator, do not modify.
      This element was generated on Thu Sep 22 18:10:50 KST 2016.
    -->
    select 
    <include refid="Base_Column_List" />
    from C11.C1AT_CERT_MST
    where CERT_MANAGE_FLAG = #{certManageFlag,jdbcType=CHAR}
      and CERT_MANAGE_NUM = #{certManageNum,jdbcType=VARCHAR}
  </select>
  <delete id="deleteByPrimaryKey" parameterType="scg.c24.biz.db.gen.model.C1atCertMstKey">
    <!--
      WARNING - @mbg.generated
      This element is automatically generated by MyBatis Generator, do not modify.
      This element was generated on Thu Sep 22 18:10:50 KST 2016.
    -->
    delete from C11.C1AT_CERT_MST
    where CERT_MANAGE_FLAG = #{certManageFlag,jdbcType=CHAR}
      and CERT_MANAGE_NUM = #{certManageNum,jdbcType=VARCHAR}
  </delete>
  <delete id="deleteByExample" parameterType="scg.c24.biz.db.gen.model.C1atCertMstExample">
    <!--
      WARNING - @mbg.generated
      This element is automatically generated by MyBatis Generator, do not modify.
      This element was generated on Thu Sep 22 18:10:50 KST 2016.
    -->
    delete from C11.C1AT_CERT_MST
    <if test="_parameter != null">
      <include refid="Example_Where_Clause" />
    </if>
  </delete>
  <insert id="insert" parameterType="scg.c24.biz.db.gen.model.C1atCertMst">
    <!--
      WARNING - @mbg.generated
      This element is automatically generated by MyBatis Generator, do not modify.
      This element was generated on Thu Sep 22 18:10:50 KST 2016.
    -->
    insert into C11.C1AT_CERT_MST (CERT_MANAGE_FLAG, CERT_MANAGE_NUM, UPD_DTM, 
      UPD_EMPID, UPD_IP, CRT_DTM, 
      CRT_EMPID, CRT_IP, SOC_BIZ_NUM_BNK, 
      CUST_NM, BNK_CD, DEPOSITOR_NM, 
      CERT_YMD, CI_NUM, DI_NUM)
    values (#{certManageFlag,jdbcType=CHAR}, #{certManageNum,jdbcType=VARCHAR}, #{updDtm,jdbcType=TIMESTAMP}, 
      #{updEmpid,jdbcType=CHAR}, #{updIp,jdbcType=VARCHAR}, #{crtDtm,jdbcType=TIMESTAMP}, 
      #{crtEmpid,jdbcType=CHAR}, #{crtIp,jdbcType=VARCHAR}, #{socBizNumBnk,jdbcType=VARCHAR}, 
      #{custNm,jdbcType=VARCHAR}, #{bnkCd,jdbcType=CHAR}, #{depositorNm,jdbcType=VARCHAR}, 
      #{certYmd,jdbcType=CHAR}, #{ciNum,jdbcType=VARCHAR}, #{diNum,jdbcType=VARCHAR})
  </insert>
  <insert id="insertSelective" parameterType="scg.c24.biz.db.gen.model.C1atCertMst">
    <!--
      WARNING - @mbg.generated
      This element is automatically generated by MyBatis Generator, do not modify.
      This element was generated on Thu Sep 22 18:10:50 KST 2016.
    -->
    insert into C11.C1AT_CERT_MST
    <trim prefix="(" suffix=")" suffixOverrides=",">
      <if test="certManageFlag != null">
        CERT_MANAGE_FLAG,
      </if>
      <if test="certManageNum != null">
        CERT_MANAGE_NUM,
      </if>
      <if test="updDtm != null">
        UPD_DTM,
      </if>
      <if test="updEmpid != null">
        UPD_EMPID,
      </if>
      <if test="updIp != null">
        UPD_IP,
      </if>
      <if test="crtDtm != null">
        CRT_DTM,
      </if>
      <if test="crtEmpid != null">
        CRT_EMPID,
      </if>
      <if test="crtIp != null">
        CRT_IP,
      </if>
      <if test="socBizNumBnk != null">
        SOC_BIZ_NUM_BNK,
      </if>
      <if test="custNm != null">
        CUST_NM,
      </if>
      <if test="bnkCd != null">
        BNK_CD,
      </if>
      <if test="depositorNm != null">
        DEPOSITOR_NM,
      </if>
      <if test="certYmd != null">
        CERT_YMD,
      </if>
      <if test="ciNum != null">
        CI_NUM,
      </if>
      <if test="diNum != null">
        DI_NUM,
      </if>
    </trim>
    <trim prefix="values (" suffix=")" suffixOverrides=",">
      <if test="certManageFlag != null">
        #{certManageFlag,jdbcType=CHAR},
      </if>
      <if test="certManageNum != null">
        #{certManageNum,jdbcType=VARCHAR},
      </if>
      <if test="updDtm != null">
        #{updDtm,jdbcType=TIMESTAMP},
      </if>
      <if test="updEmpid != null">
        #{updEmpid,jdbcType=CHAR},
      </if>
      <if test="updIp != null">
        #{updIp,jdbcType=VARCHAR},
      </if>
      <if test="crtDtm != null">
        #{crtDtm,jdbcType=TIMESTAMP},
      </if>
      <if test="crtEmpid != null">
        #{crtEmpid,jdbcType=CHAR},
      </if>
      <if test="crtIp != null">
        #{crtIp,jdbcType=VARCHAR},
      </if>
      <if test="socBizNumBnk != null">
        #{socBizNumBnk,jdbcType=VARCHAR},
      </if>
      <if test="custNm != null">
        #{custNm,jdbcType=VARCHAR},
      </if>
      <if test="bnkCd != null">
        #{bnkCd,jdbcType=CHAR},
      </if>
      <if test="depositorNm != null">
        #{depositorNm,jdbcType=VARCHAR},
      </if>
      <if test="certYmd != null">
        #{certYmd,jdbcType=CHAR},
      </if>
      <if test="ciNum != null">
        #{ciNum,jdbcType=VARCHAR},
      </if>
      <if test="diNum != null">
        #{diNum,jdbcType=VARCHAR},
      </if>
    </trim>
  </insert>
  <select id="countByExample" parameterType="scg.c24.biz.db.gen.model.C1atCertMstExample" resultType="java.lang.Long">
    <!--
      WARNING - @mbg.generated
      This element is automatically generated by MyBatis Generator, do not modify.
      This element was generated on Thu Sep 22 18:10:50 KST 2016.
    -->
    select count(*) from C11.C1AT_CERT_MST
    <if test="_parameter != null">
      <include refid="Example_Where_Clause" />
    </if>
  </select>
  <update id="updateByExampleSelective" parameterType="map">
    <!--
      WARNING - @mbg.generated
      This element is automatically generated by MyBatis Generator, do not modify.
      This element was generated on Thu Sep 22 18:10:50 KST 2016.
    -->
    update C11.C1AT_CERT_MST
    <set>
      <if test="record.certManageFlag != null">
        CERT_MANAGE_FLAG = #{record.certManageFlag,jdbcType=CHAR},
      </if>
      <if test="record.certManageNum != null">
        CERT_MANAGE_NUM = #{record.certManageNum,jdbcType=VARCHAR},
      </if>
      <if test="record.updDtm != null">
        UPD_DTM = #{record.updDtm,jdbcType=TIMESTAMP},
      </if>
      <if test="record.updEmpid != null">
        UPD_EMPID = #{record.updEmpid,jdbcType=CHAR},
      </if>
      <if test="record.updIp != null">
        UPD_IP = #{record.updIp,jdbcType=VARCHAR},
      </if>
      <if test="record.crtDtm != null">
        CRT_DTM = #{record.crtDtm,jdbcType=TIMESTAMP},
      </if>
      <if test="record.crtEmpid != null">
        CRT_EMPID = #{record.crtEmpid,jdbcType=CHAR},
      </if>
      <if test="record.crtIp != null">
        CRT_IP = #{record.crtIp,jdbcType=VARCHAR},
      </if>
      <if test="record.socBizNumBnk != null">
        SOC_BIZ_NUM_BNK = #{record.socBizNumBnk,jdbcType=VARCHAR},
      </if>
      <if test="record.custNm != null">
        CUST_NM = #{record.custNm,jdbcType=VARCHAR},
      </if>
      <if test="record.bnkCd != null">
        BNK_CD = #{record.bnkCd,jdbcType=CHAR},
      </if>
      <if test="record.depositorNm != null">
        DEPOSITOR_NM = #{record.depositorNm,jdbcType=VARCHAR},
      </if>
      <if test="record.certYmd != null">
        CERT_YMD = #{record.certYmd,jdbcType=CHAR},
      </if>
      <if test="record.ciNum != null">
        CI_NUM = #{record.ciNum,jdbcType=VARCHAR},
      </if>
      <if test="record.diNum != null">
        DI_NUM = #{record.diNum,jdbcType=VARCHAR},
      </if>
    </set>
    <if test="_parameter != null">
      <include refid="Update_By_Example_Where_Clause" />
    </if>
  </update>
  <update id="updateByExample" parameterType="map">
    <!--
      WARNING - @mbg.generated
      This element is automatically generated by MyBatis Generator, do not modify.
      This element was generated on Thu Sep 22 18:10:50 KST 2016.
    -->
    update C11.C1AT_CERT_MST
    set CERT_MANAGE_FLAG = #{record.certManageFlag,jdbcType=CHAR},
      CERT_MANAGE_NUM = #{record.certManageNum,jdbcType=VARCHAR},
      UPD_DTM = #{record.updDtm,jdbcType=TIMESTAMP},
      UPD_EMPID = #{record.updEmpid,jdbcType=CHAR},
      UPD_IP = #{record.updIp,jdbcType=VARCHAR},
      CRT_DTM = #{record.crtDtm,jdbcType=TIMESTAMP},
      CRT_EMPID = #{record.crtEmpid,jdbcType=CHAR},
      CRT_IP = #{record.crtIp,jdbcType=VARCHAR},
      SOC_BIZ_NUM_BNK = #{record.socBizNumBnk,jdbcType=VARCHAR},
      CUST_NM = #{record.custNm,jdbcType=VARCHAR},
      BNK_CD = #{record.bnkCd,jdbcType=CHAR},
      DEPOSITOR_NM = #{record.depositorNm,jdbcType=VARCHAR},
      CERT_YMD = #{record.certYmd,jdbcType=CHAR},
      CI_NUM = #{record.ciNum,jdbcType=VARCHAR},
      DI_NUM = #{record.diNum,jdbcType=VARCHAR}
    <if test="_parameter != null">
      <include refid="Update_By_Example_Where_Clause" />
    </if>
  </update>
  <update id="updateByPrimaryKeySelective" parameterType="scg.c24.biz.db.gen.model.C1atCertMst">
    <!--
      WARNING - @mbg.generated
      This element is automatically generated by MyBatis Generator, do not modify.
      This element was generated on Thu Sep 22 18:10:50 KST 2016.
    -->
    update C11.C1AT_CERT_MST
    <set>
      <if test="updDtm != null">
        UPD_DTM = #{updDtm,jdbcType=TIMESTAMP},
      </if>
      <if test="updEmpid != null">
        UPD_EMPID = #{updEmpid,jdbcType=CHAR},
      </if>
      <if test="updIp != null">
        UPD_IP = #{updIp,jdbcType=VARCHAR},
      </if>
      <if test="crtDtm != null">
        CRT_DTM = #{crtDtm,jdbcType=TIMESTAMP},
      </if>
      <if test="crtEmpid != null">
        CRT_EMPID = #{crtEmpid,jdbcType=CHAR},
      </if>
      <if test="crtIp != null">
        CRT_IP = #{crtIp,jdbcType=VARCHAR},
      </if>
      <if test="socBizNumBnk != null">
        SOC_BIZ_NUM_BNK = #{socBizNumBnk,jdbcType=VARCHAR},
      </if>
      <if test="custNm != null">
        CUST_NM = #{custNm,jdbcType=VARCHAR},
      </if>
      <if test="bnkCd != null">
        BNK_CD = #{bnkCd,jdbcType=CHAR},
      </if>
      <if test="depositorNm != null">
        DEPOSITOR_NM = #{depositorNm,jdbcType=VARCHAR},
      </if>
      <if test="certYmd != null">
        CERT_YMD = #{certYmd,jdbcType=CHAR},
      </if>
      <if test="ciNum != null">
        CI_NUM = #{ciNum,jdbcType=VARCHAR},
      </if>
      <if test="diNum != null">
        DI_NUM = #{diNum,jdbcType=VARCHAR},
      </if>
    </set>
    where CERT_MANAGE_FLAG = #{certManageFlag,jdbcType=CHAR}
      and CERT_MANAGE_NUM = #{certManageNum,jdbcType=VARCHAR}
  </update>
  <update id="updateByPrimaryKey" parameterType="scg.c24.biz.db.gen.model.C1atCertMst">
    <!--
      WARNING - @mbg.generated
      This element is automatically generated by MyBatis Generator, do not modify.
      This element was generated on Thu Sep 22 18:10:50 KST 2016.
    -->
    update C11.C1AT_CERT_MST
    set UPD_DTM = #{updDtm,jdbcType=TIMESTAMP},
      UPD_EMPID = #{updEmpid,jdbcType=CHAR},
      UPD_IP = #{updIp,jdbcType=VARCHAR},
      CRT_DTM = #{crtDtm,jdbcType=TIMESTAMP},
      CRT_EMPID = #{crtEmpid,jdbcType=CHAR},
      CRT_IP = #{crtIp,jdbcType=VARCHAR},
      SOC_BIZ_NUM_BNK = #{socBizNumBnk,jdbcType=VARCHAR},
      CUST_NM = #{custNm,jdbcType=VARCHAR},
      BNK_CD = #{bnkCd,jdbcType=CHAR},
      DEPOSITOR_NM = #{depositorNm,jdbcType=VARCHAR},
      CERT_YMD = #{certYmd,jdbcType=CHAR},
      CI_NUM = #{ciNum,jdbcType=VARCHAR},
      DI_NUM = #{diNum,jdbcType=VARCHAR}
    where CERT_MANAGE_FLAG = #{certManageFlag,jdbcType=CHAR}
      and CERT_MANAGE_NUM = #{certManageNum,jdbcType=VARCHAR}
  </update>
</mapper>