<?xml version="1.0" encoding="UTF-8"?>
<!DOCTYPE mapper PUBLIC "-//mybatis.org//DTD Mapper 3.0//EN" "http://mybatis.org/dtd/mybatis-3-mapper.dtd">
<mapper namespace="scg.c24.biz.db.gen.model.C1atRealNmCertMapper">
  <resultMap id="BaseResultMap" type="scg.c24.biz.db.gen.model.C1atRealNmCert">
    <!--
      WARNING - @mbg.generated
      This element is automatically generated by MyBatis Generator, do not modify.
      This element was generated on Thu Sep 22 18:10:50 KST 2016.
    -->
    <id column="REAL_NM_CONF_YMD" jdbcType="CHAR" property="realNmConfYmd" />
    <id column="SEQ" jdbcType="CHAR" property="seq" />
    <result column="UPD_DTM" jdbcType="TIMESTAMP" property="updDtm" />
    <result column="UPD_EMPID" jdbcType="CHAR" property="updEmpid" />
    <result column="UPD_IP" jdbcType="VARCHAR" property="updIp" />
    <result column="CRT_DTM" jdbcType="TIMESTAMP" property="crtDtm" />
    <result column="CRT_EMPID" jdbcType="CHAR" property="crtEmpid" />
    <result column="CRT_IP" jdbcType="VARCHAR" property="crtIp" />
    <result column="CERT_REQ_FLAG" jdbcType="CHAR" property="certReqFlag" />
    <result column="SOC_BIZ_NUM" jdbcType="VARCHAR" property="socBizNum" />
    <result column="CUST_NUM" jdbcType="CHAR" property="custNum" />
    <result column="CUST_NM" jdbcType="VARCHAR" property="custNm" />
    <result column="BNK_CD" jdbcType="CHAR" property="bnkCd" />
    <result column="ACCOUNT_NUM" jdbcType="VARCHAR" property="accountNum" />
    <result column="DEPOSITOR_NM" jdbcType="VARCHAR" property="depositorNm" />
    <result column="SOC_BIZ_NUM_BNK" jdbcType="VARCHAR" property="socBizNumBnk" />
    <result column="RSLT_CD" jdbcType="CHAR" property="rsltCd" />
    <result column="WHY_CD" jdbcType="CHAR" property="whyCd" />
    <result column="BILL_NUM" jdbcType="CHAR" property="billNum" />
    <result column="BILL_TREAT_YMD" jdbcType="CHAR" property="billTreatYmd" />
    <result column="CONF_YN" jdbcType="CHAR" property="confYn" />
    <result column="CONF_YMD" jdbcType="CHAR" property="confYmd" />
    <result column="CONF_EMPID" jdbcType="CHAR" property="confEmpid" />
    <result column="FORM_ID" jdbcType="VARCHAR" property="formId" />
    <result column="CI_NUM" jdbcType="VARCHAR" property="ciNum" />
    <result column="DI_NUM" jdbcType="VARCHAR" property="diNum" />
  </resultMap>
  <sql id="Example_Where_Clause">
    <!--
      WARNING - @mbg.generated
      This element is automatically generated by MyBatis Generator, do not modify.
      This element was generated on Thu Sep 22 18:10:50 KST 2016.
    -->
    <where>
      <foreach collection="oredCriteria" item="criteria" separator="or">
        <if test="criteria.valid">
          <trim prefix="(" prefixOverrides="and" suffix=")">
            <foreach collection="criteria.criteria" item="criterion">
              <choose>
                <when test="criterion.noValue">
                  and ${criterion.condition}
                </when>
                <when test="criterion.singleValue">
                  and ${criterion.condition} #{criterion.value}
                </when>
                <when test="criterion.betweenValue">
                  and ${criterion.condition} #{criterion.value} and #{criterion.secondValue}
                </when>
                <when test="criterion.listValue">
                  and ${criterion.condition}
                  <foreach close=")" collection="criterion.value" item="listItem" open="(" separator=",">
                    #{listItem}
                  </foreach>
                </when>
              </choose>
            </foreach>
          </trim>
        </if>
      </foreach>
    </where>
  </sql>
  <sql id="Update_By_Example_Where_Clause">
    <!--
      WARNING - @mbg.generated
      This element is automatically generated by MyBatis Generator, do not modify.
      This element was generated on Thu Sep 22 18:10:50 KST 2016.
    -->
    <where>
      <foreach collection="example.oredCriteria" item="criteria" separator="or">
        <if test="criteria.valid">
          <trim prefix="(" prefixOverrides="and" suffix=")">
            <foreach collection="criteria.criteria" item="criterion">
              <choose>
                <when test="criterion.noValue">
                  and ${criterion.condition}
                </when>
                <when test="criterion.singleValue">
                  and ${criterion.condition} #{criterion.value}
                </when>
                <when test="criterion.betweenValue">
                  and ${criterion.condition} #{criterion.value} and #{criterion.secondValue}
                </when>
                <when test="criterion.listValue">
                  and ${criterion.condition}
                  <foreach close=")" collection="criterion.value" item="listItem" open="(" separator=",">
                    #{listItem}
                  </foreach>
                </when>
              </choose>
            </foreach>
          </trim>
        </if>
      </foreach>
    </where>
  </sql>
  <sql id="Base_Column_List">
    <!--
      WARNING - @mbg.generated
      This element is automatically generated by MyBatis Generator, do not modify.
      This element was generated on Thu Sep 22 18:10:50 KST 2016.
    -->
    REAL_NM_CONF_YMD, SEQ, UPD_DTM, UPD_EMPID, UPD_IP, CRT_DTM, CRT_EMPID, CRT_IP, CERT_REQ_FLAG, 
    SOC_BIZ_NUM, CUST_NUM, CUST_NM, BNK_CD, ACCOUNT_NUM, DEPOSITOR_NM, SOC_BIZ_NUM_BNK, 
    RSLT_CD, WHY_CD, BILL_NUM, BILL_TREAT_YMD, CONF_YN, CONF_YMD, CONF_EMPID, FORM_ID, 
    CI_NUM, DI_NUM
  </sql>
  <select id="selectByExample" parameterType="scg.c24.biz.db.gen.model.C1atRealNmCertExample" resultMap="BaseResultMap">
    <!--
      WARNING - @mbg.generated
      This element is automatically generated by MyBatis Generator, do not modify.
      This element was generated on Thu Sep 22 18:10:50 KST 2016.
    -->
    select
    <if test="distinct">
      distinct
    </if>
    <include refid="Base_Column_List" />
    from C11.C1AT_REAL_NM_CERT
    <if test="_parameter != null">
      <include refid="Example_Where_Clause" />
    </if>
    <if test="orderByClause != null">
      order by ${orderByClause}
    </if>
  </select>
  <select id="selectByPrimaryKey" parameterType="scg.c24.biz.db.gen.model.C1atRealNmCertKey" resultMap="BaseResultMap">
    <!--
      WARNING - @mbg.generated
      This element is automatically generated by MyBatis Generator, do not modify.
      This element was generated on Thu Sep 22 18:10:50 KST 2016.
    -->
    select 
    <include refid="Base_Column_List" />
    from C11.C1AT_REAL_NM_CERT
    where REAL_NM_CONF_YMD = #{realNmConfYmd,jdbcType=CHAR}
      and SEQ = #{seq,jdbcType=CHAR}
  </select>
  <delete id="deleteByPrimaryKey" parameterType="scg.c24.biz.db.gen.model.C1atRealNmCertKey">
    <!--
      WARNING - @mbg.generated
      This element is automatically generated by MyBatis Generator, do not modify.
      This element was generated on Thu Sep 22 18:10:50 KST 2016.
    -->
    delete from C11.C1AT_REAL_NM_CERT
    where REAL_NM_CONF_YMD = #{realNmConfYmd,jdbcType=CHAR}
      and SEQ = #{seq,jdbcType=CHAR}
  </delete>
  <delete id="deleteByExample" parameterType="scg.c24.biz.db.gen.model.C1atRealNmCertExample">
    <!--
      WARNING - @mbg.generated
      This element is automatically generated by MyBatis Generator, do not modify.
      This element was generated on Thu Sep 22 18:10:50 KST 2016.
    -->
    delete from C11.C1AT_REAL_NM_CERT
    <if test="_parameter != null">
      <include refid="Example_Where_Clause" />
    </if>
  </delete>
  <insert id="insert" parameterType="scg.c24.biz.db.gen.model.C1atRealNmCert">
    <!--
      WARNING - @mbg.generated
      This element is automatically generated by MyBatis Generator, do not modify.
      This element was generated on Thu Sep 22 18:10:50 KST 2016.
    -->
    insert into C11.C1AT_REAL_NM_CERT (REAL_NM_CONF_YMD, SEQ, UPD_DTM, 
      UPD_EMPID, UPD_IP, CRT_DTM, 
      CRT_EMPID, CRT_IP, CERT_REQ_FLAG, 
      SOC_BIZ_NUM, CUST_NUM, CUST_NM, 
      BNK_CD, ACCOUNT_NUM, DEPOSITOR_NM, 
      SOC_BIZ_NUM_BNK, RSLT_CD, WHY_CD, 
      BILL_NUM, BILL_TREAT_YMD, CONF_YN, 
      CONF_YMD, CONF_EMPID, FORM_ID, 
      CI_NUM, DI_NUM)
    values (#{realNmConfYmd,jdbcType=CHAR}, #{seq,jdbcType=CHAR}, #{updDtm,jdbcType=TIMESTAMP}, 
      #{updEmpid,jdbcType=CHAR}, #{updIp,jdbcType=VARCHAR}, #{crtDtm,jdbcType=TIMESTAMP}, 
      #{crtEmpid,jdbcType=CHAR}, #{crtIp,jdbcType=VARCHAR}, #{certReqFlag,jdbcType=CHAR}, 
      #{socBizNum,jdbcType=VARCHAR}, #{custNum,jdbcType=CHAR}, #{custNm,jdbcType=VARCHAR}, 
      #{bnkCd,jdbcType=CHAR}, #{accountNum,jdbcType=VARCHAR}, #{depositorNm,jdbcType=VARCHAR}, 
      #{socBizNumBnk,jdbcType=VARCHAR}, #{rsltCd,jdbcType=CHAR}, #{whyCd,jdbcType=CHAR}, 
      #{billNum,jdbcType=CHAR}, #{billTreatYmd,jdbcType=CHAR}, #{confYn,jdbcType=CHAR}, 
      #{confYmd,jdbcType=CHAR}, #{confEmpid,jdbcType=CHAR}, #{formId,jdbcType=VARCHAR}, 
      #{ciNum,jdbcType=VARCHAR}, #{diNum,jdbcType=VARCHAR})
  </insert>
  <insert id="insertSelective" parameterType="scg.c24.biz.db.gen.model.C1atRealNmCert">
    <!--
      WARNING - @mbg.generated
      This element is automatically generated by MyBatis Generator, do not modify.
      This element was generated on Thu Sep 22 18:10:50 KST 2016.
    -->
    insert into C11.C1AT_REAL_NM_CERT
    <trim prefix="(" suffix=")" suffixOverrides=",">
      <if test="realNmConfYmd != null">
        REAL_NM_CONF_YMD,
      </if>
      <if test="seq != null">
        SEQ,
      </if>
      <if test="updDtm != null">
        UPD_DTM,
      </if>
      <if test="updEmpid != null">
        UPD_EMPID,
      </if>
      <if test="updIp != null">
        UPD_IP,
      </if>
      <if test="crtDtm != null">
        CRT_DTM,
      </if>
      <if test="crtEmpid != null">
        CRT_EMPID,
      </if>
      <if test="crtIp != null">
        CRT_IP,
      </if>
      <if test="certReqFlag != null">
        CERT_REQ_FLAG,
      </if>
      <if test="socBizNum != null">
        SOC_BIZ_NUM,
      </if>
      <if test="custNum != null">
        CUST_NUM,
      </if>
      <if test="custNm != null">
        CUST_NM,
      </if>
      <if test="bnkCd != null">
        BNK_CD,
      </if>
      <if test="accountNum != null">
        ACCOUNT_NUM,
      </if>
      <if test="depositorNm != null">
        DEPOSITOR_NM,
      </if>
      <if test="socBizNumBnk != null">
        SOC_BIZ_NUM_BNK,
      </if>
      <if test="rsltCd != null">
        RSLT_CD,
      </if>
      <if test="whyCd != null">
        WHY_CD,
      </if>
      <if test="billNum != null">
        BILL_NUM,
      </if>
      <if test="billTreatYmd != null">
        BILL_TREAT_YMD,
      </if>
      <if test="confYn != null">
        CONF_YN,
      </if>
      <if test="confYmd != null">
        CONF_YMD,
      </if>
      <if test="confEmpid != null">
        CONF_EMPID,
      </if>
      <if test="formId != null">
        FORM_ID,
      </if>
      <if test="ciNum != null">
        CI_NUM,
      </if>
      <if test="diNum != null">
        DI_NUM,
      </if>
    </trim>
    <trim prefix="values (" suffix=")" suffixOverrides=",">
      <if test="realNmConfYmd != null">
        #{realNmConfYmd,jdbcType=CHAR},
      </if>
      <if test="seq != null">
        #{seq,jdbcType=CHAR},
      </if>
      <if test="updDtm != null">
        #{updDtm,jdbcType=TIMESTAMP},
      </if>
      <if test="updEmpid != null">
        #{updEmpid,jdbcType=CHAR},
      </if>
      <if test="updIp != null">
        #{updIp,jdbcType=VARCHAR},
      </if>
      <if test="crtDtm != null">
        #{crtDtm,jdbcType=TIMESTAMP},
      </if>
      <if test="crtEmpid != null">
        #{crtEmpid,jdbcType=CHAR},
      </if>
      <if test="crtIp != null">
        #{crtIp,jdbcType=VARCHAR},
      </if>
      <if test="certReqFlag != null">
        #{certReqFlag,jdbcType=CHAR},
      </if>
      <if test="socBizNum != null">
        #{socBizNum,jdbcType=VARCHAR},
      </if>
      <if test="custNum != null">
        #{custNum,jdbcType=CHAR},
      </if>
      <if test="custNm != null">
        #{custNm,jdbcType=VARCHAR},
      </if>
      <if test="bnkCd != null">
        #{bnkCd,jdbcType=CHAR},
      </if>
      <if test="accountNum != null">
        #{accountNum,jdbcType=VARCHAR},
      </if>
      <if test="depositorNm != null">
        #{depositorNm,jdbcType=VARCHAR},
      </if>
      <if test="socBizNumBnk != null">
        #{socBizNumBnk,jdbcType=VARCHAR},
      </if>
      <if test="rsltCd != null">
        #{rsltCd,jdbcType=CHAR},
      </if>
      <if test="whyCd != null">
        #{whyCd,jdbcType=CHAR},
      </if>
      <if test="billNum != null">
        #{billNum,jdbcType=CHAR},
      </if>
      <if test="billTreatYmd != null">
        #{billTreatYmd,jdbcType=CHAR},
      </if>
      <if test="confYn != null">
        #{confYn,jdbcType=CHAR},
      </if>
      <if test="confYmd != null">
        #{confYmd,jdbcType=CHAR},
      </if>
      <if test="confEmpid != null">
        #{confEmpid,jdbcType=CHAR},
      </if>
      <if test="formId != null">
        #{formId,jdbcType=VARCHAR},
      </if>
      <if test="ciNum != null">
        #{ciNum,jdbcType=VARCHAR},
      </if>
      <if test="diNum != null">
        #{diNum,jdbcType=VARCHAR},
      </if>
    </trim>
  </insert>
  <select id="countByExample" parameterType="scg.c24.biz.db.gen.model.C1atRealNmCertExample" resultType="java.lang.Long">
    <!--
      WARNING - @mbg.generated
      This element is automatically generated by MyBatis Generator, do not modify.
      This element was generated on Thu Sep 22 18:10:50 KST 2016.
    -->
    select count(*) from C11.C1AT_REAL_NM_CERT
    <if test="_parameter != null">
      <include refid="Example_Where_Clause" />
    </if>
  </select>
  <update id="updateByExampleSelective" parameterType="map">
    <!--
      WARNING - @mbg.generated
      This element is automatically generated by MyBatis Generator, do not modify.
      This element was generated on Thu Sep 22 18:10:50 KST 2016.
    -->
    update C11.C1AT_REAL_NM_CERT
    <set>
      <if test="record.realNmConfYmd != null">
        REAL_NM_CONF_YMD = #{record.realNmConfYmd,jdbcType=CHAR},
      </if>
      <if test="record.seq != null">
        SEQ = #{record.seq,jdbcType=CHAR},
      </if>
      <if test="record.updDtm != null">
        UPD_DTM = #{record.updDtm,jdbcType=TIMESTAMP},
      </if>
      <if test="record.updEmpid != null">
        UPD_EMPID = #{record.updEmpid,jdbcType=CHAR},
      </if>
      <if test="record.updIp != null">
        UPD_IP = #{record.updIp,jdbcType=VARCHAR},
      </if>
      <if test="record.crtDtm != null">
        CRT_DTM = #{record.crtDtm,jdbcType=TIMESTAMP},
      </if>
      <if test="record.crtEmpid != null">
        CRT_EMPID = #{record.crtEmpid,jdbcType=CHAR},
      </if>
      <if test="record.crtIp != null">
        CRT_IP = #{record.crtIp,jdbcType=VARCHAR},
      </if>
      <if test="record.certReqFlag != null">
        CERT_REQ_FLAG = #{record.certReqFlag,jdbcType=CHAR},
      </if>
      <if test="record.socBizNum != null">
        SOC_BIZ_NUM = #{record.socBizNum,jdbcType=VARCHAR},
      </if>
      <if test="record.custNum != null">
        CUST_NUM = #{record.custNum,jdbcType=CHAR},
      </if>
      <if test="record.custNm != null">
        CUST_NM = #{record.custNm,jdbcType=VARCHAR},
      </if>
      <if test="record.bnkCd != null">
        BNK_CD = #{record.bnkCd,jdbcType=CHAR},
      </if>
      <if test="record.accountNum != null">
        ACCOUNT_NUM = #{record.accountNum,jdbcType=VARCHAR},
      </if>
      <if test="record.depositorNm != null">
        DEPOSITOR_NM = #{record.depositorNm,jdbcType=VARCHAR},
      </if>
      <if test="record.socBizNumBnk != null">
        SOC_BIZ_NUM_BNK = #{record.socBizNumBnk,jdbcType=VARCHAR},
      </if>
      <if test="record.rsltCd != null">
        RSLT_CD = #{record.rsltCd,jdbcType=CHAR},
      </if>
      <if test="record.whyCd != null">
        WHY_CD = #{record.whyCd,jdbcType=CHAR},
      </if>
      <if test="record.billNum != null">
        BILL_NUM = #{record.billNum,jdbcType=CHAR},
      </if>
      <if test="record.billTreatYmd != null">
        BILL_TREAT_YMD = #{record.billTreatYmd,jdbcType=CHAR},
      </if>
      <if test="record.confYn != null">
        CONF_YN = #{record.confYn,jdbcType=CHAR},
      </if>
      <if test="record.confYmd != null">
        CONF_YMD = #{record.confYmd,jdbcType=CHAR},
      </if>
      <if test="record.confEmpid != null">
        CONF_EMPID = #{record.confEmpid,jdbcType=CHAR},
      </if>
      <if test="record.formId != null">
        FORM_ID = #{record.formId,jdbcType=VARCHAR},
      </if>
      <if test="record.ciNum != null">
        CI_NUM = #{record.ciNum,jdbcType=VARCHAR},
      </if>
      <if test="record.diNum != null">
        DI_NUM = #{record.diNum,jdbcType=VARCHAR},
      </if>
    </set>
    <if test="_parameter != null">
      <include refid="Update_By_Example_Where_Clause" />
    </if>
  </update>
  <update id="updateByExample" parameterType="map">
    <!--
      WARNING - @mbg.generated
      This element is automatically generated by MyBatis Generator, do not modify.
      This element was generated on Thu Sep 22 18:10:50 KST 2016.
    -->
    update C11.C1AT_REAL_NM_CERT
    set REAL_NM_CONF_YMD = #{record.realNmConfYmd,jdbcType=CHAR},
      SEQ = #{record.seq,jdbcType=CHAR},
      UPD_DTM = #{record.updDtm,jdbcType=TIMESTAMP},
      UPD_EMPID = #{record.updEmpid,jdbcType=CHAR},
      UPD_IP = #{record.updIp,jdbcType=VARCHAR},
      CRT_DTM = #{record.crtDtm,jdbcType=TIMESTAMP},
      CRT_EMPID = #{record.crtEmpid,jdbcType=CHAR},
      CRT_IP = #{record.crtIp,jdbcType=VARCHAR},
      CERT_REQ_FLAG = #{record.certReqFlag,jdbcType=CHAR},
      SOC_BIZ_NUM = #{record.socBizNum,jdbcType=VARCHAR},
      CUST_NUM = #{record.custNum,jdbcType=CHAR},
      CUST_NM = #{record.custNm,jdbcType=VARCHAR},
      BNK_CD = #{record.bnkCd,jdbcType=CHAR},
      ACCOUNT_NUM = #{record.accountNum,jdbcType=VARCHAR},
      DEPOSITOR_NM = #{record.depositorNm,jdbcType=VARCHAR},
      SOC_BIZ_NUM_BNK = #{record.socBizNumBnk,jdbcType=VARCHAR},
      RSLT_CD = #{record.rsltCd,jdbcType=CHAR},
      WHY_CD = #{record.whyCd,jdbcType=CHAR},
      BILL_NUM = #{record.billNum,jdbcType=CHAR},
      BILL_TREAT_YMD = #{record.billTreatYmd,jdbcType=CHAR},
      CONF_YN = #{record.confYn,jdbcType=CHAR},
      CONF_YMD = #{record.confYmd,jdbcType=CHAR},
      CONF_EMPID = #{record.confEmpid,jdbcType=CHAR},
      FORM_ID = #{record.formId,jdbcType=VARCHAR},
      CI_NUM = #{record.ciNum,jdbcType=VARCHAR},
      DI_NUM = #{record.diNum,jdbcType=VARCHAR}
    <if test="_parameter != null">
      <include refid="Update_By_Example_Where_Clause" />
    </if>
  </update>
  <update id="updateByPrimaryKeySelective" parameterType="scg.c24.biz.db.gen.model.C1atRealNmCert">
    <!--
      WARNING - @mbg.generated
      This element is automatically generated by MyBatis Generator, do not modify.
      This element was generated on Thu Sep 22 18:10:50 KST 2016.
    -->
    update C11.C1AT_REAL_NM_CERT
    <set>
      <if test="updDtm != null">
        UPD_DTM = #{updDtm,jdbcType=TIMESTAMP},
      </if>
      <if test="updEmpid != null">
        UPD_EMPID = #{updEmpid,jdbcType=CHAR},
      </if>
      <if test="updIp != null">
        UPD_IP = #{updIp,jdbcType=VARCHAR},
      </if>
      <if test="crtDtm != null">
        CRT_DTM = #{crtDtm,jdbcType=TIMESTAMP},
      </if>
      <if test="crtEmpid != null">
        CRT_EMPID = #{crtEmpid,jdbcType=CHAR},
      </if>
      <if test="crtIp != null">
        CRT_IP = #{crtIp,jdbcType=VARCHAR},
      </if>
      <if test="certReqFlag != null">
        CERT_REQ_FLAG = #{certReqFlag,jdbcType=CHAR},
      </if>
      <if test="socBizNum != null">
        SOC_BIZ_NUM = #{socBizNum,jdbcType=VARCHAR},
      </if>
      <if test="custNum != null">
        CUST_NUM = #{custNum,jdbcType=CHAR},
      </if>
      <if test="custNm != null">
        CUST_NM = #{custNm,jdbcType=VARCHAR},
      </if>
      <if test="bnkCd != null">
        BNK_CD = #{bnkCd,jdbcType=CHAR},
      </if>
      <if test="accountNum != null">
        ACCOUNT_NUM = #{accountNum,jdbcType=VARCHAR},
      </if>
      <if test="depositorNm != null">
        DEPOSITOR_NM = #{depositorNm,jdbcType=VARCHAR},
      </if>
      <if test="socBizNumBnk != null">
        SOC_BIZ_NUM_BNK = #{socBizNumBnk,jdbcType=VARCHAR},
      </if>
      <if test="rsltCd != null">
        RSLT_CD = #{rsltCd,jdbcType=CHAR},
      </if>
      <if test="whyCd != null">
        WHY_CD = #{whyCd,jdbcType=CHAR},
      </if>
      <if test="billNum != null">
        BILL_NUM = #{billNum,jdbcType=CHAR},
      </if>
      <if test="billTreatYmd != null">
        BILL_TREAT_YMD = #{billTreatYmd,jdbcType=CHAR},
      </if>
      <if test="confYn != null">
        CONF_YN = #{confYn,jdbcType=CHAR},
      </if>
      <if test="confYmd != null">
        CONF_YMD = #{confYmd,jdbcType=CHAR},
      </if>
      <if test="confEmpid != null">
        CONF_EMPID = #{confEmpid,jdbcType=CHAR},
      </if>
      <if test="formId != null">
        FORM_ID = #{formId,jdbcType=VARCHAR},
      </if>
      <if test="ciNum != null">
        CI_NUM = #{ciNum,jdbcType=VARCHAR},
      </if>
      <if test="diNum != null">
        DI_NUM = #{diNum,jdbcType=VARCHAR},
      </if>
    </set>
    where REAL_NM_CONF_YMD = #{realNmConfYmd,jdbcType=CHAR}
      and SEQ = #{seq,jdbcType=CHAR}
  </update>
  <update id="updateByPrimaryKey" parameterType="scg.c24.biz.db.gen.model.C1atRealNmCert">
    <!--
      WARNING - @mbg.generated
      This element is automatically generated by MyBatis Generator, do not modify.
      This element was generated on Thu Sep 22 18:10:50 KST 2016.
    -->
    update C11.C1AT_REAL_NM_CERT
    set UPD_DTM = #{updDtm,jdbcType=TIMESTAMP},
      UPD_EMPID = #{updEmpid,jdbcType=CHAR},
      UPD_IP = #{updIp,jdbcType=VARCHAR},
      CRT_DTM = #{crtDtm,jdbcType=TIMESTAMP},
      CRT_EMPID = #{crtEmpid,jdbcType=CHAR},
      CRT_IP = #{crtIp,jdbcType=VARCHAR},
      CERT_REQ_FLAG = #{certReqFlag,jdbcType=CHAR},
      SOC_BIZ_NUM = #{socBizNum,jdbcType=VARCHAR},
      CUST_NUM = #{custNum,jdbcType=CHAR},
      CUST_NM = #{custNm,jdbcType=VARCHAR},
      BNK_CD = #{bnkCd,jdbcType=CHAR},
      ACCOUNT_NUM = #{accountNum,jdbcType=VARCHAR},
      DEPOSITOR_NM = #{depositorNm,jdbcType=VARCHAR},
      SOC_BIZ_NUM_BNK = #{socBizNumBnk,jdbcType=VARCHAR},
      RSLT_CD = #{rsltCd,jdbcType=CHAR},
      WHY_CD = #{whyCd,jdbcType=CHAR},
      BILL_NUM = #{billNum,jdbcType=CHAR},
      BILL_TREAT_YMD = #{billTreatYmd,jdbcType=CHAR},
      CONF_YN = #{confYn,jdbcType=CHAR},
      CONF_YMD = #{confYmd,jdbcType=CHAR},
      CONF_EMPID = #{confEmpid,jdbcType=CHAR},
      FORM_ID = #{formId,jdbcType=VARCHAR},
      CI_NUM = #{ciNum,jdbcType=VARCHAR},
      DI_NUM = #{diNum,jdbcType=VARCHAR}
    where REAL_NM_CONF_YMD = #{realNmConfYmd,jdbcType=CHAR}
      and SEQ = #{seq,jdbcType=CHAR}
  </update>
</mapper>