<?xml version="1.0" encoding="UTF-8"?>
<!DOCTYPE mapper PUBLIC "-//mybatis.org//DTD Mapper 3.0//EN" "http://mybatis.org/dtd/mybatis-3-mapper.dtd">
<mapper namespace="scg.c24.biz.db.gen.model.C1btCardCnlSendMapper">
  <resultMap id="BaseResultMap" type="scg.c24.biz.db.gen.model.C1btCardCnlSend">
    <!--
      WARNING - @mbg.generated
      This element is automatically generated by MyBatis Generator, do not modify.
      This element was generated on Thu Sep 22 18:10:50 KST 2016.
    -->
    <id column="TREAT_YMD" jdbcType="CHAR" property="treatYmd" />
    <id column="DEFRAY_ACCOUNT_NUM" jdbcType="VARCHAR" property="defrayAccountNum" />
    <id column="CUST_NUM" jdbcType="CHAR" property="custNum" />
    <id column="REQ_INFO_NUM" jdbcType="CHAR" property="reqInfoNum" />
    <id column="REQ_YMD" jdbcType="CHAR" property="reqYmd" />
    <result column="UPD_DTM" jdbcType="TIMESTAMP" property="updDtm" />
    <result column="UPD_EMPID" jdbcType="CHAR" property="updEmpid" />
    <result column="UPD_IP" jdbcType="VARCHAR" property="updIp" />
    <result column="CRT_DTM" jdbcType="TIMESTAMP" property="crtDtm" />
    <result column="CRT_EMPID" jdbcType="CHAR" property="crtEmpid" />
    <result column="CRT_IP" jdbcType="VARCHAR" property="crtIp" />
    <result column="CNL_YMD" jdbcType="CHAR" property="cnlYmd" />
    <result column="BNK_CD" jdbcType="CHAR" property="bnkCd" />
    <result column="RESP_CD" jdbcType="VARCHAR" property="respCd" />
    <result column="RMK" jdbcType="VARCHAR" property="rmk" />
  </resultMap>
  <sql id="Example_Where_Clause">
    <!--
      WARNING - @mbg.generated
      This element is automatically generated by MyBatis Generator, do not modify.
      This element was generated on Thu Sep 22 18:10:50 KST 2016.
    -->
    <where>
      <foreach collection="oredCriteria" item="criteria" separator="or">
        <if test="criteria.valid">
          <trim prefix="(" prefixOverrides="and" suffix=")">
            <foreach collection="criteria.criteria" item="criterion">
              <choose>
                <when test="criterion.noValue">
                  and ${criterion.condition}
                </when>
                <when test="criterion.singleValue">
                  and ${criterion.condition} #{criterion.value}
                </when>
                <when test="criterion.betweenValue">
                  and ${criterion.condition} #{criterion.value} and #{criterion.secondValue}
                </when>
                <when test="criterion.listValue">
                  and ${criterion.condition}
                  <foreach close=")" collection="criterion.value" item="listItem" open="(" separator=",">
                    #{listItem}
                  </foreach>
                </when>
              </choose>
            </foreach>
          </trim>
        </if>
      </foreach>
    </where>
  </sql>
  <sql id="Update_By_Example_Where_Clause">
    <!--
      WARNING - @mbg.generated
      This element is automatically generated by MyBatis Generator, do not modify.
      This element was generated on Thu Sep 22 18:10:50 KST 2016.
    -->
    <where>
      <foreach collection="example.oredCriteria" item="criteria" separator="or">
        <if test="criteria.valid">
          <trim prefix="(" prefixOverrides="and" suffix=")">
            <foreach collection="criteria.criteria" item="criterion">
              <choose>
                <when test="criterion.noValue">
                  and ${criterion.condition}
                </when>
                <when test="criterion.singleValue">
                  and ${criterion.condition} #{criterion.value}
                </when>
                <when test="criterion.betweenValue">
                  and ${criterion.condition} #{criterion.value} and #{criterion.secondValue}
                </when>
                <when test="criterion.listValue">
                  and ${criterion.condition}
                  <foreach close=")" collection="criterion.value" item="listItem" open="(" separator=",">
                    #{listItem}
                  </foreach>
                </when>
              </choose>
            </foreach>
          </trim>
        </if>
      </foreach>
    </where>
  </sql>
  <sql id="Base_Column_List">
    <!--
      WARNING - @mbg.generated
      This element is automatically generated by MyBatis Generator, do not modify.
      This element was generated on Thu Sep 22 18:10:50 KST 2016.
    -->
    TREAT_YMD, DEFRAY_ACCOUNT_NUM, CUST_NUM, REQ_INFO_NUM, REQ_YMD, UPD_DTM, UPD_EMPID, 
    UPD_IP, CRT_DTM, CRT_EMPID, CRT_IP, CNL_YMD, BNK_CD, RESP_CD, RMK
  </sql>
  <select id="selectByExample" parameterType="scg.c24.biz.db.gen.model.C1btCardCnlSendExample" resultMap="BaseResultMap">
    <!--
      WARNING - @mbg.generated
      This element is automatically generated by MyBatis Generator, do not modify.
      This element was generated on Thu Sep 22 18:10:50 KST 2016.
    -->
    select
    <if test="distinct">
      distinct
    </if>
    <include refid="Base_Column_List" />
    from C11.C1BT_CARD_CNL_SEND
    <if test="_parameter != null">
      <include refid="Example_Where_Clause" />
    </if>
    <if test="orderByClause != null">
      order by ${orderByClause}
    </if>
  </select>
  <select id="selectByPrimaryKey" parameterType="scg.c24.biz.db.gen.model.C1btCardCnlSendKey" resultMap="BaseResultMap">
    <!--
      WARNING - @mbg.generated
      This element is automatically generated by MyBatis Generator, do not modify.
      This element was generated on Thu Sep 22 18:10:50 KST 2016.
    -->
    select 
    <include refid="Base_Column_List" />
    from C11.C1BT_CARD_CNL_SEND
    where TREAT_YMD = #{treatYmd,jdbcType=CHAR}
      and DEFRAY_ACCOUNT_NUM = #{defrayAccountNum,jdbcType=VARCHAR}
      and CUST_NUM = #{custNum,jdbcType=CHAR}
      and REQ_INFO_NUM = #{reqInfoNum,jdbcType=CHAR}
      and REQ_YMD = #{reqYmd,jdbcType=CHAR}
  </select>
  <delete id="deleteByPrimaryKey" parameterType="scg.c24.biz.db.gen.model.C1btCardCnlSendKey">
    <!--
      WARNING - @mbg.generated
      This element is automatically generated by MyBatis Generator, do not modify.
      This element was generated on Thu Sep 22 18:10:50 KST 2016.
    -->
    delete from C11.C1BT_CARD_CNL_SEND
    where TREAT_YMD = #{treatYmd,jdbcType=CHAR}
      and DEFRAY_ACCOUNT_NUM = #{defrayAccountNum,jdbcType=VARCHAR}
      and CUST_NUM = #{custNum,jdbcType=CHAR}
      and REQ_INFO_NUM = #{reqInfoNum,jdbcType=CHAR}
      and REQ_YMD = #{reqYmd,jdbcType=CHAR}
  </delete>
  <delete id="deleteByExample" parameterType="scg.c24.biz.db.gen.model.C1btCardCnlSendExample">
    <!--
      WARNING - @mbg.generated
      This element is automatically generated by MyBatis Generator, do not modify.
      This element was generated on Thu Sep 22 18:10:50 KST 2016.
    -->
    delete from C11.C1BT_CARD_CNL_SEND
    <if test="_parameter != null">
      <include refid="Example_Where_Clause" />
    </if>
  </delete>
  <insert id="insert" parameterType="scg.c24.biz.db.gen.model.C1btCardCnlSend">
    <!--
      WARNING - @mbg.generated
      This element is automatically generated by MyBatis Generator, do not modify.
      This element was generated on Thu Sep 22 18:10:50 KST 2016.
    -->
    insert into C11.C1BT_CARD_CNL_SEND (TREAT_YMD, DEFRAY_ACCOUNT_NUM, CUST_NUM, 
      REQ_INFO_NUM, REQ_YMD, UPD_DTM, 
      UPD_EMPID, UPD_IP, CRT_DTM, 
      CRT_EMPID, CRT_IP, CNL_YMD, 
      BNK_CD, RESP_CD, RMK)
    values (#{treatYmd,jdbcType=CHAR}, #{defrayAccountNum,jdbcType=VARCHAR}, #{custNum,jdbcType=CHAR}, 
      #{reqInfoNum,jdbcType=CHAR}, #{reqYmd,jdbcType=CHAR}, #{updDtm,jdbcType=TIMESTAMP}, 
      #{updEmpid,jdbcType=CHAR}, #{updIp,jdbcType=VARCHAR}, #{crtDtm,jdbcType=TIMESTAMP}, 
      #{crtEmpid,jdbcType=CHAR}, #{crtIp,jdbcType=VARCHAR}, #{cnlYmd,jdbcType=CHAR}, 
      #{bnkCd,jdbcType=CHAR}, #{respCd,jdbcType=VARCHAR}, #{rmk,jdbcType=VARCHAR})
  </insert>
  <insert id="insertSelective" parameterType="scg.c24.biz.db.gen.model.C1btCardCnlSend">
    <!--
      WARNING - @mbg.generated
      This element is automatically generated by MyBatis Generator, do not modify.
      This element was generated on Thu Sep 22 18:10:50 KST 2016.
    -->
    insert into C11.C1BT_CARD_CNL_SEND
    <trim prefix="(" suffix=")" suffixOverrides=",">
      <if test="treatYmd != null">
        TREAT_YMD,
      </if>
      <if test="defrayAccountNum != null">
        DEFRAY_ACCOUNT_NUM,
      </if>
      <if test="custNum != null">
        CUST_NUM,
      </if>
      <if test="reqInfoNum != null">
        REQ_INFO_NUM,
      </if>
      <if test="reqYmd != null">
        REQ_YMD,
      </if>
      <if test="updDtm != null">
        UPD_DTM,
      </if>
      <if test="updEmpid != null">
        UPD_EMPID,
      </if>
      <if test="updIp != null">
        UPD_IP,
      </if>
      <if test="crtDtm != null">
        CRT_DTM,
      </if>
      <if test="crtEmpid != null">
        CRT_EMPID,
      </if>
      <if test="crtIp != null">
        CRT_IP,
      </if>
      <if test="cnlYmd != null">
        CNL_YMD,
      </if>
      <if test="bnkCd != null">
        BNK_CD,
      </if>
      <if test="respCd != null">
        RESP_CD,
      </if>
      <if test="rmk != null">
        RMK,
      </if>
    </trim>
    <trim prefix="values (" suffix=")" suffixOverrides=",">
      <if test="treatYmd != null">
        #{treatYmd,jdbcType=CHAR},
      </if>
      <if test="defrayAccountNum != null">
        #{defrayAccountNum,jdbcType=VARCHAR},
      </if>
      <if test="custNum != null">
        #{custNum,jdbcType=CHAR},
      </if>
      <if test="reqInfoNum != null">
        #{reqInfoNum,jdbcType=CHAR},
      </if>
      <if test="reqYmd != null">
        #{reqYmd,jdbcType=CHAR},
      </if>
      <if test="updDtm != null">
        #{updDtm,jdbcType=TIMESTAMP},
      </if>
      <if test="updEmpid != null">
        #{updEmpid,jdbcType=CHAR},
      </if>
      <if test="updIp != null">
        #{updIp,jdbcType=VARCHAR},
      </if>
      <if test="crtDtm != null">
        #{crtDtm,jdbcType=TIMESTAMP},
      </if>
      <if test="crtEmpid != null">
        #{crtEmpid,jdbcType=CHAR},
      </if>
      <if test="crtIp != null">
        #{crtIp,jdbcType=VARCHAR},
      </if>
      <if test="cnlYmd != null">
        #{cnlYmd,jdbcType=CHAR},
      </if>
      <if test="bnkCd != null">
        #{bnkCd,jdbcType=CHAR},
      </if>
      <if test="respCd != null">
        #{respCd,jdbcType=VARCHAR},
      </if>
      <if test="rmk != null">
        #{rmk,jdbcType=VARCHAR},
      </if>
    </trim>
  </insert>
  <select id="countByExample" parameterType="scg.c24.biz.db.gen.model.C1btCardCnlSendExample" resultType="java.lang.Long">
    <!--
      WARNING - @mbg.generated
      This element is automatically generated by MyBatis Generator, do not modify.
      This element was generated on Thu Sep 22 18:10:50 KST 2016.
    -->
    select count(*) from C11.C1BT_CARD_CNL_SEND
    <if test="_parameter != null">
      <include refid="Example_Where_Clause" />
    </if>
  </select>
  <update id="updateByExampleSelective" parameterType="map">
    <!--
      WARNING - @mbg.generated
      This element is automatically generated by MyBatis Generator, do not modify.
      This element was generated on Thu Sep 22 18:10:50 KST 2016.
    -->
    update C11.C1BT_CARD_CNL_SEND
    <set>
      <if test="record.treatYmd != null">
        TREAT_YMD = #{record.treatYmd,jdbcType=CHAR},
      </if>
      <if test="record.defrayAccountNum != null">
        DEFRAY_ACCOUNT_NUM = #{record.defrayAccountNum,jdbcType=VARCHAR},
      </if>
      <if test="record.custNum != null">
        CUST_NUM = #{record.custNum,jdbcType=CHAR},
      </if>
      <if test="record.reqInfoNum != null">
        REQ_INFO_NUM = #{record.reqInfoNum,jdbcType=CHAR},
      </if>
      <if test="record.reqYmd != null">
        REQ_YMD = #{record.reqYmd,jdbcType=CHAR},
      </if>
      <if test="record.updDtm != null">
        UPD_DTM = #{record.updDtm,jdbcType=TIMESTAMP},
      </if>
      <if test="record.updEmpid != null">
        UPD_EMPID = #{record.updEmpid,jdbcType=CHAR},
      </if>
      <if test="record.updIp != null">
        UPD_IP = #{record.updIp,jdbcType=VARCHAR},
      </if>
      <if test="record.crtDtm != null">
        CRT_DTM = #{record.crtDtm,jdbcType=TIMESTAMP},
      </if>
      <if test="record.crtEmpid != null">
        CRT_EMPID = #{record.crtEmpid,jdbcType=CHAR},
      </if>
      <if test="record.crtIp != null">
        CRT_IP = #{record.crtIp,jdbcType=VARCHAR},
      </if>
      <if test="record.cnlYmd != null">
        CNL_YMD = #{record.cnlYmd,jdbcType=CHAR},
      </if>
      <if test="record.bnkCd != null">
        BNK_CD = #{record.bnkCd,jdbcType=CHAR},
      </if>
      <if test="record.respCd != null">
        RESP_CD = #{record.respCd,jdbcType=VARCHAR},
      </if>
      <if test="record.rmk != null">
        RMK = #{record.rmk,jdbcType=VARCHAR},
      </if>
    </set>
    <if test="_parameter != null">
      <include refid="Update_By_Example_Where_Clause" />
    </if>
  </update>
  <update id="updateByExample" parameterType="map">
    <!--
      WARNING - @mbg.generated
      This element is automatically generated by MyBatis Generator, do not modify.
      This element was generated on Thu Sep 22 18:10:50 KST 2016.
    -->
    update C11.C1BT_CARD_CNL_SEND
    set TREAT_YMD = #{record.treatYmd,jdbcType=CHAR},
      DEFRAY_ACCOUNT_NUM = #{record.defrayAccountNum,jdbcType=VARCHAR},
      CUST_NUM = #{record.custNum,jdbcType=CHAR},
      REQ_INFO_NUM = #{record.reqInfoNum,jdbcType=CHAR},
      REQ_YMD = #{record.reqYmd,jdbcType=CHAR},
      UPD_DTM = #{record.updDtm,jdbcType=TIMESTAMP},
      UPD_EMPID = #{record.updEmpid,jdbcType=CHAR},
      UPD_IP = #{record.updIp,jdbcType=VARCHAR},
      CRT_DTM = #{record.crtDtm,jdbcType=TIMESTAMP},
      CRT_EMPID = #{record.crtEmpid,jdbcType=CHAR},
      CRT_IP = #{record.crtIp,jdbcType=VARCHAR},
      CNL_YMD = #{record.cnlYmd,jdbcType=CHAR},
      BNK_CD = #{record.bnkCd,jdbcType=CHAR},
      RESP_CD = #{record.respCd,jdbcType=VARCHAR},
      RMK = #{record.rmk,jdbcType=VARCHAR}
    <if test="_parameter != null">
      <include refid="Update_By_Example_Where_Clause" />
    </if>
  </update>
  <update id="updateByPrimaryKeySelective" parameterType="scg.c24.biz.db.gen.model.C1btCardCnlSend">
    <!--
      WARNING - @mbg.generated
      This element is automatically generated by MyBatis Generator, do not modify.
      This element was generated on Thu Sep 22 18:10:50 KST 2016.
    -->
    update C11.C1BT_CARD_CNL_SEND
    <set>
      <if test="updDtm != null">
        UPD_DTM = #{updDtm,jdbcType=TIMESTAMP},
      </if>
      <if test="updEmpid != null">
        UPD_EMPID = #{updEmpid,jdbcType=CHAR},
      </if>
      <if test="updIp != null">
        UPD_IP = #{updIp,jdbcType=VARCHAR},
      </if>
      <if test="crtDtm != null">
        CRT_DTM = #{crtDtm,jdbcType=TIMESTAMP},
      </if>
      <if test="crtEmpid != null">
        CRT_EMPID = #{crtEmpid,jdbcType=CHAR},
      </if>
      <if test="crtIp != null">
        CRT_IP = #{crtIp,jdbcType=VARCHAR},
      </if>
      <if test="cnlYmd != null">
        CNL_YMD = #{cnlYmd,jdbcType=CHAR},
      </if>
      <if test="bnkCd != null">
        BNK_CD = #{bnkCd,jdbcType=CHAR},
      </if>
      <if test="respCd != null">
        RESP_CD = #{respCd,jdbcType=VARCHAR},
      </if>
      <if test="rmk != null">
        RMK = #{rmk,jdbcType=VARCHAR},
      </if>
    </set>
    where TREAT_YMD = #{treatYmd,jdbcType=CHAR}
      and DEFRAY_ACCOUNT_NUM = #{defrayAccountNum,jdbcType=VARCHAR}
      and CUST_NUM = #{custNum,jdbcType=CHAR}
      and REQ_INFO_NUM = #{reqInfoNum,jdbcType=CHAR}
      and REQ_YMD = #{reqYmd,jdbcType=CHAR}
  </update>
  <update id="updateByPrimaryKey" parameterType="scg.c24.biz.db.gen.model.C1btCardCnlSend">
    <!--
      WARNING - @mbg.generated
      This element is automatically generated by MyBatis Generator, do not modify.
      This element was generated on Thu Sep 22 18:10:50 KST 2016.
    -->
    update C11.C1BT_CARD_CNL_SEND
    set UPD_DTM = #{updDtm,jdbcType=TIMESTAMP},
      UPD_EMPID = #{updEmpid,jdbcType=CHAR},
      UPD_IP = #{updIp,jdbcType=VARCHAR},
      CRT_DTM = #{crtDtm,jdbcType=TIMESTAMP},
      CRT_EMPID = #{crtEmpid,jdbcType=CHAR},
      CRT_IP = #{crtIp,jdbcType=VARCHAR},
      CNL_YMD = #{cnlYmd,jdbcType=CHAR},
      BNK_CD = #{bnkCd,jdbcType=CHAR},
      RESP_CD = #{respCd,jdbcType=VARCHAR},
      RMK = #{rmk,jdbcType=VARCHAR}
    where TREAT_YMD = #{treatYmd,jdbcType=CHAR}
      and DEFRAY_ACCOUNT_NUM = #{defrayAccountNum,jdbcType=VARCHAR}
      and CUST_NUM = #{custNum,jdbcType=CHAR}
      and REQ_INFO_NUM = #{reqInfoNum,jdbcType=CHAR}
      and REQ_YMD = #{reqYmd,jdbcType=CHAR}
  </update>
</mapper>