<?xml version="1.0" encoding="UTF-8"?>
<!DOCTYPE mapper PUBLIC "-//mybatis.org//DTD Mapper 3.0//EN" "http://mybatis.org/dtd/mybatis-3-mapper.dtd">
<mapper namespace="scg.c24.biz.db.gen.model.C1btUseContTransMapper">
  <resultMap id="BaseResultMap" type="scg.c24.biz.db.gen.model.C1btUseContTrans">
    <!--
      WARNING - @mbg.generated
      This element is automatically generated by MyBatis Generator, do not modify.
      This element was generated on Thu Sep 22 18:10:50 KST 2016.
    -->
    <id column="DEFRAY_ACCOUNT_NUM" jdbcType="VARCHAR" property="defrayAccountNum" />
    <id column="CUST_NUM" jdbcType="CHAR" property="custNum" />
    <id column="REQ_INFO_NUM" jdbcType="CHAR" property="reqInfoNum" />
    <id column="REQ_YMD" jdbcType="CHAR" property="reqYmd" />
    <result column="UPD_DTM" jdbcType="TIMESTAMP" property="updDtm" />
    <result column="UPD_EMPID" jdbcType="CHAR" property="updEmpid" />
    <result column="UPD_IP" jdbcType="VARCHAR" property="updIp" />
    <result column="CRT_DTM" jdbcType="TIMESTAMP" property="crtDtm" />
    <result column="CRT_EMPID" jdbcType="CHAR" property="crtEmpid" />
    <result column="CRT_IP" jdbcType="VARCHAR" property="crtIp" />
    <result column="BNK_CD" jdbcType="CHAR" property="bnkCd" />
    <result column="RECEIVE_STS_CD" jdbcType="CHAR" property="receiveStsCd" />
    <result column="RECEIVE_SEC_CD" jdbcType="CHAR" property="receiveSecCd" />
    <result column="ORIG_APPLY_YM" jdbcType="CHAR" property="origApplyYm" />
    <result column="CNL_APPLY_YM" jdbcType="CHAR" property="cnlApplyYm" />
    <result column="CNL_YMD" jdbcType="CHAR" property="cnlYmd" />
    <result column="CNL_WHY_CD" jdbcType="CHAR" property="cnlWhyCd" />
    <result column="CNL_CUST_NM" jdbcType="VARCHAR" property="cnlCustNm" />
    <result column="CNL_CUST_SOC_NUM" jdbcType="CHAR" property="cnlCustSocNum" />
    <result column="CNL_CUST_RELAT_CD" jdbcType="CHAR" property="cnlCustRelatCd" />
    <result column="CNL_TEL_DDD" jdbcType="VARCHAR" property="cnlTelDdd" />
    <result column="CNL_TEL_EXN" jdbcType="VARCHAR" property="cnlTelExn" />
    <result column="CNL_TEL_NUM" jdbcType="VARCHAR" property="cnlTelNum" />
    <result column="JOIN_YN" jdbcType="CHAR" property="joinYn" />
  </resultMap>
  <sql id="Example_Where_Clause">
    <!--
      WARNING - @mbg.generated
      This element is automatically generated by MyBatis Generator, do not modify.
      This element was generated on Thu Sep 22 18:10:50 KST 2016.
    -->
    <where>
      <foreach collection="oredCriteria" item="criteria" separator="or">
        <if test="criteria.valid">
          <trim prefix="(" prefixOverrides="and" suffix=")">
            <foreach collection="criteria.criteria" item="criterion">
              <choose>
                <when test="criterion.noValue">
                  and ${criterion.condition}
                </when>
                <when test="criterion.singleValue">
                  and ${criterion.condition} #{criterion.value}
                </when>
                <when test="criterion.betweenValue">
                  and ${criterion.condition} #{criterion.value} and #{criterion.secondValue}
                </when>
                <when test="criterion.listValue">
                  and ${criterion.condition}
                  <foreach close=")" collection="criterion.value" item="listItem" open="(" separator=",">
                    #{listItem}
                  </foreach>
                </when>
              </choose>
            </foreach>
          </trim>
        </if>
      </foreach>
    </where>
  </sql>
  <sql id="Update_By_Example_Where_Clause">
    <!--
      WARNING - @mbg.generated
      This element is automatically generated by MyBatis Generator, do not modify.
      This element was generated on Thu Sep 22 18:10:50 KST 2016.
    -->
    <where>
      <foreach collection="example.oredCriteria" item="criteria" separator="or">
        <if test="criteria.valid">
          <trim prefix="(" prefixOverrides="and" suffix=")">
            <foreach collection="criteria.criteria" item="criterion">
              <choose>
                <when test="criterion.noValue">
                  and ${criterion.condition}
                </when>
                <when test="criterion.singleValue">
                  and ${criterion.condition} #{criterion.value}
                </when>
                <when test="criterion.betweenValue">
                  and ${criterion.condition} #{criterion.value} and #{criterion.secondValue}
                </when>
                <when test="criterion.listValue">
                  and ${criterion.condition}
                  <foreach close=")" collection="criterion.value" item="listItem" open="(" separator=",">
                    #{listItem}
                  </foreach>
                </when>
              </choose>
            </foreach>
          </trim>
        </if>
      </foreach>
    </where>
  </sql>
  <sql id="Base_Column_List">
    <!--
      WARNING - @mbg.generated
      This element is automatically generated by MyBatis Generator, do not modify.
      This element was generated on Thu Sep 22 18:10:50 KST 2016.
    -->
    DEFRAY_ACCOUNT_NUM, CUST_NUM, REQ_INFO_NUM, REQ_YMD, UPD_DTM, UPD_EMPID, UPD_IP, 
    CRT_DTM, CRT_EMPID, CRT_IP, BNK_CD, RECEIVE_STS_CD, RECEIVE_SEC_CD, ORIG_APPLY_YM, 
    CNL_APPLY_YM, CNL_YMD, CNL_WHY_CD, CNL_CUST_NM, CNL_CUST_SOC_NUM, CNL_CUST_RELAT_CD, 
    CNL_TEL_DDD, CNL_TEL_EXN, CNL_TEL_NUM, JOIN_YN
  </sql>
  <select id="selectByExample" parameterType="scg.c24.biz.db.gen.model.C1btUseContTransExample" resultMap="BaseResultMap">
    <!--
      WARNING - @mbg.generated
      This element is automatically generated by MyBatis Generator, do not modify.
      This element was generated on Thu Sep 22 18:10:50 KST 2016.
    -->
    select
    <if test="distinct">
      distinct
    </if>
    <include refid="Base_Column_List" />
    from C11.C1BT_USE_CONT_TRANS
    <if test="_parameter != null">
      <include refid="Example_Where_Clause" />
    </if>
    <if test="orderByClause != null">
      order by ${orderByClause}
    </if>
  </select>
  <select id="selectByPrimaryKey" parameterType="scg.c24.biz.db.gen.model.C1btUseContTransKey" resultMap="BaseResultMap">
    <!--
      WARNING - @mbg.generated
      This element is automatically generated by MyBatis Generator, do not modify.
      This element was generated on Thu Sep 22 18:10:50 KST 2016.
    -->
    select 
    <include refid="Base_Column_List" />
    from C11.C1BT_USE_CONT_TRANS
    where DEFRAY_ACCOUNT_NUM = #{defrayAccountNum,jdbcType=VARCHAR}
      and CUST_NUM = #{custNum,jdbcType=CHAR}
      and REQ_INFO_NUM = #{reqInfoNum,jdbcType=CHAR}
      and REQ_YMD = #{reqYmd,jdbcType=CHAR}
  </select>
  <delete id="deleteByPrimaryKey" parameterType="scg.c24.biz.db.gen.model.C1btUseContTransKey">
    <!--
      WARNING - @mbg.generated
      This element is automatically generated by MyBatis Generator, do not modify.
      This element was generated on Thu Sep 22 18:10:50 KST 2016.
    -->
    delete from C11.C1BT_USE_CONT_TRANS
    where DEFRAY_ACCOUNT_NUM = #{defrayAccountNum,jdbcType=VARCHAR}
      and CUST_NUM = #{custNum,jdbcType=CHAR}
      and REQ_INFO_NUM = #{reqInfoNum,jdbcType=CHAR}
      and REQ_YMD = #{reqYmd,jdbcType=CHAR}
  </delete>
  <delete id="deleteByExample" parameterType="scg.c24.biz.db.gen.model.C1btUseContTransExample">
    <!--
      WARNING - @mbg.generated
      This element is automatically generated by MyBatis Generator, do not modify.
      This element was generated on Thu Sep 22 18:10:50 KST 2016.
    -->
    delete from C11.C1BT_USE_CONT_TRANS
    <if test="_parameter != null">
      <include refid="Example_Where_Clause" />
    </if>
  </delete>
  <insert id="insert" parameterType="scg.c24.biz.db.gen.model.C1btUseContTrans">
    <!--
      WARNING - @mbg.generated
      This element is automatically generated by MyBatis Generator, do not modify.
      This element was generated on Thu Sep 22 18:10:50 KST 2016.
    -->
    insert into C11.C1BT_USE_CONT_TRANS (DEFRAY_ACCOUNT_NUM, CUST_NUM, REQ_INFO_NUM, 
      REQ_YMD, UPD_DTM, UPD_EMPID, 
      UPD_IP, CRT_DTM, CRT_EMPID, 
      CRT_IP, BNK_CD, RECEIVE_STS_CD, 
      RECEIVE_SEC_CD, ORIG_APPLY_YM, CNL_APPLY_YM, 
      CNL_YMD, CNL_WHY_CD, CNL_CUST_NM, 
      CNL_CUST_SOC_NUM, CNL_CUST_RELAT_CD, CNL_TEL_DDD, 
      CNL_TEL_EXN, CNL_TEL_NUM, JOIN_YN
      )
    values (#{defrayAccountNum,jdbcType=VARCHAR}, #{custNum,jdbcType=CHAR}, #{reqInfoNum,jdbcType=CHAR}, 
      #{reqYmd,jdbcType=CHAR}, #{updDtm,jdbcType=TIMESTAMP}, #{updEmpid,jdbcType=CHAR}, 
      #{updIp,jdbcType=VARCHAR}, #{crtDtm,jdbcType=TIMESTAMP}, #{crtEmpid,jdbcType=CHAR}, 
      #{crtIp,jdbcType=VARCHAR}, #{bnkCd,jdbcType=CHAR}, #{receiveStsCd,jdbcType=CHAR}, 
      #{receiveSecCd,jdbcType=CHAR}, #{origApplyYm,jdbcType=CHAR}, #{cnlApplyYm,jdbcType=CHAR}, 
      #{cnlYmd,jdbcType=CHAR}, #{cnlWhyCd,jdbcType=CHAR}, #{cnlCustNm,jdbcType=VARCHAR}, 
      #{cnlCustSocNum,jdbcType=CHAR}, #{cnlCustRelatCd,jdbcType=CHAR}, #{cnlTelDdd,jdbcType=VARCHAR}, 
      #{cnlTelExn,jdbcType=VARCHAR}, #{cnlTelNum,jdbcType=VARCHAR}, #{joinYn,jdbcType=CHAR}
      )
  </insert>
  <insert id="insertSelective" parameterType="scg.c24.biz.db.gen.model.C1btUseContTrans">
    <!--
      WARNING - @mbg.generated
      This element is automatically generated by MyBatis Generator, do not modify.
      This element was generated on Thu Sep 22 18:10:50 KST 2016.
    -->
    insert into C11.C1BT_USE_CONT_TRANS
    <trim prefix="(" suffix=")" suffixOverrides=",">
      <if test="defrayAccountNum != null">
        DEFRAY_ACCOUNT_NUM,
      </if>
      <if test="custNum != null">
        CUST_NUM,
      </if>
      <if test="reqInfoNum != null">
        REQ_INFO_NUM,
      </if>
      <if test="reqYmd != null">
        REQ_YMD,
      </if>
      <if test="updDtm != null">
        UPD_DTM,
      </if>
      <if test="updEmpid != null">
        UPD_EMPID,
      </if>
      <if test="updIp != null">
        UPD_IP,
      </if>
      <if test="crtDtm != null">
        CRT_DTM,
      </if>
      <if test="crtEmpid != null">
        CRT_EMPID,
      </if>
      <if test="crtIp != null">
        CRT_IP,
      </if>
      <if test="bnkCd != null">
        BNK_CD,
      </if>
      <if test="receiveStsCd != null">
        RECEIVE_STS_CD,
      </if>
      <if test="receiveSecCd != null">
        RECEIVE_SEC_CD,
      </if>
      <if test="origApplyYm != null">
        ORIG_APPLY_YM,
      </if>
      <if test="cnlApplyYm != null">
        CNL_APPLY_YM,
      </if>
      <if test="cnlYmd != null">
        CNL_YMD,
      </if>
      <if test="cnlWhyCd != null">
        CNL_WHY_CD,
      </if>
      <if test="cnlCustNm != null">
        CNL_CUST_NM,
      </if>
      <if test="cnlCustSocNum != null">
        CNL_CUST_SOC_NUM,
      </if>
      <if test="cnlCustRelatCd != null">
        CNL_CUST_RELAT_CD,
      </if>
      <if test="cnlTelDdd != null">
        CNL_TEL_DDD,
      </if>
      <if test="cnlTelExn != null">
        CNL_TEL_EXN,
      </if>
      <if test="cnlTelNum != null">
        CNL_TEL_NUM,
      </if>
      <if test="joinYn != null">
        JOIN_YN,
      </if>
    </trim>
    <trim prefix="values (" suffix=")" suffixOverrides=",">
      <if test="defrayAccountNum != null">
        #{defrayAccountNum,jdbcType=VARCHAR},
      </if>
      <if test="custNum != null">
        #{custNum,jdbcType=CHAR},
      </if>
      <if test="reqInfoNum != null">
        #{reqInfoNum,jdbcType=CHAR},
      </if>
      <if test="reqYmd != null">
        #{reqYmd,jdbcType=CHAR},
      </if>
      <if test="updDtm != null">
        #{updDtm,jdbcType=TIMESTAMP},
      </if>
      <if test="updEmpid != null">
        #{updEmpid,jdbcType=CHAR},
      </if>
      <if test="updIp != null">
        #{updIp,jdbcType=VARCHAR},
      </if>
      <if test="crtDtm != null">
        #{crtDtm,jdbcType=TIMESTAMP},
      </if>
      <if test="crtEmpid != null">
        #{crtEmpid,jdbcType=CHAR},
      </if>
      <if test="crtIp != null">
        #{crtIp,jdbcType=VARCHAR},
      </if>
      <if test="bnkCd != null">
        #{bnkCd,jdbcType=CHAR},
      </if>
      <if test="receiveStsCd != null">
        #{receiveStsCd,jdbcType=CHAR},
      </if>
      <if test="receiveSecCd != null">
        #{receiveSecCd,jdbcType=CHAR},
      </if>
      <if test="origApplyYm != null">
        #{origApplyYm,jdbcType=CHAR},
      </if>
      <if test="cnlApplyYm != null">
        #{cnlApplyYm,jdbcType=CHAR},
      </if>
      <if test="cnlYmd != null">
        #{cnlYmd,jdbcType=CHAR},
      </if>
      <if test="cnlWhyCd != null">
        #{cnlWhyCd,jdbcType=CHAR},
      </if>
      <if test="cnlCustNm != null">
        #{cnlCustNm,jdbcType=VARCHAR},
      </if>
      <if test="cnlCustSocNum != null">
        #{cnlCustSocNum,jdbcType=CHAR},
      </if>
      <if test="cnlCustRelatCd != null">
        #{cnlCustRelatCd,jdbcType=CHAR},
      </if>
      <if test="cnlTelDdd != null">
        #{cnlTelDdd,jdbcType=VARCHAR},
      </if>
      <if test="cnlTelExn != null">
        #{cnlTelExn,jdbcType=VARCHAR},
      </if>
      <if test="cnlTelNum != null">
        #{cnlTelNum,jdbcType=VARCHAR},
      </if>
      <if test="joinYn != null">
        #{joinYn,jdbcType=CHAR},
      </if>
    </trim>
  </insert>
  <select id="countByExample" parameterType="scg.c24.biz.db.gen.model.C1btUseContTransExample" resultType="java.lang.Long">
    <!--
      WARNING - @mbg.generated
      This element is automatically generated by MyBatis Generator, do not modify.
      This element was generated on Thu Sep 22 18:10:50 KST 2016.
    -->
    select count(*) from C11.C1BT_USE_CONT_TRANS
    <if test="_parameter != null">
      <include refid="Example_Where_Clause" />
    </if>
  </select>
  <update id="updateByExampleSelective" parameterType="map">
    <!--
      WARNING - @mbg.generated
      This element is automatically generated by MyBatis Generator, do not modify.
      This element was generated on Thu Sep 22 18:10:50 KST 2016.
    -->
    update C11.C1BT_USE_CONT_TRANS
    <set>
      <if test="record.defrayAccountNum != null">
        DEFRAY_ACCOUNT_NUM = #{record.defrayAccountNum,jdbcType=VARCHAR},
      </if>
      <if test="record.custNum != null">
        CUST_NUM = #{record.custNum,jdbcType=CHAR},
      </if>
      <if test="record.reqInfoNum != null">
        REQ_INFO_NUM = #{record.reqInfoNum,jdbcType=CHAR},
      </if>
      <if test="record.reqYmd != null">
        REQ_YMD = #{record.reqYmd,jdbcType=CHAR},
      </if>
      <if test="record.updDtm != null">
        UPD_DTM = #{record.updDtm,jdbcType=TIMESTAMP},
      </if>
      <if test="record.updEmpid != null">
        UPD_EMPID = #{record.updEmpid,jdbcType=CHAR},
      </if>
      <if test="record.updIp != null">
        UPD_IP = #{record.updIp,jdbcType=VARCHAR},
      </if>
      <if test="record.crtDtm != null">
        CRT_DTM = #{record.crtDtm,jdbcType=TIMESTAMP},
      </if>
      <if test="record.crtEmpid != null">
        CRT_EMPID = #{record.crtEmpid,jdbcType=CHAR},
      </if>
      <if test="record.crtIp != null">
        CRT_IP = #{record.crtIp,jdbcType=VARCHAR},
      </if>
      <if test="record.bnkCd != null">
        BNK_CD = #{record.bnkCd,jdbcType=CHAR},
      </if>
      <if test="record.receiveStsCd != null">
        RECEIVE_STS_CD = #{record.receiveStsCd,jdbcType=CHAR},
      </if>
      <if test="record.receiveSecCd != null">
        RECEIVE_SEC_CD = #{record.receiveSecCd,jdbcType=CHAR},
      </if>
      <if test="record.origApplyYm != null">
        ORIG_APPLY_YM = #{record.origApplyYm,jdbcType=CHAR},
      </if>
      <if test="record.cnlApplyYm != null">
        CNL_APPLY_YM = #{record.cnlApplyYm,jdbcType=CHAR},
      </if>
      <if test="record.cnlYmd != null">
        CNL_YMD = #{record.cnlYmd,jdbcType=CHAR},
      </if>
      <if test="record.cnlWhyCd != null">
        CNL_WHY_CD = #{record.cnlWhyCd,jdbcType=CHAR},
      </if>
      <if test="record.cnlCustNm != null">
        CNL_CUST_NM = #{record.cnlCustNm,jdbcType=VARCHAR},
      </if>
      <if test="record.cnlCustSocNum != null">
        CNL_CUST_SOC_NUM = #{record.cnlCustSocNum,jdbcType=CHAR},
      </if>
      <if test="record.cnlCustRelatCd != null">
        CNL_CUST_RELAT_CD = #{record.cnlCustRelatCd,jdbcType=CHAR},
      </if>
      <if test="record.cnlTelDdd != null">
        CNL_TEL_DDD = #{record.cnlTelDdd,jdbcType=VARCHAR},
      </if>
      <if test="record.cnlTelExn != null">
        CNL_TEL_EXN = #{record.cnlTelExn,jdbcType=VARCHAR},
      </if>
      <if test="record.cnlTelNum != null">
        CNL_TEL_NUM = #{record.cnlTelNum,jdbcType=VARCHAR},
      </if>
      <if test="record.joinYn != null">
        JOIN_YN = #{record.joinYn,jdbcType=CHAR},
      </if>
    </set>
    <if test="_parameter != null">
      <include refid="Update_By_Example_Where_Clause" />
    </if>
  </update>
  <update id="updateByExample" parameterType="map">
    <!--
      WARNING - @mbg.generated
      This element is automatically generated by MyBatis Generator, do not modify.
      This element was generated on Thu Sep 22 18:10:50 KST 2016.
    -->
    update C11.C1BT_USE_CONT_TRANS
    set DEFRAY_ACCOUNT_NUM = #{record.defrayAccountNum,jdbcType=VARCHAR},
      CUST_NUM = #{record.custNum,jdbcType=CHAR},
      REQ_INFO_NUM = #{record.reqInfoNum,jdbcType=CHAR},
      REQ_YMD = #{record.reqYmd,jdbcType=CHAR},
      UPD_DTM = #{record.updDtm,jdbcType=TIMESTAMP},
      UPD_EMPID = #{record.updEmpid,jdbcType=CHAR},
      UPD_IP = #{record.updIp,jdbcType=VARCHAR},
      CRT_DTM = #{record.crtDtm,jdbcType=TIMESTAMP},
      CRT_EMPID = #{record.crtEmpid,jdbcType=CHAR},
      CRT_IP = #{record.crtIp,jdbcType=VARCHAR},
      BNK_CD = #{record.bnkCd,jdbcType=CHAR},
      RECEIVE_STS_CD = #{record.receiveStsCd,jdbcType=CHAR},
      RECEIVE_SEC_CD = #{record.receiveSecCd,jdbcType=CHAR},
      ORIG_APPLY_YM = #{record.origApplyYm,jdbcType=CHAR},
      CNL_APPLY_YM = #{record.cnlApplyYm,jdbcType=CHAR},
      CNL_YMD = #{record.cnlYmd,jdbcType=CHAR},
      CNL_WHY_CD = #{record.cnlWhyCd,jdbcType=CHAR},
      CNL_CUST_NM = #{record.cnlCustNm,jdbcType=VARCHAR},
      CNL_CUST_SOC_NUM = #{record.cnlCustSocNum,jdbcType=CHAR},
      CNL_CUST_RELAT_CD = #{record.cnlCustRelatCd,jdbcType=CHAR},
      CNL_TEL_DDD = #{record.cnlTelDdd,jdbcType=VARCHAR},
      CNL_TEL_EXN = #{record.cnlTelExn,jdbcType=VARCHAR},
      CNL_TEL_NUM = #{record.cnlTelNum,jdbcType=VARCHAR},
      JOIN_YN = #{record.joinYn,jdbcType=CHAR}
    <if test="_parameter != null">
      <include refid="Update_By_Example_Where_Clause" />
    </if>
  </update>
  <update id="updateByPrimaryKeySelective" parameterType="scg.c24.biz.db.gen.model.C1btUseContTrans">
    <!--
      WARNING - @mbg.generated
      This element is automatically generated by MyBatis Generator, do not modify.
      This element was generated on Thu Sep 22 18:10:50 KST 2016.
    -->
    update C11.C1BT_USE_CONT_TRANS
    <set>
      <if test="updDtm != null">
        UPD_DTM = #{updDtm,jdbcType=TIMESTAMP},
      </if>
      <if test="updEmpid != null">
        UPD_EMPID = #{updEmpid,jdbcType=CHAR},
      </if>
      <if test="updIp != null">
        UPD_IP = #{updIp,jdbcType=VARCHAR},
      </if>
      <if test="crtDtm != null">
        CRT_DTM = #{crtDtm,jdbcType=TIMESTAMP},
      </if>
      <if test="crtEmpid != null">
        CRT_EMPID = #{crtEmpid,jdbcType=CHAR},
      </if>
      <if test="crtIp != null">
        CRT_IP = #{crtIp,jdbcType=VARCHAR},
      </if>
      <if test="bnkCd != null">
        BNK_CD = #{bnkCd,jdbcType=CHAR},
      </if>
      <if test="receiveStsCd != null">
        RECEIVE_STS_CD = #{receiveStsCd,jdbcType=CHAR},
      </if>
      <if test="receiveSecCd != null">
        RECEIVE_SEC_CD = #{receiveSecCd,jdbcType=CHAR},
      </if>
      <if test="origApplyYm != null">
        ORIG_APPLY_YM = #{origApplyYm,jdbcType=CHAR},
      </if>
      <if test="cnlApplyYm != null">
        CNL_APPLY_YM = #{cnlApplyYm,jdbcType=CHAR},
      </if>
      <if test="cnlYmd != null">
        CNL_YMD = #{cnlYmd,jdbcType=CHAR},
      </if>
      <if test="cnlWhyCd != null">
        CNL_WHY_CD = #{cnlWhyCd,jdbcType=CHAR},
      </if>
      <if test="cnlCustNm != null">
        CNL_CUST_NM = #{cnlCustNm,jdbcType=VARCHAR},
      </if>
      <if test="cnlCustSocNum != null">
        CNL_CUST_SOC_NUM = #{cnlCustSocNum,jdbcType=CHAR},
      </if>
      <if test="cnlCustRelatCd != null">
        CNL_CUST_RELAT_CD = #{cnlCustRelatCd,jdbcType=CHAR},
      </if>
      <if test="cnlTelDdd != null">
        CNL_TEL_DDD = #{cnlTelDdd,jdbcType=VARCHAR},
      </if>
      <if test="cnlTelExn != null">
        CNL_TEL_EXN = #{cnlTelExn,jdbcType=VARCHAR},
      </if>
      <if test="cnlTelNum != null">
        CNL_TEL_NUM = #{cnlTelNum,jdbcType=VARCHAR},
      </if>
      <if test="joinYn != null">
        JOIN_YN = #{joinYn,jdbcType=CHAR},
      </if>
    </set>
    where DEFRAY_ACCOUNT_NUM = #{defrayAccountNum,jdbcType=VARCHAR}
      and CUST_NUM = #{custNum,jdbcType=CHAR}
      and REQ_INFO_NUM = #{reqInfoNum,jdbcType=CHAR}
      and REQ_YMD = #{reqYmd,jdbcType=CHAR}
  </update>
  <update id="updateByPrimaryKey" parameterType="scg.c24.biz.db.gen.model.C1btUseContTrans">
    <!--
      WARNING - @mbg.generated
      This element is automatically generated by MyBatis Generator, do not modify.
      This element was generated on Thu Sep 22 18:10:50 KST 2016.
    -->
    update C11.C1BT_USE_CONT_TRANS
    set UPD_DTM = #{updDtm,jdbcType=TIMESTAMP},
      UPD_EMPID = #{updEmpid,jdbcType=CHAR},
      UPD_IP = #{updIp,jdbcType=VARCHAR},
      CRT_DTM = #{crtDtm,jdbcType=TIMESTAMP},
      CRT_EMPID = #{crtEmpid,jdbcType=CHAR},
      CRT_IP = #{crtIp,jdbcType=VARCHAR},
      BNK_CD = #{bnkCd,jdbcType=CHAR},
      RECEIVE_STS_CD = #{receiveStsCd,jdbcType=CHAR},
      RECEIVE_SEC_CD = #{receiveSecCd,jdbcType=CHAR},
      ORIG_APPLY_YM = #{origApplyYm,jdbcType=CHAR},
      CNL_APPLY_YM = #{cnlApplyYm,jdbcType=CHAR},
      CNL_YMD = #{cnlYmd,jdbcType=CHAR},
      CNL_WHY_CD = #{cnlWhyCd,jdbcType=CHAR},
      CNL_CUST_NM = #{cnlCustNm,jdbcType=VARCHAR},
      CNL_CUST_SOC_NUM = #{cnlCustSocNum,jdbcType=CHAR},
      CNL_CUST_RELAT_CD = #{cnlCustRelatCd,jdbcType=CHAR},
      CNL_TEL_DDD = #{cnlTelDdd,jdbcType=VARCHAR},
      CNL_TEL_EXN = #{cnlTelExn,jdbcType=VARCHAR},
      CNL_TEL_NUM = #{cnlTelNum,jdbcType=VARCHAR},
      JOIN_YN = #{joinYn,jdbcType=CHAR}
    where DEFRAY_ACCOUNT_NUM = #{defrayAccountNum,jdbcType=VARCHAR}
      and CUST_NUM = #{custNum,jdbcType=CHAR}
      and REQ_INFO_NUM = #{reqInfoNum,jdbcType=CHAR}
      and REQ_YMD = #{reqYmd,jdbcType=CHAR}
  </update>
</mapper>