<?xml version="1.0" encoding="UTF-8"?>
<!DOCTYPE mapper PUBLIC "-//mybatis.org//DTD Mapper 3.0//EN" "http://mybatis.org/dtd/mybatis-3-mapper.dtd">
<mapper namespace="scg.c24.biz.db.gen.model.C1btCardReqDocMapper">
  <resultMap id="BaseResultMap" type="scg.c24.biz.db.gen.model.C1btCardReqDoc">
    <!--
      WARNING - @mbg.generated
      This element is automatically generated by MyBatis Generator, do not modify.
      This element was generated on Thu Sep 22 18:10:50 KST 2016.
    -->
    <id column="JOB_YMD" jdbcType="CHAR" property="jobYmd" />
    <id column="SEQ" jdbcType="DECIMAL" property="seq" />
    <result column="UPD_DTM" jdbcType="TIMESTAMP" property="updDtm" />
    <result column="UPD_EMPID" jdbcType="CHAR" property="updEmpid" />
    <result column="UPD_IP" jdbcType="VARCHAR" property="updIp" />
    <result column="CRT_DTM" jdbcType="TIMESTAMP" property="crtDtm" />
    <result column="CRT_EMPID" jdbcType="CHAR" property="crtEmpid" />
    <result column="CRT_IP" jdbcType="VARCHAR" property="crtIp" />
    <result column="REQ_DOC_FLAG" jdbcType="CHAR" property="reqDocFlag" />
    <result column="SOC_NUM" jdbcType="CHAR" property="socNum" />
    <result column="CUST_NM" jdbcType="VARCHAR" property="custNm" />
    <result column="ADDR1" jdbcType="VARCHAR" property="addr1" />
    <result column="OWNHOUSE_TEL_DDD" jdbcType="VARCHAR" property="ownhouseTelDdd" />
    <result column="OWNHOUSE_TEL_EXN" jdbcType="VARCHAR" property="ownhouseTelExn" />
    <result column="OWNHOUSE_TEL_NUM" jdbcType="VARCHAR" property="ownhouseTelNum" />
    <result column="CP_DDD" jdbcType="VARCHAR" property="cpDdd" />
    <result column="CP_EXN" jdbcType="VARCHAR" property="cpExn" />
    <result column="CP_NUM" jdbcType="VARCHAR" property="cpNum" />
    <result column="AUTO_TRANS_YN" jdbcType="CHAR" property="autoTransYn" />
    <result column="USE_CONT_NUM" jdbcType="CHAR" property="useContNum" />
    <result column="REQ_COM_ID" jdbcType="CHAR" property="reqComId" />
    <result column="REQ_EMPID" jdbcType="CHAR" property="reqEmpid" />
    <result column="RECEIVE_SEC_CD" jdbcType="CHAR" property="receiveSecCd" />
    <result column="RECEIVE_CENTER_CD" jdbcType="CHAR" property="receiveCenterCd" />
    <result column="RECEIVE_DEPT_CD" jdbcType="CHAR" property="receiveDeptCd" />
    <result column="SEND_STS" jdbcType="CHAR" property="sendSts" />
    <result column="SEND_DTM" jdbcType="TIMESTAMP" property="sendDtm" />
    <result column="SEND_RSLT" jdbcType="CHAR" property="sendRslt" />
    <result column="FILE_ID" jdbcType="DECIMAL" property="fileId" />
    <result column="SPOUSE_NM" jdbcType="VARCHAR" property="spouseNm" />
    <result column="SPOUSE_TEL_DDD" jdbcType="VARCHAR" property="spouseTelDdd" />
    <result column="SPOUSE_TEL_EXN" jdbcType="VARCHAR" property="spouseTelExn" />
    <result column="SPOUSE_TEL_NUM" jdbcType="VARCHAR" property="spouseTelNum" />
    <result column="ZIP_NO1" jdbcType="CHAR" property="zipNo1" />
    <result column="ZIP_NO2" jdbcType="CHAR" property="zipNo2" />
    <result column="ADDR2" jdbcType="VARCHAR" property="addr2" />
    <result column="REQ_PATH_FLAG" jdbcType="CHAR" property="reqPathFlag" />
    <result column="REQ_YMD" jdbcType="CHAR" property="reqYmd" />
    <result column="REQ_TYPE_CD" jdbcType="CHAR" property="reqTypeCd" />
    <result column="CIVIL_SERV_RECEIVE_NUM" jdbcType="CHAR" property="civilServReceiveNum" />
    <result column="TREAT_SEQ" jdbcType="DECIMAL" property="treatSeq" />
    <result column="WEB_ID" jdbcType="VARCHAR" property="webId" />
    <result column="NEW_ADDR1" jdbcType="VARCHAR" property="newAddr1" />
    <result column="NEW_ADDR2" jdbcType="VARCHAR" property="newAddr2" />
  </resultMap>
  <sql id="Example_Where_Clause">
    <!--
      WARNING - @mbg.generated
      This element is automatically generated by MyBatis Generator, do not modify.
      This element was generated on Thu Sep 22 18:10:50 KST 2016.
    -->
    <where>
      <foreach collection="oredCriteria" item="criteria" separator="or">
        <if test="criteria.valid">
          <trim prefix="(" prefixOverrides="and" suffix=")">
            <foreach collection="criteria.criteria" item="criterion">
              <choose>
                <when test="criterion.noValue">
                  and ${criterion.condition}
                </when>
                <when test="criterion.singleValue">
                  and ${criterion.condition} #{criterion.value}
                </when>
                <when test="criterion.betweenValue">
                  and ${criterion.condition} #{criterion.value} and #{criterion.secondValue}
                </when>
                <when test="criterion.listValue">
                  and ${criterion.condition}
                  <foreach close=")" collection="criterion.value" item="listItem" open="(" separator=",">
                    #{listItem}
                  </foreach>
                </when>
              </choose>
            </foreach>
          </trim>
        </if>
      </foreach>
    </where>
  </sql>
  <sql id="Update_By_Example_Where_Clause">
    <!--
      WARNING - @mbg.generated
      This element is automatically generated by MyBatis Generator, do not modify.
      This element was generated on Thu Sep 22 18:10:50 KST 2016.
    -->
    <where>
      <foreach collection="example.oredCriteria" item="criteria" separator="or">
        <if test="criteria.valid">
          <trim prefix="(" prefixOverrides="and" suffix=")">
            <foreach collection="criteria.criteria" item="criterion">
              <choose>
                <when test="criterion.noValue">
                  and ${criterion.condition}
                </when>
                <when test="criterion.singleValue">
                  and ${criterion.condition} #{criterion.value}
                </when>
                <when test="criterion.betweenValue">
                  and ${criterion.condition} #{criterion.value} and #{criterion.secondValue}
                </when>
                <when test="criterion.listValue">
                  and ${criterion.condition}
                  <foreach close=")" collection="criterion.value" item="listItem" open="(" separator=",">
                    #{listItem}
                  </foreach>
                </when>
              </choose>
            </foreach>
          </trim>
        </if>
      </foreach>
    </where>
  </sql>
  <sql id="Base_Column_List">
    <!--
      WARNING - @mbg.generated
      This element is automatically generated by MyBatis Generator, do not modify.
      This element was generated on Thu Sep 22 18:10:50 KST 2016.
    -->
    JOB_YMD, SEQ, UPD_DTM, UPD_EMPID, UPD_IP, CRT_DTM, CRT_EMPID, CRT_IP, REQ_DOC_FLAG, 
    SOC_NUM, CUST_NM, ADDR1, OWNHOUSE_TEL_DDD, OWNHOUSE_TEL_EXN, OWNHOUSE_TEL_NUM, CP_DDD, 
    CP_EXN, CP_NUM, AUTO_TRANS_YN, USE_CONT_NUM, REQ_COM_ID, REQ_EMPID, RECEIVE_SEC_CD, 
    RECEIVE_CENTER_CD, RECEIVE_DEPT_CD, SEND_STS, SEND_DTM, SEND_RSLT, FILE_ID, SPOUSE_NM, 
    SPOUSE_TEL_DDD, SPOUSE_TEL_EXN, SPOUSE_TEL_NUM, ZIP_NO1, ZIP_NO2, ADDR2, REQ_PATH_FLAG, 
    REQ_YMD, REQ_TYPE_CD, CIVIL_SERV_RECEIVE_NUM, TREAT_SEQ, WEB_ID, NEW_ADDR1, NEW_ADDR2
  </sql>
  <select id="selectByExample" parameterType="scg.c24.biz.db.gen.model.C1btCardReqDocExample" resultMap="BaseResultMap">
    <!--
      WARNING - @mbg.generated
      This element is automatically generated by MyBatis Generator, do not modify.
      This element was generated on Thu Sep 22 18:10:50 KST 2016.
    -->
    select
    <if test="distinct">
      distinct
    </if>
    <include refid="Base_Column_List" />
    from C11.C1BT_CARD_REQ_DOC
    <if test="_parameter != null">
      <include refid="Example_Where_Clause" />
    </if>
    <if test="orderByClause != null">
      order by ${orderByClause}
    </if>
  </select>
  <select id="selectByPrimaryKey" parameterType="scg.c24.biz.db.gen.model.C1btCardReqDocKey" resultMap="BaseResultMap">
    <!--
      WARNING - @mbg.generated
      This element is automatically generated by MyBatis Generator, do not modify.
      This element was generated on Thu Sep 22 18:10:50 KST 2016.
    -->
    select 
    <include refid="Base_Column_List" />
    from C11.C1BT_CARD_REQ_DOC
    where JOB_YMD = #{jobYmd,jdbcType=CHAR}
      and SEQ = #{seq,jdbcType=DECIMAL}
  </select>
  <delete id="deleteByPrimaryKey" parameterType="scg.c24.biz.db.gen.model.C1btCardReqDocKey">
    <!--
      WARNING - @mbg.generated
      This element is automatically generated by MyBatis Generator, do not modify.
      This element was generated on Thu Sep 22 18:10:50 KST 2016.
    -->
    delete from C11.C1BT_CARD_REQ_DOC
    where JOB_YMD = #{jobYmd,jdbcType=CHAR}
      and SEQ = #{seq,jdbcType=DECIMAL}
  </delete>
  <delete id="deleteByExample" parameterType="scg.c24.biz.db.gen.model.C1btCardReqDocExample">
    <!--
      WARNING - @mbg.generated
      This element is automatically generated by MyBatis Generator, do not modify.
      This element was generated on Thu Sep 22 18:10:50 KST 2016.
    -->
    delete from C11.C1BT_CARD_REQ_DOC
    <if test="_parameter != null">
      <include refid="Example_Where_Clause" />
    </if>
  </delete>
  <insert id="insert" parameterType="scg.c24.biz.db.gen.model.C1btCardReqDoc">
    <!--
      WARNING - @mbg.generated
      This element is automatically generated by MyBatis Generator, do not modify.
      This element was generated on Thu Sep 22 18:10:50 KST 2016.
    -->
    insert into C11.C1BT_CARD_REQ_DOC (JOB_YMD, SEQ, UPD_DTM, 
      UPD_EMPID, UPD_IP, CRT_DTM, 
      CRT_EMPID, CRT_IP, REQ_DOC_FLAG, 
      SOC_NUM, CUST_NM, ADDR1, 
      OWNHOUSE_TEL_DDD, OWNHOUSE_TEL_EXN, OWNHOUSE_TEL_NUM, 
      CP_DDD, CP_EXN, CP_NUM, 
      AUTO_TRANS_YN, USE_CONT_NUM, REQ_COM_ID, 
      REQ_EMPID, RECEIVE_SEC_CD, RECEIVE_CENTER_CD, 
      RECEIVE_DEPT_CD, SEND_STS, SEND_DTM, 
      SEND_RSLT, FILE_ID, SPOUSE_NM, 
      SPOUSE_TEL_DDD, SPOUSE_TEL_EXN, SPOUSE_TEL_NUM, 
      ZIP_NO1, ZIP_NO2, ADDR2, REQ_PATH_FLAG, 
      REQ_YMD, REQ_TYPE_CD, CIVIL_SERV_RECEIVE_NUM, 
      TREAT_SEQ, WEB_ID, NEW_ADDR1, 
      NEW_ADDR2)
    values (#{jobYmd,jdbcType=CHAR}, #{seq,jdbcType=DECIMAL}, #{updDtm,jdbcType=TIMESTAMP}, 
      #{updEmpid,jdbcType=CHAR}, #{updIp,jdbcType=VARCHAR}, #{crtDtm,jdbcType=TIMESTAMP}, 
      #{crtEmpid,jdbcType=CHAR}, #{crtIp,jdbcType=VARCHAR}, #{reqDocFlag,jdbcType=CHAR}, 
      #{socNum,jdbcType=CHAR}, #{custNm,jdbcType=VARCHAR}, #{addr1,jdbcType=VARCHAR}, 
      #{ownhouseTelDdd,jdbcType=VARCHAR}, #{ownhouseTelExn,jdbcType=VARCHAR}, #{ownhouseTelNum,jdbcType=VARCHAR}, 
      #{cpDdd,jdbcType=VARCHAR}, #{cpExn,jdbcType=VARCHAR}, #{cpNum,jdbcType=VARCHAR}, 
      #{autoTransYn,jdbcType=CHAR}, #{useContNum,jdbcType=CHAR}, #{reqComId,jdbcType=CHAR}, 
      #{reqEmpid,jdbcType=CHAR}, #{receiveSecCd,jdbcType=CHAR}, #{receiveCenterCd,jdbcType=CHAR}, 
      #{receiveDeptCd,jdbcType=CHAR}, #{sendSts,jdbcType=CHAR}, #{sendDtm,jdbcType=TIMESTAMP}, 
      #{sendRslt,jdbcType=CHAR}, #{fileId,jdbcType=DECIMAL}, #{spouseNm,jdbcType=VARCHAR}, 
      #{spouseTelDdd,jdbcType=VARCHAR}, #{spouseTelExn,jdbcType=VARCHAR}, #{spouseTelNum,jdbcType=VARCHAR}, 
      #{zipNo1,jdbcType=CHAR}, #{zipNo2,jdbcType=CHAR}, #{addr2,jdbcType=VARCHAR}, #{reqPathFlag,jdbcType=CHAR}, 
      #{reqYmd,jdbcType=CHAR}, #{reqTypeCd,jdbcType=CHAR}, #{civilServReceiveNum,jdbcType=CHAR}, 
      #{treatSeq,jdbcType=DECIMAL}, #{webId,jdbcType=VARCHAR}, #{newAddr1,jdbcType=VARCHAR}, 
      #{newAddr2,jdbcType=VARCHAR})
  </insert>
  <insert id="insertSelective" parameterType="scg.c24.biz.db.gen.model.C1btCardReqDoc">
    <!--
      WARNING - @mbg.generated
      This element is automatically generated by MyBatis Generator, do not modify.
      This element was generated on Thu Sep 22 18:10:50 KST 2016.
    -->
    insert into C11.C1BT_CARD_REQ_DOC
    <trim prefix="(" suffix=")" suffixOverrides=",">
      <if test="jobYmd != null">
        JOB_YMD,
      </if>
      <if test="seq != null">
        SEQ,
      </if>
      <if test="updDtm != null">
        UPD_DTM,
      </if>
      <if test="updEmpid != null">
        UPD_EMPID,
      </if>
      <if test="updIp != null">
        UPD_IP,
      </if>
      <if test="crtDtm != null">
        CRT_DTM,
      </if>
      <if test="crtEmpid != null">
        CRT_EMPID,
      </if>
      <if test="crtIp != null">
        CRT_IP,
      </if>
      <if test="reqDocFlag != null">
        REQ_DOC_FLAG,
      </if>
      <if test="socNum != null">
        SOC_NUM,
      </if>
      <if test="custNm != null">
        CUST_NM,
      </if>
      <if test="addr1 != null">
        ADDR1,
      </if>
      <if test="ownhouseTelDdd != null">
        OWNHOUSE_TEL_DDD,
      </if>
      <if test="ownhouseTelExn != null">
        OWNHOUSE_TEL_EXN,
      </if>
      <if test="ownhouseTelNum != null">
        OWNHOUSE_TEL_NUM,
      </if>
      <if test="cpDdd != null">
        CP_DDD,
      </if>
      <if test="cpExn != null">
        CP_EXN,
      </if>
      <if test="cpNum != null">
        CP_NUM,
      </if>
      <if test="autoTransYn != null">
        AUTO_TRANS_YN,
      </if>
      <if test="useContNum != null">
        USE_CONT_NUM,
      </if>
      <if test="reqComId != null">
        REQ_COM_ID,
      </if>
      <if test="reqEmpid != null">
        REQ_EMPID,
      </if>
      <if test="receiveSecCd != null">
        RECEIVE_SEC_CD,
      </if>
      <if test="receiveCenterCd != null">
        RECEIVE_CENTER_CD,
      </if>
      <if test="receiveDeptCd != null">
        RECEIVE_DEPT_CD,
      </if>
      <if test="sendSts != null">
        SEND_STS,
      </if>
      <if test="sendDtm != null">
        SEND_DTM,
      </if>
      <if test="sendRslt != null">
        SEND_RSLT,
      </if>
      <if test="fileId != null">
        FILE_ID,
      </if>
      <if test="spouseNm != null">
        SPOUSE_NM,
      </if>
      <if test="spouseTelDdd != null">
        SPOUSE_TEL_DDD,
      </if>
      <if test="spouseTelExn != null">
        SPOUSE_TEL_EXN,
      </if>
      <if test="spouseTelNum != null">
        SPOUSE_TEL_NUM,
      </if>
      <if test="zipNo1 != null">
        ZIP_NO1,
      </if>
      <if test="zipNo2 != null">
        ZIP_NO2,
      </if>
      <if test="addr2 != null">
        ADDR2,
      </if>
      <if test="reqPathFlag != null">
        REQ_PATH_FLAG,
      </if>
      <if test="reqYmd != null">
        REQ_YMD,
      </if>
      <if test="reqTypeCd != null">
        REQ_TYPE_CD,
      </if>
      <if test="civilServReceiveNum != null">
        CIVIL_SERV_RECEIVE_NUM,
      </if>
      <if test="treatSeq != null">
        TREAT_SEQ,
      </if>
      <if test="webId != null">
        WEB_ID,
      </if>
      <if test="newAddr1 != null">
        NEW_ADDR1,
      </if>
      <if test="newAddr2 != null">
        NEW_ADDR2,
      </if>
    </trim>
    <trim prefix="values (" suffix=")" suffixOverrides=",">
      <if test="jobYmd != null">
        #{jobYmd,jdbcType=CHAR},
      </if>
      <if test="seq != null">
        #{seq,jdbcType=DECIMAL},
      </if>
      <if test="updDtm != null">
        #{updDtm,jdbcType=TIMESTAMP},
      </if>
      <if test="updEmpid != null">
        #{updEmpid,jdbcType=CHAR},
      </if>
      <if test="updIp != null">
        #{updIp,jdbcType=VARCHAR},
      </if>
      <if test="crtDtm != null">
        #{crtDtm,jdbcType=TIMESTAMP},
      </if>
      <if test="crtEmpid != null">
        #{crtEmpid,jdbcType=CHAR},
      </if>
      <if test="crtIp != null">
        #{crtIp,jdbcType=VARCHAR},
      </if>
      <if test="reqDocFlag != null">
        #{reqDocFlag,jdbcType=CHAR},
      </if>
      <if test="socNum != null">
        #{socNum,jdbcType=CHAR},
      </if>
      <if test="custNm != null">
        #{custNm,jdbcType=VARCHAR},
      </if>
      <if test="addr1 != null">
        #{addr1,jdbcType=VARCHAR},
      </if>
      <if test="ownhouseTelDdd != null">
        #{ownhouseTelDdd,jdbcType=VARCHAR},
      </if>
      <if test="ownhouseTelExn != null">
        #{ownhouseTelExn,jdbcType=VARCHAR},
      </if>
      <if test="ownhouseTelNum != null">
        #{ownhouseTelNum,jdbcType=VARCHAR},
      </if>
      <if test="cpDdd != null">
        #{cpDdd,jdbcType=VARCHAR},
      </if>
      <if test="cpExn != null">
        #{cpExn,jdbcType=VARCHAR},
      </if>
      <if test="cpNum != null">
        #{cpNum,jdbcType=VARCHAR},
      </if>
      <if test="autoTransYn != null">
        #{autoTransYn,jdbcType=CHAR},
      </if>
      <if test="useContNum != null">
        #{useContNum,jdbcType=CHAR},
      </if>
      <if test="reqComId != null">
        #{reqComId,jdbcType=CHAR},
      </if>
      <if test="reqEmpid != null">
        #{reqEmpid,jdbcType=CHAR},
      </if>
      <if test="receiveSecCd != null">
        #{receiveSecCd,jdbcType=CHAR},
      </if>
      <if test="receiveCenterCd != null">
        #{receiveCenterCd,jdbcType=CHAR},
      </if>
      <if test="receiveDeptCd != null">
        #{receiveDeptCd,jdbcType=CHAR},
      </if>
      <if test="sendSts != null">
        #{sendSts,jdbcType=CHAR},
      </if>
      <if test="sendDtm != null">
        #{sendDtm,jdbcType=TIMESTAMP},
      </if>
      <if test="sendRslt != null">
        #{sendRslt,jdbcType=CHAR},
      </if>
      <if test="fileId != null">
        #{fileId,jdbcType=DECIMAL},
      </if>
      <if test="spouseNm != null">
        #{spouseNm,jdbcType=VARCHAR},
      </if>
      <if test="spouseTelDdd != null">
        #{spouseTelDdd,jdbcType=VARCHAR},
      </if>
      <if test="spouseTelExn != null">
        #{spouseTelExn,jdbcType=VARCHAR},
      </if>
      <if test="spouseTelNum != null">
        #{spouseTelNum,jdbcType=VARCHAR},
      </if>
      <if test="zipNo1 != null">
        #{zipNo1,jdbcType=CHAR},
      </if>
      <if test="zipNo2 != null">
        #{zipNo2,jdbcType=CHAR},
      </if>
      <if test="addr2 != null">
        #{addr2,jdbcType=VARCHAR},
      </if>
      <if test="reqPathFlag != null">
        #{reqPathFlag,jdbcType=CHAR},
      </if>
      <if test="reqYmd != null">
        #{reqYmd,jdbcType=CHAR},
      </if>
      <if test="reqTypeCd != null">
        #{reqTypeCd,jdbcType=CHAR},
      </if>
      <if test="civilServReceiveNum != null">
        #{civilServReceiveNum,jdbcType=CHAR},
      </if>
      <if test="treatSeq != null">
        #{treatSeq,jdbcType=DECIMAL},
      </if>
      <if test="webId != null">
        #{webId,jdbcType=VARCHAR},
      </if>
      <if test="newAddr1 != null">
        #{newAddr1,jdbcType=VARCHAR},
      </if>
      <if test="newAddr2 != null">
        #{newAddr2,jdbcType=VARCHAR},
      </if>
    </trim>
  </insert>
  <select id="countByExample" parameterType="scg.c24.biz.db.gen.model.C1btCardReqDocExample" resultType="java.lang.Long">
    <!--
      WARNING - @mbg.generated
      This element is automatically generated by MyBatis Generator, do not modify.
      This element was generated on Thu Sep 22 18:10:50 KST 2016.
    -->
    select count(*) from C11.C1BT_CARD_REQ_DOC
    <if test="_parameter != null">
      <include refid="Example_Where_Clause" />
    </if>
  </select>
  <update id="updateByExampleSelective" parameterType="map">
    <!--
      WARNING - @mbg.generated
      This element is automatically generated by MyBatis Generator, do not modify.
      This element was generated on Thu Sep 22 18:10:50 KST 2016.
    -->
    update C11.C1BT_CARD_REQ_DOC
    <set>
      <if test="record.jobYmd != null">
        JOB_YMD = #{record.jobYmd,jdbcType=CHAR},
      </if>
      <if test="record.seq != null">
        SEQ = #{record.seq,jdbcType=DECIMAL},
      </if>
      <if test="record.updDtm != null">
        UPD_DTM = #{record.updDtm,jdbcType=TIMESTAMP},
      </if>
      <if test="record.updEmpid != null">
        UPD_EMPID = #{record.updEmpid,jdbcType=CHAR},
      </if>
      <if test="record.updIp != null">
        UPD_IP = #{record.updIp,jdbcType=VARCHAR},
      </if>
      <if test="record.crtDtm != null">
        CRT_DTM = #{record.crtDtm,jdbcType=TIMESTAMP},
      </if>
      <if test="record.crtEmpid != null">
        CRT_EMPID = #{record.crtEmpid,jdbcType=CHAR},
      </if>
      <if test="record.crtIp != null">
        CRT_IP = #{record.crtIp,jdbcType=VARCHAR},
      </if>
      <if test="record.reqDocFlag != null">
        REQ_DOC_FLAG = #{record.reqDocFlag,jdbcType=CHAR},
      </if>
      <if test="record.socNum != null">
        SOC_NUM = #{record.socNum,jdbcType=CHAR},
      </if>
      <if test="record.custNm != null">
        CUST_NM = #{record.custNm,jdbcType=VARCHAR},
      </if>
      <if test="record.addr1 != null">
        ADDR1 = #{record.addr1,jdbcType=VARCHAR},
      </if>
      <if test="record.ownhouseTelDdd != null">
        OWNHOUSE_TEL_DDD = #{record.ownhouseTelDdd,jdbcType=VARCHAR},
      </if>
      <if test="record.ownhouseTelExn != null">
        OWNHOUSE_TEL_EXN = #{record.ownhouseTelExn,jdbcType=VARCHAR},
      </if>
      <if test="record.ownhouseTelNum != null">
        OWNHOUSE_TEL_NUM = #{record.ownhouseTelNum,jdbcType=VARCHAR},
      </if>
      <if test="record.cpDdd != null">
        CP_DDD = #{record.cpDdd,jdbcType=VARCHAR},
      </if>
      <if test="record.cpExn != null">
        CP_EXN = #{record.cpExn,jdbcType=VARCHAR},
      </if>
      <if test="record.cpNum != null">
        CP_NUM = #{record.cpNum,jdbcType=VARCHAR},
      </if>
      <if test="record.autoTransYn != null">
        AUTO_TRANS_YN = #{record.autoTransYn,jdbcType=CHAR},
      </if>
      <if test="record.useContNum != null">
        USE_CONT_NUM = #{record.useContNum,jdbcType=CHAR},
      </if>
      <if test="record.reqComId != null">
        REQ_COM_ID = #{record.reqComId,jdbcType=CHAR},
      </if>
      <if test="record.reqEmpid != null">
        REQ_EMPID = #{record.reqEmpid,jdbcType=CHAR},
      </if>
      <if test="record.receiveSecCd != null">
        RECEIVE_SEC_CD = #{record.receiveSecCd,jdbcType=CHAR},
      </if>
      <if test="record.receiveCenterCd != null">
        RECEIVE_CENTER_CD = #{record.receiveCenterCd,jdbcType=CHAR},
      </if>
      <if test="record.receiveDeptCd != null">
        RECEIVE_DEPT_CD = #{record.receiveDeptCd,jdbcType=CHAR},
      </if>
      <if test="record.sendSts != null">
        SEND_STS = #{record.sendSts,jdbcType=CHAR},
      </if>
      <if test="record.sendDtm != null">
        SEND_DTM = #{record.sendDtm,jdbcType=TIMESTAMP},
      </if>
      <if test="record.sendRslt != null">
        SEND_RSLT = #{record.sendRslt,jdbcType=CHAR},
      </if>
      <if test="record.fileId != null">
        FILE_ID = #{record.fileId,jdbcType=DECIMAL},
      </if>
      <if test="record.spouseNm != null">
        SPOUSE_NM = #{record.spouseNm,jdbcType=VARCHAR},
      </if>
      <if test="record.spouseTelDdd != null">
        SPOUSE_TEL_DDD = #{record.spouseTelDdd,jdbcType=VARCHAR},
      </if>
      <if test="record.spouseTelExn != null">
        SPOUSE_TEL_EXN = #{record.spouseTelExn,jdbcType=VARCHAR},
      </if>
      <if test="record.spouseTelNum != null">
        SPOUSE_TEL_NUM = #{record.spouseTelNum,jdbcType=VARCHAR},
      </if>
      <if test="record.zipNo1 != null">
        ZIP_NO1 = #{record.zipNo1,jdbcType=CHAR},
      </if>
      <if test="record.zipNo2 != null">
        ZIP_NO2 = #{record.zipNo2,jdbcType=CHAR},
      </if>
      <if test="record.addr2 != null">
        ADDR2 = #{record.addr2,jdbcType=VARCHAR},
      </if>
      <if test="record.reqPathFlag != null">
        REQ_PATH_FLAG = #{record.reqPathFlag,jdbcType=CHAR},
      </if>
      <if test="record.reqYmd != null">
        REQ_YMD = #{record.reqYmd,jdbcType=CHAR},
      </if>
      <if test="record.reqTypeCd != null">
        REQ_TYPE_CD = #{record.reqTypeCd,jdbcType=CHAR},
      </if>
      <if test="record.civilServReceiveNum != null">
        CIVIL_SERV_RECEIVE_NUM = #{record.civilServReceiveNum,jdbcType=CHAR},
      </if>
      <if test="record.treatSeq != null">
        TREAT_SEQ = #{record.treatSeq,jdbcType=DECIMAL},
      </if>
      <if test="record.webId != null">
        WEB_ID = #{record.webId,jdbcType=VARCHAR},
      </if>
      <if test="record.newAddr1 != null">
        NEW_ADDR1 = #{record.newAddr1,jdbcType=VARCHAR},
      </if>
      <if test="record.newAddr2 != null">
        NEW_ADDR2 = #{record.newAddr2,jdbcType=VARCHAR},
      </if>
    </set>
    <if test="_parameter != null">
      <include refid="Update_By_Example_Where_Clause" />
    </if>
  </update>
  <update id="updateByExample" parameterType="map">
    <!--
      WARNING - @mbg.generated
      This element is automatically generated by MyBatis Generator, do not modify.
      This element was generated on Thu Sep 22 18:10:50 KST 2016.
    -->
    update C11.C1BT_CARD_REQ_DOC
    set JOB_YMD = #{record.jobYmd,jdbcType=CHAR},
      SEQ = #{record.seq,jdbcType=DECIMAL},
      UPD_DTM = #{record.updDtm,jdbcType=TIMESTAMP},
      UPD_EMPID = #{record.updEmpid,jdbcType=CHAR},
      UPD_IP = #{record.updIp,jdbcType=VARCHAR},
      CRT_DTM = #{record.crtDtm,jdbcType=TIMESTAMP},
      CRT_EMPID = #{record.crtEmpid,jdbcType=CHAR},
      CRT_IP = #{record.crtIp,jdbcType=VARCHAR},
      REQ_DOC_FLAG = #{record.reqDocFlag,jdbcType=CHAR},
      SOC_NUM = #{record.socNum,jdbcType=CHAR},
      CUST_NM = #{record.custNm,jdbcType=VARCHAR},
      ADDR1 = #{record.addr1,jdbcType=VARCHAR},
      OWNHOUSE_TEL_DDD = #{record.ownhouseTelDdd,jdbcType=VARCHAR},
      OWNHOUSE_TEL_EXN = #{record.ownhouseTelExn,jdbcType=VARCHAR},
      OWNHOUSE_TEL_NUM = #{record.ownhouseTelNum,jdbcType=VARCHAR},
      CP_DDD = #{record.cpDdd,jdbcType=VARCHAR},
      CP_EXN = #{record.cpExn,jdbcType=VARCHAR},
      CP_NUM = #{record.cpNum,jdbcType=VARCHAR},
      AUTO_TRANS_YN = #{record.autoTransYn,jdbcType=CHAR},
      USE_CONT_NUM = #{record.useContNum,jdbcType=CHAR},
      REQ_COM_ID = #{record.reqComId,jdbcType=CHAR},
      REQ_EMPID = #{record.reqEmpid,jdbcType=CHAR},
      RECEIVE_SEC_CD = #{record.receiveSecCd,jdbcType=CHAR},
      RECEIVE_CENTER_CD = #{record.receiveCenterCd,jdbcType=CHAR},
      RECEIVE_DEPT_CD = #{record.receiveDeptCd,jdbcType=CHAR},
      SEND_STS = #{record.sendSts,jdbcType=CHAR},
      SEND_DTM = #{record.sendDtm,jdbcType=TIMESTAMP},
      SEND_RSLT = #{record.sendRslt,jdbcType=CHAR},
      FILE_ID = #{record.fileId,jdbcType=DECIMAL},
      SPOUSE_NM = #{record.spouseNm,jdbcType=VARCHAR},
      SPOUSE_TEL_DDD = #{record.spouseTelDdd,jdbcType=VARCHAR},
      SPOUSE_TEL_EXN = #{record.spouseTelExn,jdbcType=VARCHAR},
      SPOUSE_TEL_NUM = #{record.spouseTelNum,jdbcType=VARCHAR},
      ZIP_NO1 = #{record.zipNo1,jdbcType=CHAR},
      ZIP_NO2 = #{record.zipNo2,jdbcType=CHAR},
      ADDR2 = #{record.addr2,jdbcType=VARCHAR},
      REQ_PATH_FLAG = #{record.reqPathFlag,jdbcType=CHAR},
      REQ_YMD = #{record.reqYmd,jdbcType=CHAR},
      REQ_TYPE_CD = #{record.reqTypeCd,jdbcType=CHAR},
      CIVIL_SERV_RECEIVE_NUM = #{record.civilServReceiveNum,jdbcType=CHAR},
      TREAT_SEQ = #{record.treatSeq,jdbcType=DECIMAL},
      WEB_ID = #{record.webId,jdbcType=VARCHAR},
      NEW_ADDR1 = #{record.newAddr1,jdbcType=VARCHAR},
      NEW_ADDR2 = #{record.newAddr2,jdbcType=VARCHAR}
    <if test="_parameter != null">
      <include refid="Update_By_Example_Where_Clause" />
    </if>
  </update>
  <update id="updateByPrimaryKeySelective" parameterType="scg.c24.biz.db.gen.model.C1btCardReqDoc">
    <!--
      WARNING - @mbg.generated
      This element is automatically generated by MyBatis Generator, do not modify.
      This element was generated on Thu Sep 22 18:10:50 KST 2016.
    -->
    update C11.C1BT_CARD_REQ_DOC
    <set>
      <if test="updDtm != null">
        UPD_DTM = #{updDtm,jdbcType=TIMESTAMP},
      </if>
      <if test="updEmpid != null">
        UPD_EMPID = #{updEmpid,jdbcType=CHAR},
      </if>
      <if test="updIp != null">
        UPD_IP = #{updIp,jdbcType=VARCHAR},
      </if>
      <if test="crtDtm != null">
        CRT_DTM = #{crtDtm,jdbcType=TIMESTAMP},
      </if>
      <if test="crtEmpid != null">
        CRT_EMPID = #{crtEmpid,jdbcType=CHAR},
      </if>
      <if test="crtIp != null">
        CRT_IP = #{crtIp,jdbcType=VARCHAR},
      </if>
      <if test="reqDocFlag != null">
        REQ_DOC_FLAG = #{reqDocFlag,jdbcType=CHAR},
      </if>
      <if test="socNum != null">
        SOC_NUM = #{socNum,jdbcType=CHAR},
      </if>
      <if test="custNm != null">
        CUST_NM = #{custNm,jdbcType=VARCHAR},
      </if>
      <if test="addr1 != null">
        ADDR1 = #{addr1,jdbcType=VARCHAR},
      </if>
      <if test="ownhouseTelDdd != null">
        OWNHOUSE_TEL_DDD = #{ownhouseTelDdd,jdbcType=VARCHAR},
      </if>
      <if test="ownhouseTelExn != null">
        OWNHOUSE_TEL_EXN = #{ownhouseTelExn,jdbcType=VARCHAR},
      </if>
      <if test="ownhouseTelNum != null">
        OWNHOUSE_TEL_NUM = #{ownhouseTelNum,jdbcType=VARCHAR},
      </if>
      <if test="cpDdd != null">
        CP_DDD = #{cpDdd,jdbcType=VARCHAR},
      </if>
      <if test="cpExn != null">
        CP_EXN = #{cpExn,jdbcType=VARCHAR},
      </if>
      <if test="cpNum != null">
        CP_NUM = #{cpNum,jdbcType=VARCHAR},
      </if>
      <if test="autoTransYn != null">
        AUTO_TRANS_YN = #{autoTransYn,jdbcType=CHAR},
      </if>
      <if test="useContNum != null">
        USE_CONT_NUM = #{useContNum,jdbcType=CHAR},
      </if>
      <if test="reqComId != null">
        REQ_COM_ID = #{reqComId,jdbcType=CHAR},
      </if>
      <if test="reqEmpid != null">
        REQ_EMPID = #{reqEmpid,jdbcType=CHAR},
      </if>
      <if test="receiveSecCd != null">
        RECEIVE_SEC_CD = #{receiveSecCd,jdbcType=CHAR},
      </if>
      <if test="receiveCenterCd != null">
        RECEIVE_CENTER_CD = #{receiveCenterCd,jdbcType=CHAR},
      </if>
      <if test="receiveDeptCd != null">
        RECEIVE_DEPT_CD = #{receiveDeptCd,jdbcType=CHAR},
      </if>
      <if test="sendSts != null">
        SEND_STS = #{sendSts,jdbcType=CHAR},
      </if>
      <if test="sendDtm != null">
        SEND_DTM = #{sendDtm,jdbcType=TIMESTAMP},
      </if>
      <if test="sendRslt != null">
        SEND_RSLT = #{sendRslt,jdbcType=CHAR},
      </if>
      <if test="fileId != null">
        FILE_ID = #{fileId,jdbcType=DECIMAL},
      </if>
      <if test="spouseNm != null">
        SPOUSE_NM = #{spouseNm,jdbcType=VARCHAR},
      </if>
      <if test="spouseTelDdd != null">
        SPOUSE_TEL_DDD = #{spouseTelDdd,jdbcType=VARCHAR},
      </if>
      <if test="spouseTelExn != null">
        SPOUSE_TEL_EXN = #{spouseTelExn,jdbcType=VARCHAR},
      </if>
      <if test="spouseTelNum != null">
        SPOUSE_TEL_NUM = #{spouseTelNum,jdbcType=VARCHAR},
      </if>
      <if test="zipNo1 != null">
        ZIP_NO1 = #{zipNo1,jdbcType=CHAR},
      </if>
      <if test="zipNo2 != null">
        ZIP_NO2 = #{zipNo2,jdbcType=CHAR},
      </if>
      <if test="addr2 != null">
        ADDR2 = #{addr2,jdbcType=VARCHAR},
      </if>
      <if test="reqPathFlag != null">
        REQ_PATH_FLAG = #{reqPathFlag,jdbcType=CHAR},
      </if>
      <if test="reqYmd != null">
        REQ_YMD = #{reqYmd,jdbcType=CHAR},
      </if>
      <if test="reqTypeCd != null">
        REQ_TYPE_CD = #{reqTypeCd,jdbcType=CHAR},
      </if>
      <if test="civilServReceiveNum != null">
        CIVIL_SERV_RECEIVE_NUM = #{civilServReceiveNum,jdbcType=CHAR},
      </if>
      <if test="treatSeq != null">
        TREAT_SEQ = #{treatSeq,jdbcType=DECIMAL},
      </if>
      <if test="webId != null">
        WEB_ID = #{webId,jdbcType=VARCHAR},
      </if>
      <if test="newAddr1 != null">
        NEW_ADDR1 = #{newAddr1,jdbcType=VARCHAR},
      </if>
      <if test="newAddr2 != null">
        NEW_ADDR2 = #{newAddr2,jdbcType=VARCHAR},
      </if>
    </set>
    where JOB_YMD = #{jobYmd,jdbcType=CHAR}
      and SEQ = #{seq,jdbcType=DECIMAL}
  </update>
  <update id="updateByPrimaryKey" parameterType="scg.c24.biz.db.gen.model.C1btCardReqDoc">
    <!--
      WARNING - @mbg.generated
      This element is automatically generated by MyBatis Generator, do not modify.
      This element was generated on Thu Sep 22 18:10:50 KST 2016.
    -->
    update C11.C1BT_CARD_REQ_DOC
    set UPD_DTM = #{updDtm,jdbcType=TIMESTAMP},
      UPD_EMPID = #{updEmpid,jdbcType=CHAR},
      UPD_IP = #{updIp,jdbcType=VARCHAR},
      CRT_DTM = #{crtDtm,jdbcType=TIMESTAMP},
      CRT_EMPID = #{crtEmpid,jdbcType=CHAR},
      CRT_IP = #{crtIp,jdbcType=VARCHAR},
      REQ_DOC_FLAG = #{reqDocFlag,jdbcType=CHAR},
      SOC_NUM = #{socNum,jdbcType=CHAR},
      CUST_NM = #{custNm,jdbcType=VARCHAR},
      ADDR1 = #{addr1,jdbcType=VARCHAR},
      OWNHOUSE_TEL_DDD = #{ownhouseTelDdd,jdbcType=VARCHAR},
      OWNHOUSE_TEL_EXN = #{ownhouseTelExn,jdbcType=VARCHAR},
      OWNHOUSE_TEL_NUM = #{ownhouseTelNum,jdbcType=VARCHAR},
      CP_DDD = #{cpDdd,jdbcType=VARCHAR},
      CP_EXN = #{cpExn,jdbcType=VARCHAR},
      CP_NUM = #{cpNum,jdbcType=VARCHAR},
      AUTO_TRANS_YN = #{autoTransYn,jdbcType=CHAR},
      USE_CONT_NUM = #{useContNum,jdbcType=CHAR},
      REQ_COM_ID = #{reqComId,jdbcType=CHAR},
      REQ_EMPID = #{reqEmpid,jdbcType=CHAR},
      RECEIVE_SEC_CD = #{receiveSecCd,jdbcType=CHAR},
      RECEIVE_CENTER_CD = #{receiveCenterCd,jdbcType=CHAR},
      RECEIVE_DEPT_CD = #{receiveDeptCd,jdbcType=CHAR},
      SEND_STS = #{sendSts,jdbcType=CHAR},
      SEND_DTM = #{sendDtm,jdbcType=TIMESTAMP},
      SEND_RSLT = #{sendRslt,jdbcType=CHAR},
      FILE_ID = #{fileId,jdbcType=DECIMAL},
      SPOUSE_NM = #{spouseNm,jdbcType=VARCHAR},
      SPOUSE_TEL_DDD = #{spouseTelDdd,jdbcType=VARCHAR},
      SPOUSE_TEL_EXN = #{spouseTelExn,jdbcType=VARCHAR},
      SPOUSE_TEL_NUM = #{spouseTelNum,jdbcType=VARCHAR},
      ZIP_NO1 = #{zipNo1,jdbcType=CHAR},
      ZIP_NO2 = #{zipNo2,jdbcType=CHAR},
      ADDR2 = #{addr2,jdbcType=VARCHAR},
      REQ_PATH_FLAG = #{reqPathFlag,jdbcType=CHAR},
      REQ_YMD = #{reqYmd,jdbcType=CHAR},
      REQ_TYPE_CD = #{reqTypeCd,jdbcType=CHAR},
      CIVIL_SERV_RECEIVE_NUM = #{civilServReceiveNum,jdbcType=CHAR},
      TREAT_SEQ = #{treatSeq,jdbcType=DECIMAL},
      WEB_ID = #{webId,jdbcType=VARCHAR},
      NEW_ADDR1 = #{newAddr1,jdbcType=VARCHAR},
      NEW_ADDR2 = #{newAddr2,jdbcType=VARCHAR}
    where JOB_YMD = #{jobYmd,jdbcType=CHAR}
      and SEQ = #{seq,jdbcType=DECIMAL}
  </update>
</mapper>