<?xml version="1.0" encoding="UTF-8"?>
<!DOCTYPE mapper PUBLIC "-//mybatis.org//DTD Mapper 3.0//EN" "http://mybatis.org/dtd/mybatis-3-mapper.dtd">
<mapper namespace="scg.c24.biz.db.gen.model.C1btUseContMapper">
  <resultMap id="BaseResultMap" type="scg.c24.biz.db.gen.model.C1btUseCont">
    <!--
      WARNING - @mbg.generated
      This element is automatically generated by MyBatis Generator, do not modify.
      This element was generated on Thu Sep 22 18:10:50 KST 2016.
    -->
    <id column="USE_CONT_NUM" jdbcType="CHAR" property="useContNum" />
    <result column="UPD_DTM" jdbcType="TIMESTAMP" property="updDtm" />
    <result column="UPD_EMPID" jdbcType="CHAR" property="updEmpid" />
    <result column="UPD_IP" jdbcType="VARCHAR" property="updIp" />
    <result column="CRT_DTM" jdbcType="TIMESTAMP" property="crtDtm" />
    <result column="CRT_EMPID" jdbcType="CHAR" property="crtEmpid" />
    <result column="CRT_IP" jdbcType="VARCHAR" property="crtIp" />
    <result column="CUST_NUM" jdbcType="CHAR" property="custNum" />
    <result column="USE_CONT_YMD" jdbcType="CHAR" property="useContYmd" />
    <result column="TRANS_IN_YMD" jdbcType="CHAR" property="transInYmd" />
    <result column="USE_CONT_NM" jdbcType="VARCHAR" property="useContNm" />
    <result column="CONT_STS_CD" jdbcType="CHAR" property="contStsCd" />
    <result column="CONT_FLAG_CD" jdbcType="CHAR" property="contFlagCd" />
    <result column="GMTR_METHOD" jdbcType="CHAR" property="gmtrMethod" />
    <result column="TEL_DDD" jdbcType="VARCHAR" property="telDdd" />
    <result column="TEL_EXN" jdbcType="VARCHAR" property="telExn" />
    <result column="TEL_NUM" jdbcType="VARCHAR" property="telNum" />
    <result column="PAY_TOT_YN" jdbcType="CHAR" property="payTotYn" />
    <result column="WARR_OBJ_YN" jdbcType="CHAR" property="warrObjYn" />
    <result column="SOCIAL_WELF_FACI_YN" jdbcType="CHAR" property="socialWelfFaciYn" />
    <result column="SPECIAL_TAX_EXEMP_YN" jdbcType="CHAR" property="specialTaxExempYn" />
    <result column="ZERO_TAX_RT_APPLY_YN" jdbcType="CHAR" property="zeroTaxRtApplyYn" />
    <result column="ILL_DECL_NUM" jdbcType="CHAR" property="illDeclNum" />
    <result column="CNL_YMD" jdbcType="CHAR" property="cnlYmd" />
    <result column="CNL_EMPID" jdbcType="CHAR" property="cnlEmpid" />
    <result column="CNL_WHY_CD" jdbcType="CHAR" property="cnlWhyCd" />
    <result column="REQ_INFO_NUM" jdbcType="CHAR" property="reqInfoNum" />
    <result column="INST_PLACE_NUM" jdbcType="CHAR" property="instPlaceNum" />
    <result column="CENTER_CD" jdbcType="CHAR" property="centerCd" />
    <result column="NONPAY_MANAGE_SEC" jdbcType="CHAR" property="nonpayManageSec" />
    <result column="EBPP_REQ_YN" jdbcType="CHAR" property="ebppReqYn" />
    <result column="EBPP_EMAIL" jdbcType="VARCHAR" property="ebppEmail" />
    <result column="INFO_USE_AGREE_YN" jdbcType="CHAR" property="infoUseAgreeYn" />
    <result column="CHG_EMPID" jdbcType="CHAR" property="chgEmpid" />
    <result column="CHG_WHY_CD" jdbcType="CHAR" property="chgWhyCd" />
    <result column="CHG_RMK" jdbcType="VARCHAR" property="chgRmk" />
    <result column="DATA_COL_TYPE" jdbcType="CHAR" property="dataColType" />
    <result column="BACK_USE_CONT_NUM" jdbcType="CHAR" property="backUseContNum" />
    <result column="BACK_CONT_YMD" jdbcType="CHAR" property="backContYmd" />
    <result column="BACK_REQ_YM" jdbcType="CHAR" property="backReqYm" />
    <result column="INDI_GAP_YN" jdbcType="CHAR" property="indiGapYn" />
    <result column="INFO_USE_YN" jdbcType="CHAR" property="infoUseYn" />
    <result column="INFO_USE_YN3" jdbcType="CHAR" property="infoUseYn3" />
    <result column="INFO_USE_YN4" jdbcType="CHAR" property="infoUseYn4" />
    <result column="INFO_USE_YN5" jdbcType="CHAR" property="infoUseYn5" />
  </resultMap>
  <sql id="Example_Where_Clause">
    <!--
      WARNING - @mbg.generated
      This element is automatically generated by MyBatis Generator, do not modify.
      This element was generated on Thu Sep 22 18:10:50 KST 2016.
    -->
    <where>
      <foreach collection="oredCriteria" item="criteria" separator="or">
        <if test="criteria.valid">
          <trim prefix="(" prefixOverrides="and" suffix=")">
            <foreach collection="criteria.criteria" item="criterion">
              <choose>
                <when test="criterion.noValue">
                  and ${criterion.condition}
                </when>
                <when test="criterion.singleValue">
                  and ${criterion.condition} #{criterion.value}
                </when>
                <when test="criterion.betweenValue">
                  and ${criterion.condition} #{criterion.value} and #{criterion.secondValue}
                </when>
                <when test="criterion.listValue">
                  and ${criterion.condition}
                  <foreach close=")" collection="criterion.value" item="listItem" open="(" separator=",">
                    #{listItem}
                  </foreach>
                </when>
              </choose>
            </foreach>
          </trim>
        </if>
      </foreach>
    </where>
  </sql>
  <sql id="Update_By_Example_Where_Clause">
    <!--
      WARNING - @mbg.generated
      This element is automatically generated by MyBatis Generator, do not modify.
      This element was generated on Thu Sep 22 18:10:50 KST 2016.
    -->
    <where>
      <foreach collection="example.oredCriteria" item="criteria" separator="or">
        <if test="criteria.valid">
          <trim prefix="(" prefixOverrides="and" suffix=")">
            <foreach collection="criteria.criteria" item="criterion">
              <choose>
                <when test="criterion.noValue">
                  and ${criterion.condition}
                </when>
                <when test="criterion.singleValue">
                  and ${criterion.condition} #{criterion.value}
                </when>
                <when test="criterion.betweenValue">
                  and ${criterion.condition} #{criterion.value} and #{criterion.secondValue}
                </when>
                <when test="criterion.listValue">
                  and ${criterion.condition}
                  <foreach close=")" collection="criterion.value" item="listItem" open="(" separator=",">
                    #{listItem}
                  </foreach>
                </when>
              </choose>
            </foreach>
          </trim>
        </if>
      </foreach>
    </where>
  </sql>
  <sql id="Base_Column_List">
    <!--
      WARNING - @mbg.generated
      This element is automatically generated by MyBatis Generator, do not modify.
      This element was generated on Thu Sep 22 18:10:50 KST 2016.
    -->
    USE_CONT_NUM, UPD_DTM, UPD_EMPID, UPD_IP, CRT_DTM, CRT_EMPID, CRT_IP, CUST_NUM, USE_CONT_YMD, 
    TRANS_IN_YMD, USE_CONT_NM, CONT_STS_CD, CONT_FLAG_CD, GMTR_METHOD, TEL_DDD, TEL_EXN, 
    TEL_NUM, PAY_TOT_YN, WARR_OBJ_YN, SOCIAL_WELF_FACI_YN, SPECIAL_TAX_EXEMP_YN, ZERO_TAX_RT_APPLY_YN, 
    ILL_DECL_NUM, CNL_YMD, CNL_EMPID, CNL_WHY_CD, REQ_INFO_NUM, INST_PLACE_NUM, CENTER_CD, 
    NONPAY_MANAGE_SEC, EBPP_REQ_YN, EBPP_EMAIL, INFO_USE_AGREE_YN, CHG_EMPID, CHG_WHY_CD, 
    CHG_RMK, DATA_COL_TYPE, BACK_USE_CONT_NUM, BACK_CONT_YMD, BACK_REQ_YM, INDI_GAP_YN, 
    INFO_USE_YN, INFO_USE_YN3, INFO_USE_YN4, INFO_USE_YN5
  </sql>
  <select id="selectByExample" parameterType="scg.c24.biz.db.gen.model.C1btUseContExample" resultMap="BaseResultMap">
    <!--
      WARNING - @mbg.generated
      This element is automatically generated by MyBatis Generator, do not modify.
      This element was generated on Thu Sep 22 18:10:50 KST 2016.
    -->
    select
    <if test="distinct">
      distinct
    </if>
    <include refid="Base_Column_List" />
    from C11.C1BT_USE_CONT
    <if test="_parameter != null">
      <include refid="Example_Where_Clause" />
    </if>
    <if test="orderByClause != null">
      order by ${orderByClause}
    </if>
  </select>
  <select id="selectByPrimaryKey" parameterType="java.lang.String" resultMap="BaseResultMap">
    <!--
      WARNING - @mbg.generated
      This element is automatically generated by MyBatis Generator, do not modify.
      This element was generated on Thu Sep 22 18:10:50 KST 2016.
    -->
    select 
    <include refid="Base_Column_List" />
    from C11.C1BT_USE_CONT
    where USE_CONT_NUM = #{useContNum,jdbcType=CHAR}
  </select>
  <delete id="deleteByPrimaryKey" parameterType="java.lang.String">
    <!--
      WARNING - @mbg.generated
      This element is automatically generated by MyBatis Generator, do not modify.
      This element was generated on Thu Sep 22 18:10:50 KST 2016.
    -->
    delete from C11.C1BT_USE_CONT
    where USE_CONT_NUM = #{useContNum,jdbcType=CHAR}
  </delete>
  <delete id="deleteByExample" parameterType="scg.c24.biz.db.gen.model.C1btUseContExample">
    <!--
      WARNING - @mbg.generated
      This element is automatically generated by MyBatis Generator, do not modify.
      This element was generated on Thu Sep 22 18:10:50 KST 2016.
    -->
    delete from C11.C1BT_USE_CONT
    <if test="_parameter != null">
      <include refid="Example_Where_Clause" />
    </if>
  </delete>
  <insert id="insert" parameterType="scg.c24.biz.db.gen.model.C1btUseCont">
    <!--
      WARNING - @mbg.generated
      This element is automatically generated by MyBatis Generator, do not modify.
      This element was generated on Thu Sep 22 18:10:50 KST 2016.
    -->
    insert into C11.C1BT_USE_CONT (USE_CONT_NUM, UPD_DTM, UPD_EMPID, 
      UPD_IP, CRT_DTM, CRT_EMPID, 
      CRT_IP, CUST_NUM, USE_CONT_YMD, 
      TRANS_IN_YMD, USE_CONT_NM, CONT_STS_CD, 
      CONT_FLAG_CD, GMTR_METHOD, TEL_DDD, 
      TEL_EXN, TEL_NUM, PAY_TOT_YN, 
      WARR_OBJ_YN, SOCIAL_WELF_FACI_YN, SPECIAL_TAX_EXEMP_YN, 
      ZERO_TAX_RT_APPLY_YN, ILL_DECL_NUM, CNL_YMD, 
      CNL_EMPID, CNL_WHY_CD, REQ_INFO_NUM, 
      INST_PLACE_NUM, CENTER_CD, NONPAY_MANAGE_SEC, 
      EBPP_REQ_YN, EBPP_EMAIL, INFO_USE_AGREE_YN, 
      CHG_EMPID, CHG_WHY_CD, CHG_RMK, 
      DATA_COL_TYPE, BACK_USE_CONT_NUM, BACK_CONT_YMD, 
      BACK_REQ_YM, INDI_GAP_YN, INFO_USE_YN, 
      INFO_USE_YN3, INFO_USE_YN4, INFO_USE_YN5
      )
    values (#{useContNum,jdbcType=CHAR}, #{updDtm,jdbcType=TIMESTAMP}, #{updEmpid,jdbcType=CHAR}, 
      #{updIp,jdbcType=VARCHAR}, #{crtDtm,jdbcType=TIMESTAMP}, #{crtEmpid,jdbcType=CHAR}, 
      #{crtIp,jdbcType=VARCHAR}, #{custNum,jdbcType=CHAR}, #{useContYmd,jdbcType=CHAR}, 
      #{transInYmd,jdbcType=CHAR}, #{useContNm,jdbcType=VARCHAR}, #{contStsCd,jdbcType=CHAR}, 
      #{contFlagCd,jdbcType=CHAR}, #{gmtrMethod,jdbcType=CHAR}, #{telDdd,jdbcType=VARCHAR}, 
      #{telExn,jdbcType=VARCHAR}, #{telNum,jdbcType=VARCHAR}, #{payTotYn,jdbcType=CHAR}, 
      #{warrObjYn,jdbcType=CHAR}, #{socialWelfFaciYn,jdbcType=CHAR}, #{specialTaxExempYn,jdbcType=CHAR}, 
      #{zeroTaxRtApplyYn,jdbcType=CHAR}, #{illDeclNum,jdbcType=CHAR}, #{cnlYmd,jdbcType=CHAR}, 
      #{cnlEmpid,jdbcType=CHAR}, #{cnlWhyCd,jdbcType=CHAR}, #{reqInfoNum,jdbcType=CHAR}, 
      #{instPlaceNum,jdbcType=CHAR}, #{centerCd,jdbcType=CHAR}, #{nonpayManageSec,jdbcType=CHAR}, 
      #{ebppReqYn,jdbcType=CHAR}, #{ebppEmail,jdbcType=VARCHAR}, #{infoUseAgreeYn,jdbcType=CHAR}, 
      #{chgEmpid,jdbcType=CHAR}, #{chgWhyCd,jdbcType=CHAR}, #{chgRmk,jdbcType=VARCHAR}, 
      #{dataColType,jdbcType=CHAR}, #{backUseContNum,jdbcType=CHAR}, #{backContYmd,jdbcType=CHAR}, 
      #{backReqYm,jdbcType=CHAR}, #{indiGapYn,jdbcType=CHAR}, #{infoUseYn,jdbcType=CHAR}, 
      #{infoUseYn3,jdbcType=CHAR}, #{infoUseYn4,jdbcType=CHAR}, #{infoUseYn5,jdbcType=CHAR}
      )
  </insert>
  <insert id="insertSelective" parameterType="scg.c24.biz.db.gen.model.C1btUseCont">
    <!--
      WARNING - @mbg.generated
      This element is automatically generated by MyBatis Generator, do not modify.
      This element was generated on Thu Sep 22 18:10:50 KST 2016.
    -->
    insert into C11.C1BT_USE_CONT
    <trim prefix="(" suffix=")" suffixOverrides=",">
      <if test="useContNum != null">
        USE_CONT_NUM,
      </if>
      <if test="updDtm != null">
        UPD_DTM,
      </if>
      <if test="updEmpid != null">
        UPD_EMPID,
      </if>
      <if test="updIp != null">
        UPD_IP,
      </if>
      <if test="crtDtm != null">
        CRT_DTM,
      </if>
      <if test="crtEmpid != null">
        CRT_EMPID,
      </if>
      <if test="crtIp != null">
        CRT_IP,
      </if>
      <if test="custNum != null">
        CUST_NUM,
      </if>
      <if test="useContYmd != null">
        USE_CONT_YMD,
      </if>
      <if test="transInYmd != null">
        TRANS_IN_YMD,
      </if>
      <if test="useContNm != null">
        USE_CONT_NM,
      </if>
      <if test="contStsCd != null">
        CONT_STS_CD,
      </if>
      <if test="contFlagCd != null">
        CONT_FLAG_CD,
      </if>
      <if test="gmtrMethod != null">
        GMTR_METHOD,
      </if>
      <if test="telDdd != null">
        TEL_DDD,
      </if>
      <if test="telExn != null">
        TEL_EXN,
      </if>
      <if test="telNum != null">
        TEL_NUM,
      </if>
      <if test="payTotYn != null">
        PAY_TOT_YN,
      </if>
      <if test="warrObjYn != null">
        WARR_OBJ_YN,
      </if>
      <if test="socialWelfFaciYn != null">
        SOCIAL_WELF_FACI_YN,
      </if>
      <if test="specialTaxExempYn != null">
        SPECIAL_TAX_EXEMP_YN,
      </if>
      <if test="zeroTaxRtApplyYn != null">
        ZERO_TAX_RT_APPLY_YN,
      </if>
      <if test="illDeclNum != null">
        ILL_DECL_NUM,
      </if>
      <if test="cnlYmd != null">
        CNL_YMD,
      </if>
      <if test="cnlEmpid != null">
        CNL_EMPID,
      </if>
      <if test="cnlWhyCd != null">
        CNL_WHY_CD,
      </if>
      <if test="reqInfoNum != null">
        REQ_INFO_NUM,
      </if>
      <if test="instPlaceNum != null">
        INST_PLACE_NUM,
      </if>
      <if test="centerCd != null">
        CENTER_CD,
      </if>
      <if test="nonpayManageSec != null">
        NONPAY_MANAGE_SEC,
      </if>
      <if test="ebppReqYn != null">
        EBPP_REQ_YN,
      </if>
      <if test="ebppEmail != null">
        EBPP_EMAIL,
      </if>
      <if test="infoUseAgreeYn != null">
        INFO_USE_AGREE_YN,
      </if>
      <if test="chgEmpid != null">
        CHG_EMPID,
      </if>
      <if test="chgWhyCd != null">
        CHG_WHY_CD,
      </if>
      <if test="chgRmk != null">
        CHG_RMK,
      </if>
      <if test="dataColType != null">
        DATA_COL_TYPE,
      </if>
      <if test="backUseContNum != null">
        BACK_USE_CONT_NUM,
      </if>
      <if test="backContYmd != null">
        BACK_CONT_YMD,
      </if>
      <if test="backReqYm != null">
        BACK_REQ_YM,
      </if>
      <if test="indiGapYn != null">
        INDI_GAP_YN,
      </if>
      <if test="infoUseYn != null">
        INFO_USE_YN,
      </if>
      <if test="infoUseYn3 != null">
        INFO_USE_YN3,
      </if>
      <if test="infoUseYn4 != null">
        INFO_USE_YN4,
      </if>
      <if test="infoUseYn5 != null">
        INFO_USE_YN5,
      </if>
    </trim>
    <trim prefix="values (" suffix=")" suffixOverrides=",">
      <if test="useContNum != null">
        #{useContNum,jdbcType=CHAR},
      </if>
      <if test="updDtm != null">
        #{updDtm,jdbcType=TIMESTAMP},
      </if>
      <if test="updEmpid != null">
        #{updEmpid,jdbcType=CHAR},
      </if>
      <if test="updIp != null">
        #{updIp,jdbcType=VARCHAR},
      </if>
      <if test="crtDtm != null">
        #{crtDtm,jdbcType=TIMESTAMP},
      </if>
      <if test="crtEmpid != null">
        #{crtEmpid,jdbcType=CHAR},
      </if>
      <if test="crtIp != null">
        #{crtIp,jdbcType=VARCHAR},
      </if>
      <if test="custNum != null">
        #{custNum,jdbcType=CHAR},
      </if>
      <if test="useContYmd != null">
        #{useContYmd,jdbcType=CHAR},
      </if>
      <if test="transInYmd != null">
        #{transInYmd,jdbcType=CHAR},
      </if>
      <if test="useContNm != null">
        #{useContNm,jdbcType=VARCHAR},
      </if>
      <if test="contStsCd != null">
        #{contStsCd,jdbcType=CHAR},
      </if>
      <if test="contFlagCd != null">
        #{contFlagCd,jdbcType=CHAR},
      </if>
      <if test="gmtrMethod != null">
        #{gmtrMethod,jdbcType=CHAR},
      </if>
      <if test="telDdd != null">
        #{telDdd,jdbcType=VARCHAR},
      </if>
      <if test="telExn != null">
        #{telExn,jdbcType=VARCHAR},
      </if>
      <if test="telNum != null">
        #{telNum,jdbcType=VARCHAR},
      </if>
      <if test="payTotYn != null">
        #{payTotYn,jdbcType=CHAR},
      </if>
      <if test="warrObjYn != null">
        #{warrObjYn,jdbcType=CHAR},
      </if>
      <if test="socialWelfFaciYn != null">
        #{socialWelfFaciYn,jdbcType=CHAR},
      </if>
      <if test="specialTaxExempYn != null">
        #{specialTaxExempYn,jdbcType=CHAR},
      </if>
      <if test="zeroTaxRtApplyYn != null">
        #{zeroTaxRtApplyYn,jdbcType=CHAR},
      </if>
      <if test="illDeclNum != null">
        #{illDeclNum,jdbcType=CHAR},
      </if>
      <if test="cnlYmd != null">
        #{cnlYmd,jdbcType=CHAR},
      </if>
      <if test="cnlEmpid != null">
        #{cnlEmpid,jdbcType=CHAR},
      </if>
      <if test="cnlWhyCd != null">
        #{cnlWhyCd,jdbcType=CHAR},
      </if>
      <if test="reqInfoNum != null">
        #{reqInfoNum,jdbcType=CHAR},
      </if>
      <if test="instPlaceNum != null">
        #{instPlaceNum,jdbcType=CHAR},
      </if>
      <if test="centerCd != null">
        #{centerCd,jdbcType=CHAR},
      </if>
      <if test="nonpayManageSec != null">
        #{nonpayManageSec,jdbcType=CHAR},
      </if>
      <if test="ebppReqYn != null">
        #{ebppReqYn,jdbcType=CHAR},
      </if>
      <if test="ebppEmail != null">
        #{ebppEmail,jdbcType=VARCHAR},
      </if>
      <if test="infoUseAgreeYn != null">
        #{infoUseAgreeYn,jdbcType=CHAR},
      </if>
      <if test="chgEmpid != null">
        #{chgEmpid,jdbcType=CHAR},
      </if>
      <if test="chgWhyCd != null">
        #{chgWhyCd,jdbcType=CHAR},
      </if>
      <if test="chgRmk != null">
        #{chgRmk,jdbcType=VARCHAR},
      </if>
      <if test="dataColType != null">
        #{dataColType,jdbcType=CHAR},
      </if>
      <if test="backUseContNum != null">
        #{backUseContNum,jdbcType=CHAR},
      </if>
      <if test="backContYmd != null">
        #{backContYmd,jdbcType=CHAR},
      </if>
      <if test="backReqYm != null">
        #{backReqYm,jdbcType=CHAR},
      </if>
      <if test="indiGapYn != null">
        #{indiGapYn,jdbcType=CHAR},
      </if>
      <if test="infoUseYn != null">
        #{infoUseYn,jdbcType=CHAR},
      </if>
      <if test="infoUseYn3 != null">
        #{infoUseYn3,jdbcType=CHAR},
      </if>
      <if test="infoUseYn4 != null">
        #{infoUseYn4,jdbcType=CHAR},
      </if>
      <if test="infoUseYn5 != null">
        #{infoUseYn5,jdbcType=CHAR},
      </if>
    </trim>
  </insert>
  <select id="countByExample" parameterType="scg.c24.biz.db.gen.model.C1btUseContExample" resultType="java.lang.Long">
    <!--
      WARNING - @mbg.generated
      This element is automatically generated by MyBatis Generator, do not modify.
      This element was generated on Thu Sep 22 18:10:50 KST 2016.
    -->
    select count(*) from C11.C1BT_USE_CONT
    <if test="_parameter != null">
      <include refid="Example_Where_Clause" />
    </if>
  </select>
  <update id="updateByExampleSelective" parameterType="map">
    <!--
      WARNING - @mbg.generated
      This element is automatically generated by MyBatis Generator, do not modify.
      This element was generated on Thu Sep 22 18:10:50 KST 2016.
    -->
    update C11.C1BT_USE_CONT
    <set>
      <if test="record.useContNum != null">
        USE_CONT_NUM = #{record.useContNum,jdbcType=CHAR},
      </if>
      <if test="record.updDtm != null">
        UPD_DTM = #{record.updDtm,jdbcType=TIMESTAMP},
      </if>
      <if test="record.updEmpid != null">
        UPD_EMPID = #{record.updEmpid,jdbcType=CHAR},
      </if>
      <if test="record.updIp != null">
        UPD_IP = #{record.updIp,jdbcType=VARCHAR},
      </if>
      <if test="record.crtDtm != null">
        CRT_DTM = #{record.crtDtm,jdbcType=TIMESTAMP},
      </if>
      <if test="record.crtEmpid != null">
        CRT_EMPID = #{record.crtEmpid,jdbcType=CHAR},
      </if>
      <if test="record.crtIp != null">
        CRT_IP = #{record.crtIp,jdbcType=VARCHAR},
      </if>
      <if test="record.custNum != null">
        CUST_NUM = #{record.custNum,jdbcType=CHAR},
      </if>
      <if test="record.useContYmd != null">
        USE_CONT_YMD = #{record.useContYmd,jdbcType=CHAR},
      </if>
      <if test="record.transInYmd != null">
        TRANS_IN_YMD = #{record.transInYmd,jdbcType=CHAR},
      </if>
      <if test="record.useContNm != null">
        USE_CONT_NM = #{record.useContNm,jdbcType=VARCHAR},
      </if>
      <if test="record.contStsCd != null">
        CONT_STS_CD = #{record.contStsCd,jdbcType=CHAR},
      </if>
      <if test="record.contFlagCd != null">
        CONT_FLAG_CD = #{record.contFlagCd,jdbcType=CHAR},
      </if>
      <if test="record.gmtrMethod != null">
        GMTR_METHOD = #{record.gmtrMethod,jdbcType=CHAR},
      </if>
      <if test="record.telDdd != null">
        TEL_DDD = #{record.telDdd,jdbcType=VARCHAR},
      </if>
      <if test="record.telExn != null">
        TEL_EXN = #{record.telExn,jdbcType=VARCHAR},
      </if>
      <if test="record.telNum != null">
        TEL_NUM = #{record.telNum,jdbcType=VARCHAR},
      </if>
      <if test="record.payTotYn != null">
        PAY_TOT_YN = #{record.payTotYn,jdbcType=CHAR},
      </if>
      <if test="record.warrObjYn != null">
        WARR_OBJ_YN = #{record.warrObjYn,jdbcType=CHAR},
      </if>
      <if test="record.socialWelfFaciYn != null">
        SOCIAL_WELF_FACI_YN = #{record.socialWelfFaciYn,jdbcType=CHAR},
      </if>
      <if test="record.specialTaxExempYn != null">
        SPECIAL_TAX_EXEMP_YN = #{record.specialTaxExempYn,jdbcType=CHAR},
      </if>
      <if test="record.zeroTaxRtApplyYn != null">
        ZERO_TAX_RT_APPLY_YN = #{record.zeroTaxRtApplyYn,jdbcType=CHAR},
      </if>
      <if test="record.illDeclNum != null">
        ILL_DECL_NUM = #{record.illDeclNum,jdbcType=CHAR},
      </if>
      <if test="record.cnlYmd != null">
        CNL_YMD = #{record.cnlYmd,jdbcType=CHAR},
      </if>
      <if test="record.cnlEmpid != null">
        CNL_EMPID = #{record.cnlEmpid,jdbcType=CHAR},
      </if>
      <if test="record.cnlWhyCd != null">
        CNL_WHY_CD = #{record.cnlWhyCd,jdbcType=CHAR},
      </if>
      <if test="record.reqInfoNum != null">
        REQ_INFO_NUM = #{record.reqInfoNum,jdbcType=CHAR},
      </if>
      <if test="record.instPlaceNum != null">
        INST_PLACE_NUM = #{record.instPlaceNum,jdbcType=CHAR},
      </if>
      <if test="record.centerCd != null">
        CENTER_CD = #{record.centerCd,jdbcType=CHAR},
      </if>
      <if test="record.nonpayManageSec != null">
        NONPAY_MANAGE_SEC = #{record.nonpayManageSec,jdbcType=CHAR},
      </if>
      <if test="record.ebppReqYn != null">
        EBPP_REQ_YN = #{record.ebppReqYn,jdbcType=CHAR},
      </if>
      <if test="record.ebppEmail != null">
        EBPP_EMAIL = #{record.ebppEmail,jdbcType=VARCHAR},
      </if>
      <if test="record.infoUseAgreeYn != null">
        INFO_USE_AGREE_YN = #{record.infoUseAgreeYn,jdbcType=CHAR},
      </if>
      <if test="record.chgEmpid != null">
        CHG_EMPID = #{record.chgEmpid,jdbcType=CHAR},
      </if>
      <if test="record.chgWhyCd != null">
        CHG_WHY_CD = #{record.chgWhyCd,jdbcType=CHAR},
      </if>
      <if test="record.chgRmk != null">
        CHG_RMK = #{record.chgRmk,jdbcType=VARCHAR},
      </if>
      <if test="record.dataColType != null">
        DATA_COL_TYPE = #{record.dataColType,jdbcType=CHAR},
      </if>
      <if test="record.backUseContNum != null">
        BACK_USE_CONT_NUM = #{record.backUseContNum,jdbcType=CHAR},
      </if>
      <if test="record.backContYmd != null">
        BACK_CONT_YMD = #{record.backContYmd,jdbcType=CHAR},
      </if>
      <if test="record.backReqYm != null">
        BACK_REQ_YM = #{record.backReqYm,jdbcType=CHAR},
      </if>
      <if test="record.indiGapYn != null">
        INDI_GAP_YN = #{record.indiGapYn,jdbcType=CHAR},
      </if>
      <if test="record.infoUseYn != null">
        INFO_USE_YN = #{record.infoUseYn,jdbcType=CHAR},
      </if>
      <if test="record.infoUseYn3 != null">
        INFO_USE_YN3 = #{record.infoUseYn3,jdbcType=CHAR},
      </if>
      <if test="record.infoUseYn4 != null">
        INFO_USE_YN4 = #{record.infoUseYn4,jdbcType=CHAR},
      </if>
      <if test="record.infoUseYn5 != null">
        INFO_USE_YN5 = #{record.infoUseYn5,jdbcType=CHAR},
      </if>
    </set>
    <if test="_parameter != null">
      <include refid="Update_By_Example_Where_Clause" />
    </if>
  </update>
  <update id="updateByExample" parameterType="map">
    <!--
      WARNING - @mbg.generated
      This element is automatically generated by MyBatis Generator, do not modify.
      This element was generated on Thu Sep 22 18:10:50 KST 2016.
    -->
    update C11.C1BT_USE_CONT
    set USE_CONT_NUM = #{record.useContNum,jdbcType=CHAR},
      UPD_DTM = #{record.updDtm,jdbcType=TIMESTAMP},
      UPD_EMPID = #{record.updEmpid,jdbcType=CHAR},
      UPD_IP = #{record.updIp,jdbcType=VARCHAR},
      CRT_DTM = #{record.crtDtm,jdbcType=TIMESTAMP},
      CRT_EMPID = #{record.crtEmpid,jdbcType=CHAR},
      CRT_IP = #{record.crtIp,jdbcType=VARCHAR},
      CUST_NUM = #{record.custNum,jdbcType=CHAR},
      USE_CONT_YMD = #{record.useContYmd,jdbcType=CHAR},
      TRANS_IN_YMD = #{record.transInYmd,jdbcType=CHAR},
      USE_CONT_NM = #{record.useContNm,jdbcType=VARCHAR},
      CONT_STS_CD = #{record.contStsCd,jdbcType=CHAR},
      CONT_FLAG_CD = #{record.contFlagCd,jdbcType=CHAR},
      GMTR_METHOD = #{record.gmtrMethod,jdbcType=CHAR},
      TEL_DDD = #{record.telDdd,jdbcType=VARCHAR},
      TEL_EXN = #{record.telExn,jdbcType=VARCHAR},
      TEL_NUM = #{record.telNum,jdbcType=VARCHAR},
      PAY_TOT_YN = #{record.payTotYn,jdbcType=CHAR},
      WARR_OBJ_YN = #{record.warrObjYn,jdbcType=CHAR},
      SOCIAL_WELF_FACI_YN = #{record.socialWelfFaciYn,jdbcType=CHAR},
      SPECIAL_TAX_EXEMP_YN = #{record.specialTaxExempYn,jdbcType=CHAR},
      ZERO_TAX_RT_APPLY_YN = #{record.zeroTaxRtApplyYn,jdbcType=CHAR},
      ILL_DECL_NUM = #{record.illDeclNum,jdbcType=CHAR},
      CNL_YMD = #{record.cnlYmd,jdbcType=CHAR},
      CNL_EMPID = #{record.cnlEmpid,jdbcType=CHAR},
      CNL_WHY_CD = #{record.cnlWhyCd,jdbcType=CHAR},
      REQ_INFO_NUM = #{record.reqInfoNum,jdbcType=CHAR},
      INST_PLACE_NUM = #{record.instPlaceNum,jdbcType=CHAR},
      CENTER_CD = #{record.centerCd,jdbcType=CHAR},
      NONPAY_MANAGE_SEC = #{record.nonpayManageSec,jdbcType=CHAR},
      EBPP_REQ_YN = #{record.ebppReqYn,jdbcType=CHAR},
      EBPP_EMAIL = #{record.ebppEmail,jdbcType=VARCHAR},
      INFO_USE_AGREE_YN = #{record.infoUseAgreeYn,jdbcType=CHAR},
      CHG_EMPID = #{record.chgEmpid,jdbcType=CHAR},
      CHG_WHY_CD = #{record.chgWhyCd,jdbcType=CHAR},
      CHG_RMK = #{record.chgRmk,jdbcType=VARCHAR},
      DATA_COL_TYPE = #{record.dataColType,jdbcType=CHAR},
      BACK_USE_CONT_NUM = #{record.backUseContNum,jdbcType=CHAR},
      BACK_CONT_YMD = #{record.backContYmd,jdbcType=CHAR},
      BACK_REQ_YM = #{record.backReqYm,jdbcType=CHAR},
      INDI_GAP_YN = #{record.indiGapYn,jdbcType=CHAR},
      INFO_USE_YN = #{record.infoUseYn,jdbcType=CHAR},
      INFO_USE_YN3 = #{record.infoUseYn3,jdbcType=CHAR},
      INFO_USE_YN4 = #{record.infoUseYn4,jdbcType=CHAR},
      INFO_USE_YN5 = #{record.infoUseYn5,jdbcType=CHAR}
    <if test="_parameter != null">
      <include refid="Update_By_Example_Where_Clause" />
    </if>
  </update>
  <update id="updateByPrimaryKeySelective" parameterType="scg.c24.biz.db.gen.model.C1btUseCont">
    <!--
      WARNING - @mbg.generated
      This element is automatically generated by MyBatis Generator, do not modify.
      This element was generated on Thu Sep 22 18:10:50 KST 2016.
    -->
    update C11.C1BT_USE_CONT
    <set>
      <if test="updDtm != null">
        UPD_DTM = #{updDtm,jdbcType=TIMESTAMP},
      </if>
      <if test="updEmpid != null">
        UPD_EMPID = #{updEmpid,jdbcType=CHAR},
      </if>
      <if test="updIp != null">
        UPD_IP = #{updIp,jdbcType=VARCHAR},
      </if>
      <if test="crtDtm != null">
        CRT_DTM = #{crtDtm,jdbcType=TIMESTAMP},
      </if>
      <if test="crtEmpid != null">
        CRT_EMPID = #{crtEmpid,jdbcType=CHAR},
      </if>
      <if test="crtIp != null">
        CRT_IP = #{crtIp,jdbcType=VARCHAR},
      </if>
      <if test="custNum != null">
        CUST_NUM = #{custNum,jdbcType=CHAR},
      </if>
      <if test="useContYmd != null">
        USE_CONT_YMD = #{useContYmd,jdbcType=CHAR},
      </if>
      <if test="transInYmd != null">
        TRANS_IN_YMD = #{transInYmd,jdbcType=CHAR},
      </if>
      <if test="useContNm != null">
        USE_CONT_NM = #{useContNm,jdbcType=VARCHAR},
      </if>
      <if test="contStsCd != null">
        CONT_STS_CD = #{contStsCd,jdbcType=CHAR},
      </if>
      <if test="contFlagCd != null">
        CONT_FLAG_CD = #{contFlagCd,jdbcType=CHAR},
      </if>
      <if test="gmtrMethod != null">
        GMTR_METHOD = #{gmtrMethod,jdbcType=CHAR},
      </if>
      <if test="telDdd != null">
        TEL_DDD = #{telDdd,jdbcType=VARCHAR},
      </if>
      <if test="telExn != null">
        TEL_EXN = #{telExn,jdbcType=VARCHAR},
      </if>
      <if test="telNum != null">
        TEL_NUM = #{telNum,jdbcType=VARCHAR},
      </if>
      <if test="payTotYn != null">
        PAY_TOT_YN = #{payTotYn,jdbcType=CHAR},
      </if>
      <if test="warrObjYn != null">
        WARR_OBJ_YN = #{warrObjYn,jdbcType=CHAR},
      </if>
      <if test="socialWelfFaciYn != null">
        SOCIAL_WELF_FACI_YN = #{socialWelfFaciYn,jdbcType=CHAR},
      </if>
      <if test="specialTaxExempYn != null">
        SPECIAL_TAX_EXEMP_YN = #{specialTaxExempYn,jdbcType=CHAR},
      </if>
      <if test="zeroTaxRtApplyYn != null">
        ZERO_TAX_RT_APPLY_YN = #{zeroTaxRtApplyYn,jdbcType=CHAR},
      </if>
      <if test="illDeclNum != null">
        ILL_DECL_NUM = #{illDeclNum,jdbcType=CHAR},
      </if>
      <if test="cnlYmd != null">
        CNL_YMD = #{cnlYmd,jdbcType=CHAR},
      </if>
      <if test="cnlEmpid != null">
        CNL_EMPID = #{cnlEmpid,jdbcType=CHAR},
      </if>
      <if test="cnlWhyCd != null">
        CNL_WHY_CD = #{cnlWhyCd,jdbcType=CHAR},
      </if>
      <if test="reqInfoNum != null">
        REQ_INFO_NUM = #{reqInfoNum,jdbcType=CHAR},
      </if>
      <if test="instPlaceNum != null">
        INST_PLACE_NUM = #{instPlaceNum,jdbcType=CHAR},
      </if>
      <if test="centerCd != null">
        CENTER_CD = #{centerCd,jdbcType=CHAR},
      </if>
      <if test="nonpayManageSec != null">
        NONPAY_MANAGE_SEC = #{nonpayManageSec,jdbcType=CHAR},
      </if>
      <if test="ebppReqYn != null">
        EBPP_REQ_YN = #{ebppReqYn,jdbcType=CHAR},
      </if>
      <if test="ebppEmail != null">
        EBPP_EMAIL = #{ebppEmail,jdbcType=VARCHAR},
      </if>
      <if test="infoUseAgreeYn != null">
        INFO_USE_AGREE_YN = #{infoUseAgreeYn,jdbcType=CHAR},
      </if>
      <if test="chgEmpid != null">
        CHG_EMPID = #{chgEmpid,jdbcType=CHAR},
      </if>
      <if test="chgWhyCd != null">
        CHG_WHY_CD = #{chgWhyCd,jdbcType=CHAR},
      </if>
      <if test="chgRmk != null">
        CHG_RMK = #{chgRmk,jdbcType=VARCHAR},
      </if>
      <if test="dataColType != null">
        DATA_COL_TYPE = #{dataColType,jdbcType=CHAR},
      </if>
      <if test="backUseContNum != null">
        BACK_USE_CONT_NUM = #{backUseContNum,jdbcType=CHAR},
      </if>
      <if test="backContYmd != null">
        BACK_CONT_YMD = #{backContYmd,jdbcType=CHAR},
      </if>
      <if test="backReqYm != null">
        BACK_REQ_YM = #{backReqYm,jdbcType=CHAR},
      </if>
      <if test="indiGapYn != null">
        INDI_GAP_YN = #{indiGapYn,jdbcType=CHAR},
      </if>
      <if test="infoUseYn != null">
        INFO_USE_YN = #{infoUseYn,jdbcType=CHAR},
      </if>
      <if test="infoUseYn3 != null">
        INFO_USE_YN3 = #{infoUseYn3,jdbcType=CHAR},
      </if>
      <if test="infoUseYn4 != null">
        INFO_USE_YN4 = #{infoUseYn4,jdbcType=CHAR},
      </if>
      <if test="infoUseYn5 != null">
        INFO_USE_YN5 = #{infoUseYn5,jdbcType=CHAR},
      </if>
    </set>
    where USE_CONT_NUM = #{useContNum,jdbcType=CHAR}
  </update>
  <update id="updateByPrimaryKey" parameterType="scg.c24.biz.db.gen.model.C1btUseCont">
    <!--
      WARNING - @mbg.generated
      This element is automatically generated by MyBatis Generator, do not modify.
      This element was generated on Thu Sep 22 18:10:50 KST 2016.
    -->
    update C11.C1BT_USE_CONT
    set UPD_DTM = #{updDtm,jdbcType=TIMESTAMP},
      UPD_EMPID = #{updEmpid,jdbcType=CHAR},
      UPD_IP = #{updIp,jdbcType=VARCHAR},
      CRT_DTM = #{crtDtm,jdbcType=TIMESTAMP},
      CRT_EMPID = #{crtEmpid,jdbcType=CHAR},
      CRT_IP = #{crtIp,jdbcType=VARCHAR},
      CUST_NUM = #{custNum,jdbcType=CHAR},
      USE_CONT_YMD = #{useContYmd,jdbcType=CHAR},
      TRANS_IN_YMD = #{transInYmd,jdbcType=CHAR},
      USE_CONT_NM = #{useContNm,jdbcType=VARCHAR},
      CONT_STS_CD = #{contStsCd,jdbcType=CHAR},
      CONT_FLAG_CD = #{contFlagCd,jdbcType=CHAR},
      GMTR_METHOD = #{gmtrMethod,jdbcType=CHAR},
      TEL_DDD = #{telDdd,jdbcType=VARCHAR},
      TEL_EXN = #{telExn,jdbcType=VARCHAR},
      TEL_NUM = #{telNum,jdbcType=VARCHAR},
      PAY_TOT_YN = #{payTotYn,jdbcType=CHAR},
      WARR_OBJ_YN = #{warrObjYn,jdbcType=CHAR},
      SOCIAL_WELF_FACI_YN = #{socialWelfFaciYn,jdbcType=CHAR},
      SPECIAL_TAX_EXEMP_YN = #{specialTaxExempYn,jdbcType=CHAR},
      ZERO_TAX_RT_APPLY_YN = #{zeroTaxRtApplyYn,jdbcType=CHAR},
      ILL_DECL_NUM = #{illDeclNum,jdbcType=CHAR},
      CNL_YMD = #{cnlYmd,jdbcType=CHAR},
      CNL_EMPID = #{cnlEmpid,jdbcType=CHAR},
      CNL_WHY_CD = #{cnlWhyCd,jdbcType=CHAR},
      REQ_INFO_NUM = #{reqInfoNum,jdbcType=CHAR},
      INST_PLACE_NUM = #{instPlaceNum,jdbcType=CHAR},
      CENTER_CD = #{centerCd,jdbcType=CHAR},
      NONPAY_MANAGE_SEC = #{nonpayManageSec,jdbcType=CHAR},
      EBPP_REQ_YN = #{ebppReqYn,jdbcType=CHAR},
      EBPP_EMAIL = #{ebppEmail,jdbcType=VARCHAR},
      INFO_USE_AGREE_YN = #{infoUseAgreeYn,jdbcType=CHAR},
      CHG_EMPID = #{chgEmpid,jdbcType=CHAR},
      CHG_WHY_CD = #{chgWhyCd,jdbcType=CHAR},
      CHG_RMK = #{chgRmk,jdbcType=VARCHAR},
      DATA_COL_TYPE = #{dataColType,jdbcType=CHAR},
      BACK_USE_CONT_NUM = #{backUseContNum,jdbcType=CHAR},
      BACK_CONT_YMD = #{backContYmd,jdbcType=CHAR},
      BACK_REQ_YM = #{backReqYm,jdbcType=CHAR},
      INDI_GAP_YN = #{indiGapYn,jdbcType=CHAR},
      INFO_USE_YN = #{infoUseYn,jdbcType=CHAR},
      INFO_USE_YN3 = #{infoUseYn3,jdbcType=CHAR},
      INFO_USE_YN4 = #{infoUseYn4,jdbcType=CHAR},
      INFO_USE_YN5 = #{infoUseYn5,jdbcType=CHAR}
    where USE_CONT_NUM = #{useContNum,jdbcType=CHAR}
  </update>
</mapper>