<?xml version="1.0" encoding="UTF-8"?>
<!DOCTYPE mapper PUBLIC "-//mybatis.org//DTD Mapper 3.0//EN" "http://mybatis.org/dtd/mybatis-3-mapper.dtd">
<mapper namespace="scg.c24.biz.db.gen.model.C1btReqInfoMapper">
  <resultMap id="BaseResultMap" type="scg.c24.biz.db.gen.model.C1btReqInfo">
    <!--
      WARNING - @mbg.generated
      This element is automatically generated by MyBatis Generator, do not modify.
      This element was generated on Thu Sep 22 18:10:50 KST 2016.
    -->
    <id column="REQ_INFO_NUM" jdbcType="CHAR" property="reqInfoNum" />
    <result column="UPD_DTM" jdbcType="TIMESTAMP" property="updDtm" />
    <result column="UPD_EMPID" jdbcType="CHAR" property="updEmpid" />
    <result column="UPD_IP" jdbcType="VARCHAR" property="updIp" />
    <result column="CRT_DTM" jdbcType="TIMESTAMP" property="crtDtm" />
    <result column="CRT_EMPID" jdbcType="CHAR" property="crtEmpid" />
    <result column="CRT_IP" jdbcType="VARCHAR" property="crtIp" />
    <result column="PAY_METHOD_CD" jdbcType="CHAR" property="payMethodCd" />
    <result column="BILL_SEND_METHOD_CD" jdbcType="CHAR" property="billSendMethodCd" />
    <result column="BILL_SEND_YN" jdbcType="CHAR" property="billSendYn" />
    <result column="EMAIL" jdbcType="VARCHAR" property="email" />
    <result column="EMAIL_SEND_YN" jdbcType="CHAR" property="emailSendYn" />
    <result column="BILL_ADDR_FLAG" jdbcType="CHAR" property="billAddrFlag" />
    <result column="BILL_ADDR_NUM" jdbcType="VARCHAR" property="billAddrNum" />
    <result column="CUST_NUM" jdbcType="CHAR" property="custNum" />
    <result column="CHG_EMPID" jdbcType="CHAR" property="chgEmpid" />
    <result column="CHG_WHY_CD" jdbcType="CHAR" property="chgWhyCd" />
    <result column="CHG_RMK" jdbcType="VARCHAR" property="chgRmk" />
    <result column="MOB_CP_DDD" jdbcType="VARCHAR" property="mobCpDdd" />
    <result column="MOB_CP_EXN" jdbcType="VARCHAR" property="mobCpExn" />
    <result column="MOB_CP_NUM" jdbcType="VARCHAR" property="mobCpNum" />
  </resultMap>
  <sql id="Example_Where_Clause">
    <!--
      WARNING - @mbg.generated
      This element is automatically generated by MyBatis Generator, do not modify.
      This element was generated on Thu Sep 22 18:10:50 KST 2016.
    -->
    <where>
      <foreach collection="oredCriteria" item="criteria" separator="or">
        <if test="criteria.valid">
          <trim prefix="(" prefixOverrides="and" suffix=")">
            <foreach collection="criteria.criteria" item="criterion">
              <choose>
                <when test="criterion.noValue">
                  and ${criterion.condition}
                </when>
                <when test="criterion.singleValue">
                  and ${criterion.condition} #{criterion.value}
                </when>
                <when test="criterion.betweenValue">
                  and ${criterion.condition} #{criterion.value} and #{criterion.secondValue}
                </when>
                <when test="criterion.listValue">
                  and ${criterion.condition}
                  <foreach close=")" collection="criterion.value" item="listItem" open="(" separator=",">
                    #{listItem}
                  </foreach>
                </when>
              </choose>
            </foreach>
          </trim>
        </if>
      </foreach>
    </where>
  </sql>
  <sql id="Update_By_Example_Where_Clause">
    <!--
      WARNING - @mbg.generated
      This element is automatically generated by MyBatis Generator, do not modify.
      This element was generated on Thu Sep 22 18:10:50 KST 2016.
    -->
    <where>
      <foreach collection="example.oredCriteria" item="criteria" separator="or">
        <if test="criteria.valid">
          <trim prefix="(" prefixOverrides="and" suffix=")">
            <foreach collection="criteria.criteria" item="criterion">
              <choose>
                <when test="criterion.noValue">
                  and ${criterion.condition}
                </when>
                <when test="criterion.singleValue">
                  and ${criterion.condition} #{criterion.value}
                </when>
                <when test="criterion.betweenValue">
                  and ${criterion.condition} #{criterion.value} and #{criterion.secondValue}
                </when>
                <when test="criterion.listValue">
                  and ${criterion.condition}
                  <foreach close=")" collection="criterion.value" item="listItem" open="(" separator=",">
                    #{listItem}
                  </foreach>
                </when>
              </choose>
            </foreach>
          </trim>
        </if>
      </foreach>
    </where>
  </sql>
  <sql id="Base_Column_List">
    <!--
      WARNING - @mbg.generated
      This element is automatically generated by MyBatis Generator, do not modify.
      This element was generated on Thu Sep 22 18:10:50 KST 2016.
    -->
    REQ_INFO_NUM, UPD_DTM, UPD_EMPID, UPD_IP, CRT_DTM, CRT_EMPID, CRT_IP, PAY_METHOD_CD, 
    BILL_SEND_METHOD_CD, BILL_SEND_YN, EMAIL, EMAIL_SEND_YN, BILL_ADDR_FLAG, BILL_ADDR_NUM, 
    CUST_NUM, CHG_EMPID, CHG_WHY_CD, CHG_RMK, MOB_CP_DDD, MOB_CP_EXN, MOB_CP_NUM
  </sql>
  <select id="selectByExample" parameterType="scg.c24.biz.db.gen.model.C1btReqInfoExample" resultMap="BaseResultMap">
    <!--
      WARNING - @mbg.generated
      This element is automatically generated by MyBatis Generator, do not modify.
      This element was generated on Thu Sep 22 18:10:50 KST 2016.
    -->
    select
    <if test="distinct">
      distinct
    </if>
    <include refid="Base_Column_List" />
    from C11.C1BT_REQ_INFO
    <if test="_parameter != null">
      <include refid="Example_Where_Clause" />
    </if>
    <if test="orderByClause != null">
      order by ${orderByClause}
    </if>
  </select>
  <select id="selectByPrimaryKey" parameterType="java.lang.String" resultMap="BaseResultMap">
    <!--
      WARNING - @mbg.generated
      This element is automatically generated by MyBatis Generator, do not modify.
      This element was generated on Thu Sep 22 18:10:50 KST 2016.
    -->
    select 
    <include refid="Base_Column_List" />
    from C11.C1BT_REQ_INFO
    where REQ_INFO_NUM = #{reqInfoNum,jdbcType=CHAR}
  </select>
  <delete id="deleteByPrimaryKey" parameterType="java.lang.String">
    <!--
      WARNING - @mbg.generated
      This element is automatically generated by MyBatis Generator, do not modify.
      This element was generated on Thu Sep 22 18:10:50 KST 2016.
    -->
    delete from C11.C1BT_REQ_INFO
    where REQ_INFO_NUM = #{reqInfoNum,jdbcType=CHAR}
  </delete>
  <delete id="deleteByExample" parameterType="scg.c24.biz.db.gen.model.C1btReqInfoExample">
    <!--
      WARNING - @mbg.generated
      This element is automatically generated by MyBatis Generator, do not modify.
      This element was generated on Thu Sep 22 18:10:50 KST 2016.
    -->
    delete from C11.C1BT_REQ_INFO
    <if test="_parameter != null">
      <include refid="Example_Where_Clause" />
    </if>
  </delete>
  <insert id="insert" parameterType="scg.c24.biz.db.gen.model.C1btReqInfo">
    <!--
      WARNING - @mbg.generated
      This element is automatically generated by MyBatis Generator, do not modify.
      This element was generated on Thu Sep 22 18:10:50 KST 2016.
    -->
    insert into C11.C1BT_REQ_INFO (REQ_INFO_NUM, UPD_DTM, UPD_EMPID, 
      UPD_IP, CRT_DTM, CRT_EMPID, 
      CRT_IP, PAY_METHOD_CD, BILL_SEND_METHOD_CD, 
      BILL_SEND_YN, EMAIL, EMAIL_SEND_YN, 
      BILL_ADDR_FLAG, BILL_ADDR_NUM, CUST_NUM, 
      CHG_EMPID, CHG_WHY_CD, CHG_RMK, 
      MOB_CP_DDD, MOB_CP_EXN, MOB_CP_NUM
      )
    values (#{reqInfoNum,jdbcType=CHAR}, #{updDtm,jdbcType=TIMESTAMP}, #{updEmpid,jdbcType=CHAR}, 
      #{updIp,jdbcType=VARCHAR}, #{crtDtm,jdbcType=TIMESTAMP}, #{crtEmpid,jdbcType=CHAR}, 
      #{crtIp,jdbcType=VARCHAR}, #{payMethodCd,jdbcType=CHAR}, #{billSendMethodCd,jdbcType=CHAR}, 
      #{billSendYn,jdbcType=CHAR}, #{email,jdbcType=VARCHAR}, #{emailSendYn,jdbcType=CHAR}, 
      #{billAddrFlag,jdbcType=CHAR}, #{billAddrNum,jdbcType=VARCHAR}, #{custNum,jdbcType=CHAR}, 
      #{chgEmpid,jdbcType=CHAR}, #{chgWhyCd,jdbcType=CHAR}, #{chgRmk,jdbcType=VARCHAR}, 
      #{mobCpDdd,jdbcType=VARCHAR}, #{mobCpExn,jdbcType=VARCHAR}, #{mobCpNum,jdbcType=VARCHAR}
      )
  </insert>
  <insert id="insertSelective" parameterType="scg.c24.biz.db.gen.model.C1btReqInfo">
    <!--
      WARNING - @mbg.generated
      This element is automatically generated by MyBatis Generator, do not modify.
      This element was generated on Thu Sep 22 18:10:50 KST 2016.
    -->
    insert into C11.C1BT_REQ_INFO
    <trim prefix="(" suffix=")" suffixOverrides=",">
      <if test="reqInfoNum != null">
        REQ_INFO_NUM,
      </if>
      <if test="updDtm != null">
        UPD_DTM,
      </if>
      <if test="updEmpid != null">
        UPD_EMPID,
      </if>
      <if test="updIp != null">
        UPD_IP,
      </if>
      <if test="crtDtm != null">
        CRT_DTM,
      </if>
      <if test="crtEmpid != null">
        CRT_EMPID,
      </if>
      <if test="crtIp != null">
        CRT_IP,
      </if>
      <if test="payMethodCd != null">
        PAY_METHOD_CD,
      </if>
      <if test="billSendMethodCd != null">
        BILL_SEND_METHOD_CD,
      </if>
      <if test="billSendYn != null">
        BILL_SEND_YN,
      </if>
      <if test="email != null">
        EMAIL,
      </if>
      <if test="emailSendYn != null">
        EMAIL_SEND_YN,
      </if>
      <if test="billAddrFlag != null">
        BILL_ADDR_FLAG,
      </if>
      <if test="billAddrNum != null">
        BILL_ADDR_NUM,
      </if>
      <if test="custNum != null">
        CUST_NUM,
      </if>
      <if test="chgEmpid != null">
        CHG_EMPID,
      </if>
      <if test="chgWhyCd != null">
        CHG_WHY_CD,
      </if>
      <if test="chgRmk != null">
        CHG_RMK,
      </if>
      <if test="mobCpDdd != null">
        MOB_CP_DDD,
      </if>
      <if test="mobCpExn != null">
        MOB_CP_EXN,
      </if>
      <if test="mobCpNum != null">
        MOB_CP_NUM,
      </if>
    </trim>
    <trim prefix="values (" suffix=")" suffixOverrides=",">
      <if test="reqInfoNum != null">
        #{reqInfoNum,jdbcType=CHAR},
      </if>
      <if test="updDtm != null">
        #{updDtm,jdbcType=TIMESTAMP},
      </if>
      <if test="updEmpid != null">
        #{updEmpid,jdbcType=CHAR},
      </if>
      <if test="updIp != null">
        #{updIp,jdbcType=VARCHAR},
      </if>
      <if test="crtDtm != null">
        #{crtDtm,jdbcType=TIMESTAMP},
      </if>
      <if test="crtEmpid != null">
        #{crtEmpid,jdbcType=CHAR},
      </if>
      <if test="crtIp != null">
        #{crtIp,jdbcType=VARCHAR},
      </if>
      <if test="payMethodCd != null">
        #{payMethodCd,jdbcType=CHAR},
      </if>
      <if test="billSendMethodCd != null">
        #{billSendMethodCd,jdbcType=CHAR},
      </if>
      <if test="billSendYn != null">
        #{billSendYn,jdbcType=CHAR},
      </if>
      <if test="email != null">
        #{email,jdbcType=VARCHAR},
      </if>
      <if test="emailSendYn != null">
        #{emailSendYn,jdbcType=CHAR},
      </if>
      <if test="billAddrFlag != null">
        #{billAddrFlag,jdbcType=CHAR},
      </if>
      <if test="billAddrNum != null">
        #{billAddrNum,jdbcType=VARCHAR},
      </if>
      <if test="custNum != null">
        #{custNum,jdbcType=CHAR},
      </if>
      <if test="chgEmpid != null">
        #{chgEmpid,jdbcType=CHAR},
      </if>
      <if test="chgWhyCd != null">
        #{chgWhyCd,jdbcType=CHAR},
      </if>
      <if test="chgRmk != null">
        #{chgRmk,jdbcType=VARCHAR},
      </if>
      <if test="mobCpDdd != null">
        #{mobCpDdd,jdbcType=VARCHAR},
      </if>
      <if test="mobCpExn != null">
        #{mobCpExn,jdbcType=VARCHAR},
      </if>
      <if test="mobCpNum != null">
        #{mobCpNum,jdbcType=VARCHAR},
      </if>
    </trim>
  </insert>
  <select id="countByExample" parameterType="scg.c24.biz.db.gen.model.C1btReqInfoExample" resultType="java.lang.Long">
    <!--
      WARNING - @mbg.generated
      This element is automatically generated by MyBatis Generator, do not modify.
      This element was generated on Thu Sep 22 18:10:50 KST 2016.
    -->
    select count(*) from C11.C1BT_REQ_INFO
    <if test="_parameter != null">
      <include refid="Example_Where_Clause" />
    </if>
  </select>
  <update id="updateByExampleSelective" parameterType="map">
    <!--
      WARNING - @mbg.generated
      This element is automatically generated by MyBatis Generator, do not modify.
      This element was generated on Thu Sep 22 18:10:50 KST 2016.
    -->
    update C11.C1BT_REQ_INFO
    <set>
      <if test="record.reqInfoNum != null">
        REQ_INFO_NUM = #{record.reqInfoNum,jdbcType=CHAR},
      </if>
      <if test="record.updDtm != null">
        UPD_DTM = #{record.updDtm,jdbcType=TIMESTAMP},
      </if>
      <if test="record.updEmpid != null">
        UPD_EMPID = #{record.updEmpid,jdbcType=CHAR},
      </if>
      <if test="record.updIp != null">
        UPD_IP = #{record.updIp,jdbcType=VARCHAR},
      </if>
      <if test="record.crtDtm != null">
        CRT_DTM = #{record.crtDtm,jdbcType=TIMESTAMP},
      </if>
      <if test="record.crtEmpid != null">
        CRT_EMPID = #{record.crtEmpid,jdbcType=CHAR},
      </if>
      <if test="record.crtIp != null">
        CRT_IP = #{record.crtIp,jdbcType=VARCHAR},
      </if>
      <if test="record.payMethodCd != null">
        PAY_METHOD_CD = #{record.payMethodCd,jdbcType=CHAR},
      </if>
      <if test="record.billSendMethodCd != null">
        BILL_SEND_METHOD_CD = #{record.billSendMethodCd,jdbcType=CHAR},
      </if>
      <if test="record.billSendYn != null">
        BILL_SEND_YN = #{record.billSendYn,jdbcType=CHAR},
      </if>
      <if test="record.email != null">
        EMAIL = #{record.email,jdbcType=VARCHAR},
      </if>
      <if test="record.emailSendYn != null">
        EMAIL_SEND_YN = #{record.emailSendYn,jdbcType=CHAR},
      </if>
      <if test="record.billAddrFlag != null">
        BILL_ADDR_FLAG = #{record.billAddrFlag,jdbcType=CHAR},
      </if>
      <if test="record.billAddrNum != null">
        BILL_ADDR_NUM = #{record.billAddrNum,jdbcType=VARCHAR},
      </if>
      <if test="record.custNum != null">
        CUST_NUM = #{record.custNum,jdbcType=CHAR},
      </if>
      <if test="record.chgEmpid != null">
        CHG_EMPID = #{record.chgEmpid,jdbcType=CHAR},
      </if>
      <if test="record.chgWhyCd != null">
        CHG_WHY_CD = #{record.chgWhyCd,jdbcType=CHAR},
      </if>
      <if test="record.chgRmk != null">
        CHG_RMK = #{record.chgRmk,jdbcType=VARCHAR},
      </if>
      <if test="record.mobCpDdd != null">
        MOB_CP_DDD = #{record.mobCpDdd,jdbcType=VARCHAR},
      </if>
      <if test="record.mobCpExn != null">
        MOB_CP_EXN = #{record.mobCpExn,jdbcType=VARCHAR},
      </if>
      <if test="record.mobCpNum != null">
        MOB_CP_NUM = #{record.mobCpNum,jdbcType=VARCHAR},
      </if>
    </set>
    <if test="_parameter != null">
      <include refid="Update_By_Example_Where_Clause" />
    </if>
  </update>
  <update id="updateByExample" parameterType="map">
    <!--
      WARNING - @mbg.generated
      This element is automatically generated by MyBatis Generator, do not modify.
      This element was generated on Thu Sep 22 18:10:50 KST 2016.
    -->
    update C11.C1BT_REQ_INFO
    set REQ_INFO_NUM = #{record.reqInfoNum,jdbcType=CHAR},
      UPD_DTM = #{record.updDtm,jdbcType=TIMESTAMP},
      UPD_EMPID = #{record.updEmpid,jdbcType=CHAR},
      UPD_IP = #{record.updIp,jdbcType=VARCHAR},
      CRT_DTM = #{record.crtDtm,jdbcType=TIMESTAMP},
      CRT_EMPID = #{record.crtEmpid,jdbcType=CHAR},
      CRT_IP = #{record.crtIp,jdbcType=VARCHAR},
      PAY_METHOD_CD = #{record.payMethodCd,jdbcType=CHAR},
      BILL_SEND_METHOD_CD = #{record.billSendMethodCd,jdbcType=CHAR},
      BILL_SEND_YN = #{record.billSendYn,jdbcType=CHAR},
      EMAIL = #{record.email,jdbcType=VARCHAR},
      EMAIL_SEND_YN = #{record.emailSendYn,jdbcType=CHAR},
      BILL_ADDR_FLAG = #{record.billAddrFlag,jdbcType=CHAR},
      BILL_ADDR_NUM = #{record.billAddrNum,jdbcType=VARCHAR},
      CUST_NUM = #{record.custNum,jdbcType=CHAR},
      CHG_EMPID = #{record.chgEmpid,jdbcType=CHAR},
      CHG_WHY_CD = #{record.chgWhyCd,jdbcType=CHAR},
      CHG_RMK = #{record.chgRmk,jdbcType=VARCHAR},
      MOB_CP_DDD = #{record.mobCpDdd,jdbcType=VARCHAR},
      MOB_CP_EXN = #{record.mobCpExn,jdbcType=VARCHAR},
      MOB_CP_NUM = #{record.mobCpNum,jdbcType=VARCHAR}
    <if test="_parameter != null">
      <include refid="Update_By_Example_Where_Clause" />
    </if>
  </update>
  <update id="updateByPrimaryKeySelective" parameterType="scg.c24.biz.db.gen.model.C1btReqInfo">
    <!--
      WARNING - @mbg.generated
      This element is automatically generated by MyBatis Generator, do not modify.
      This element was generated on Thu Sep 22 18:10:50 KST 2016.
    -->
    update C11.C1BT_REQ_INFO
    <set>
      <if test="updDtm != null">
        UPD_DTM = #{updDtm,jdbcType=TIMESTAMP},
      </if>
      <if test="updEmpid != null">
        UPD_EMPID = #{updEmpid,jdbcType=CHAR},
      </if>
      <if test="updIp != null">
        UPD_IP = #{updIp,jdbcType=VARCHAR},
      </if>
      <if test="crtDtm != null">
        CRT_DTM = #{crtDtm,jdbcType=TIMESTAMP},
      </if>
      <if test="crtEmpid != null">
        CRT_EMPID = #{crtEmpid,jdbcType=CHAR},
      </if>
      <if test="crtIp != null">
        CRT_IP = #{crtIp,jdbcType=VARCHAR},
      </if>
      <if test="payMethodCd != null">
        PAY_METHOD_CD = #{payMethodCd,jdbcType=CHAR},
      </if>
      <if test="billSendMethodCd != null">
        BILL_SEND_METHOD_CD = #{billSendMethodCd,jdbcType=CHAR},
      </if>
      <if test="billSendYn != null">
        BILL_SEND_YN = #{billSendYn,jdbcType=CHAR},
      </if>
      <if test="email != null">
        EMAIL = #{email,jdbcType=VARCHAR},
      </if>
      <if test="emailSendYn != null">
        EMAIL_SEND_YN = #{emailSendYn,jdbcType=CHAR},
      </if>
      <if test="billAddrFlag != null">
        BILL_ADDR_FLAG = #{billAddrFlag,jdbcType=CHAR},
      </if>
      <if test="billAddrNum != null">
        BILL_ADDR_NUM = #{billAddrNum,jdbcType=VARCHAR},
      </if>
      <if test="custNum != null">
        CUST_NUM = #{custNum,jdbcType=CHAR},
      </if>
      <if test="chgEmpid != null">
        CHG_EMPID = #{chgEmpid,jdbcType=CHAR},
      </if>
      <if test="chgWhyCd != null">
        CHG_WHY_CD = #{chgWhyCd,jdbcType=CHAR},
      </if>
      <if test="chgRmk != null">
        CHG_RMK = #{chgRmk,jdbcType=VARCHAR},
      </if>
      <if test="mobCpDdd != null">
        MOB_CP_DDD = #{mobCpDdd,jdbcType=VARCHAR},
      </if>
      <if test="mobCpExn != null">
        MOB_CP_EXN = #{mobCpExn,jdbcType=VARCHAR},
      </if>
      <if test="mobCpNum != null">
        MOB_CP_NUM = #{mobCpNum,jdbcType=VARCHAR},
      </if>
    </set>
    where REQ_INFO_NUM = #{reqInfoNum,jdbcType=CHAR}
  </update>
  <update id="updateByPrimaryKey" parameterType="scg.c24.biz.db.gen.model.C1btReqInfo">
    <!--
      WARNING - @mbg.generated
      This element is automatically generated by MyBatis Generator, do not modify.
      This element was generated on Thu Sep 22 18:10:50 KST 2016.
    -->
    update C11.C1BT_REQ_INFO
    set UPD_DTM = #{updDtm,jdbcType=TIMESTAMP},
      UPD_EMPID = #{updEmpid,jdbcType=CHAR},
      UPD_IP = #{updIp,jdbcType=VARCHAR},
      CRT_DTM = #{crtDtm,jdbcType=TIMESTAMP},
      CRT_EMPID = #{crtEmpid,jdbcType=CHAR},
      CRT_IP = #{crtIp,jdbcType=VARCHAR},
      PAY_METHOD_CD = #{payMethodCd,jdbcType=CHAR},
      BILL_SEND_METHOD_CD = #{billSendMethodCd,jdbcType=CHAR},
      BILL_SEND_YN = #{billSendYn,jdbcType=CHAR},
      EMAIL = #{email,jdbcType=VARCHAR},
      EMAIL_SEND_YN = #{emailSendYn,jdbcType=CHAR},
      BILL_ADDR_FLAG = #{billAddrFlag,jdbcType=CHAR},
      BILL_ADDR_NUM = #{billAddrNum,jdbcType=VARCHAR},
      CUST_NUM = #{custNum,jdbcType=CHAR},
      CHG_EMPID = #{chgEmpid,jdbcType=CHAR},
      CHG_WHY_CD = #{chgWhyCd,jdbcType=CHAR},
      CHG_RMK = #{chgRmk,jdbcType=VARCHAR},
      MOB_CP_DDD = #{mobCpDdd,jdbcType=VARCHAR},
      MOB_CP_EXN = #{mobCpExn,jdbcType=VARCHAR},
      MOB_CP_NUM = #{mobCpNum,jdbcType=VARCHAR}
    where REQ_INFO_NUM = #{reqInfoNum,jdbcType=CHAR}
  </update>
</mapper>