<?xml version="1.0" encoding="UTF-8"?>
<!DOCTYPE mapper PUBLIC "-//mybatis.org//DTD Mapper 3.0//EN" "http://mybatis.org/dtd/mybatis-3-mapper.dtd">
<mapper namespace="scg.c24.biz.db.gen.model.C1btCardRecevInfMapper">
  <resultMap id="BaseResultMap" type="scg.c24.biz.db.gen.model.C1btCardRecevInf">
    <!--
      WARNING - @mbg.generated
      This element is automatically generated by MyBatis Generator, do not modify.
      This element was generated on Thu Sep 22 18:10:50 KST 2016.
    -->
    <result column="RECEV_YMD" jdbcType="CHAR" property="recevYmd" />
    <result column="SEQ" jdbcType="DECIMAL" property="seq" />
    <result column="UPD_DTM" jdbcType="TIMESTAMP" property="updDtm" />
    <result column="UPD_EMPID" jdbcType="CHAR" property="updEmpid" />
    <result column="UPD_IP" jdbcType="VARCHAR" property="updIp" />
    <result column="CRT_DTM" jdbcType="TIMESTAMP" property="crtDtm" />
    <result column="CRT_EMPID" jdbcType="CHAR" property="crtEmpid" />
    <result column="CRT_IP" jdbcType="VARCHAR" property="crtIp" />
    <result column="CARD_NUM" jdbcType="VARCHAR" property="cardNum" />
    <result column="ISSUE_YMD" jdbcType="CHAR" property="issueYmd" />
    <result column="EXPIRE_YMD" jdbcType="CHAR" property="expireYmd" />
    <result column="CARD_OWNER_FLAG" jdbcType="CHAR" property="cardOwnerFlag" />
    <result column="CARD_ISSUE_FLAG" jdbcType="CHAR" property="cardIssueFlag" />
    <result column="OLD_CARD_NUM" jdbcType="VARCHAR" property="oldCardNum" />
    <result column="OWNER_CARD_NUM" jdbcType="VARCHAR" property="ownerCardNum" />
    <result column="SOC_NUM" jdbcType="CHAR" property="socNum" />
    <result column="CUST_NM" jdbcType="VARCHAR" property="custNm" />
    <result column="CP_DDD" jdbcType="CHAR" property="cpDdd" />
    <result column="CP_EXN" jdbcType="CHAR" property="cpExn" />
    <result column="CP_NUM" jdbcType="CHAR" property="cpNum" />
    <result column="OWNHOUSE_TEL_DDD" jdbcType="CHAR" property="ownhouseTelDdd" />
    <result column="OWNHOUSE_TEL_EXN" jdbcType="CHAR" property="ownhouseTelExn" />
    <result column="OWNHOUSE_TEL_NUM" jdbcType="CHAR" property="ownhouseTelNum" />
    <result column="ZIP_NO" jdbcType="CHAR" property="zipNo" />
    <result column="ZIP_ADDR" jdbcType="VARCHAR" property="zipAddr" />
    <result column="ETC_ADDR" jdbcType="VARCHAR" property="etcAddr" />
    <result column="REQ_MSG" jdbcType="CHAR" property="reqMsg" />
    <result column="AUTO_TRANS_YN" jdbcType="CHAR" property="autoTransYn" />
    <result column="USE_CONT_NUM" jdbcType="CHAR" property="useContNum" />
    <result column="RECEIVE_CENTER_CD" jdbcType="CHAR" property="receiveCenterCd" />
    <result column="REQ_TYPE_CD" jdbcType="CHAR" property="reqTypeCd" />
    <result column="REQ_EMPID" jdbcType="CHAR" property="reqEmpid" />
    <result column="REQ_DOC_FLAG" jdbcType="CHAR" property="reqDocFlag" />
    <result column="REQ_JOB_YMD" jdbcType="CHAR" property="reqJobYmd" />
    <result column="REQ_SEQ" jdbcType="DECIMAL" property="reqSeq" />
    <result column="ROLE_TYPE" jdbcType="CHAR" property="roleType" />
    <result column="CI_NUM" jdbcType="VARCHAR" property="ciNum" />
    <result column="ZIP_NEW_ADDR" jdbcType="VARCHAR" property="zipNewAddr" />
    <result column="ETC_NEW_ADDR" jdbcType="VARCHAR" property="etcNewAddr" />
  </resultMap>
  <sql id="Example_Where_Clause">
    <!--
      WARNING - @mbg.generated
      This element is automatically generated by MyBatis Generator, do not modify.
      This element was generated on Thu Sep 22 18:10:50 KST 2016.
    -->
    <where>
      <foreach collection="oredCriteria" item="criteria" separator="or">
        <if test="criteria.valid">
          <trim prefix="(" prefixOverrides="and" suffix=")">
            <foreach collection="criteria.criteria" item="criterion">
              <choose>
                <when test="criterion.noValue">
                  and ${criterion.condition}
                </when>
                <when test="criterion.singleValue">
                  and ${criterion.condition} #{criterion.value}
                </when>
                <when test="criterion.betweenValue">
                  and ${criterion.condition} #{criterion.value} and #{criterion.secondValue}
                </when>
                <when test="criterion.listValue">
                  and ${criterion.condition}
                  <foreach close=")" collection="criterion.value" item="listItem" open="(" separator=",">
                    #{listItem}
                  </foreach>
                </when>
              </choose>
            </foreach>
          </trim>
        </if>
      </foreach>
    </where>
  </sql>
  <sql id="Update_By_Example_Where_Clause">
    <!--
      WARNING - @mbg.generated
      This element is automatically generated by MyBatis Generator, do not modify.
      This element was generated on Thu Sep 22 18:10:50 KST 2016.
    -->
    <where>
      <foreach collection="example.oredCriteria" item="criteria" separator="or">
        <if test="criteria.valid">
          <trim prefix="(" prefixOverrides="and" suffix=")">
            <foreach collection="criteria.criteria" item="criterion">
              <choose>
                <when test="criterion.noValue">
                  and ${criterion.condition}
                </when>
                <when test="criterion.singleValue">
                  and ${criterion.condition} #{criterion.value}
                </when>
                <when test="criterion.betweenValue">
                  and ${criterion.condition} #{criterion.value} and #{criterion.secondValue}
                </when>
                <when test="criterion.listValue">
                  and ${criterion.condition}
                  <foreach close=")" collection="criterion.value" item="listItem" open="(" separator=",">
                    #{listItem}
                  </foreach>
                </when>
              </choose>
            </foreach>
          </trim>
        </if>
      </foreach>
    </where>
  </sql>
  <sql id="Base_Column_List">
    <!--
      WARNING - @mbg.generated
      This element is automatically generated by MyBatis Generator, do not modify.
      This element was generated on Thu Sep 22 18:10:50 KST 2016.
    -->
    RECEV_YMD, SEQ, UPD_DTM, UPD_EMPID, UPD_IP, CRT_DTM, CRT_EMPID, CRT_IP, CARD_NUM, 
    ISSUE_YMD, EXPIRE_YMD, CARD_OWNER_FLAG, CARD_ISSUE_FLAG, OLD_CARD_NUM, OWNER_CARD_NUM, 
    SOC_NUM, CUST_NM, CP_DDD, CP_EXN, CP_NUM, OWNHOUSE_TEL_DDD, OWNHOUSE_TEL_EXN, OWNHOUSE_TEL_NUM, 
    ZIP_NO, ZIP_ADDR, ETC_ADDR, REQ_MSG, AUTO_TRANS_YN, USE_CONT_NUM, RECEIVE_CENTER_CD, 
    REQ_TYPE_CD, REQ_EMPID, REQ_DOC_FLAG, REQ_JOB_YMD, REQ_SEQ, ROLE_TYPE, CI_NUM, ZIP_NEW_ADDR, 
    ETC_NEW_ADDR
  </sql>
  <select id="selectByExample" parameterType="scg.c24.biz.db.gen.model.C1btCardRecevInfExample" resultMap="BaseResultMap">
    <!--
      WARNING - @mbg.generated
      This element is automatically generated by MyBatis Generator, do not modify.
      This element was generated on Thu Sep 22 18:10:50 KST 2016.
    -->
    select
    <if test="distinct">
      distinct
    </if>
    <include refid="Base_Column_List" />
    from C11.C1BT_CARD_RECEV_INF
    <if test="_parameter != null">
      <include refid="Example_Where_Clause" />
    </if>
    <if test="orderByClause != null">
      order by ${orderByClause}
    </if>
  </select>
  <delete id="deleteByExample" parameterType="scg.c24.biz.db.gen.model.C1btCardRecevInfExample">
    <!--
      WARNING - @mbg.generated
      This element is automatically generated by MyBatis Generator, do not modify.
      This element was generated on Thu Sep 22 18:10:50 KST 2016.
    -->
    delete from C11.C1BT_CARD_RECEV_INF
    <if test="_parameter != null">
      <include refid="Example_Where_Clause" />
    </if>
  </delete>
  <insert id="insert" parameterType="scg.c24.biz.db.gen.model.C1btCardRecevInf">
    <!--
      WARNING - @mbg.generated
      This element is automatically generated by MyBatis Generator, do not modify.
      This element was generated on Thu Sep 22 18:10:50 KST 2016.
    -->
    insert into C11.C1BT_CARD_RECEV_INF (RECEV_YMD, SEQ, UPD_DTM, 
      UPD_EMPID, UPD_IP, CRT_DTM, 
      CRT_EMPID, CRT_IP, CARD_NUM, 
      ISSUE_YMD, EXPIRE_YMD, CARD_OWNER_FLAG, 
      CARD_ISSUE_FLAG, OLD_CARD_NUM, OWNER_CARD_NUM, 
      SOC_NUM, CUST_NM, CP_DDD, CP_EXN, 
      CP_NUM, OWNHOUSE_TEL_DDD, OWNHOUSE_TEL_EXN, 
      OWNHOUSE_TEL_NUM, ZIP_NO, ZIP_ADDR, 
      ETC_ADDR, REQ_MSG, AUTO_TRANS_YN, 
      USE_CONT_NUM, RECEIVE_CENTER_CD, REQ_TYPE_CD, 
      REQ_EMPID, REQ_DOC_FLAG, REQ_JOB_YMD, 
      REQ_SEQ, ROLE_TYPE, CI_NUM, 
      ZIP_NEW_ADDR, ETC_NEW_ADDR)
    values (#{recevYmd,jdbcType=CHAR}, #{seq,jdbcType=DECIMAL}, #{updDtm,jdbcType=TIMESTAMP}, 
      #{updEmpid,jdbcType=CHAR}, #{updIp,jdbcType=VARCHAR}, #{crtDtm,jdbcType=TIMESTAMP}, 
      #{crtEmpid,jdbcType=CHAR}, #{crtIp,jdbcType=VARCHAR}, #{cardNum,jdbcType=VARCHAR}, 
      #{issueYmd,jdbcType=CHAR}, #{expireYmd,jdbcType=CHAR}, #{cardOwnerFlag,jdbcType=CHAR}, 
      #{cardIssueFlag,jdbcType=CHAR}, #{oldCardNum,jdbcType=VARCHAR}, #{ownerCardNum,jdbcType=VARCHAR}, 
      #{socNum,jdbcType=CHAR}, #{custNm,jdbcType=VARCHAR}, #{cpDdd,jdbcType=CHAR}, #{cpExn,jdbcType=CHAR}, 
      #{cpNum,jdbcType=CHAR}, #{ownhouseTelDdd,jdbcType=CHAR}, #{ownhouseTelExn,jdbcType=CHAR}, 
      #{ownhouseTelNum,jdbcType=CHAR}, #{zipNo,jdbcType=CHAR}, #{zipAddr,jdbcType=VARCHAR}, 
      #{etcAddr,jdbcType=VARCHAR}, #{reqMsg,jdbcType=CHAR}, #{autoTransYn,jdbcType=CHAR}, 
      #{useContNum,jdbcType=CHAR}, #{receiveCenterCd,jdbcType=CHAR}, #{reqTypeCd,jdbcType=CHAR}, 
      #{reqEmpid,jdbcType=CHAR}, #{reqDocFlag,jdbcType=CHAR}, #{reqJobYmd,jdbcType=CHAR}, 
      #{reqSeq,jdbcType=DECIMAL}, #{roleType,jdbcType=CHAR}, #{ciNum,jdbcType=VARCHAR}, 
      #{zipNewAddr,jdbcType=VARCHAR}, #{etcNewAddr,jdbcType=VARCHAR})
  </insert>
  <insert id="insertSelective" parameterType="scg.c24.biz.db.gen.model.C1btCardRecevInf">
    <!--
      WARNING - @mbg.generated
      This element is automatically generated by MyBatis Generator, do not modify.
      This element was generated on Thu Sep 22 18:10:50 KST 2016.
    -->
    insert into C11.C1BT_CARD_RECEV_INF
    <trim prefix="(" suffix=")" suffixOverrides=",">
      <if test="recevYmd != null">
        RECEV_YMD,
      </if>
      <if test="seq != null">
        SEQ,
      </if>
      <if test="updDtm != null">
        UPD_DTM,
      </if>
      <if test="updEmpid != null">
        UPD_EMPID,
      </if>
      <if test="updIp != null">
        UPD_IP,
      </if>
      <if test="crtDtm != null">
        CRT_DTM,
      </if>
      <if test="crtEmpid != null">
        CRT_EMPID,
      </if>
      <if test="crtIp != null">
        CRT_IP,
      </if>
      <if test="cardNum != null">
        CARD_NUM,
      </if>
      <if test="issueYmd != null">
        ISSUE_YMD,
      </if>
      <if test="expireYmd != null">
        EXPIRE_YMD,
      </if>
      <if test="cardOwnerFlag != null">
        CARD_OWNER_FLAG,
      </if>
      <if test="cardIssueFlag != null">
        CARD_ISSUE_FLAG,
      </if>
      <if test="oldCardNum != null">
        OLD_CARD_NUM,
      </if>
      <if test="ownerCardNum != null">
        OWNER_CARD_NUM,
      </if>
      <if test="socNum != null">
        SOC_NUM,
      </if>
      <if test="custNm != null">
        CUST_NM,
      </if>
      <if test="cpDdd != null">
        CP_DDD,
      </if>
      <if test="cpExn != null">
        CP_EXN,
      </if>
      <if test="cpNum != null">
        CP_NUM,
      </if>
      <if test="ownhouseTelDdd != null">
        OWNHOUSE_TEL_DDD,
      </if>
      <if test="ownhouseTelExn != null">
        OWNHOUSE_TEL_EXN,
      </if>
      <if test="ownhouseTelNum != null">
        OWNHOUSE_TEL_NUM,
      </if>
      <if test="zipNo != null">
        ZIP_NO,
      </if>
      <if test="zipAddr != null">
        ZIP_ADDR,
      </if>
      <if test="etcAddr != null">
        ETC_ADDR,
      </if>
      <if test="reqMsg != null">
        REQ_MSG,
      </if>
      <if test="autoTransYn != null">
        AUTO_TRANS_YN,
      </if>
      <if test="useContNum != null">
        USE_CONT_NUM,
      </if>
      <if test="receiveCenterCd != null">
        RECEIVE_CENTER_CD,
      </if>
      <if test="reqTypeCd != null">
        REQ_TYPE_CD,
      </if>
      <if test="reqEmpid != null">
        REQ_EMPID,
      </if>
      <if test="reqDocFlag != null">
        REQ_DOC_FLAG,
      </if>
      <if test="reqJobYmd != null">
        REQ_JOB_YMD,
      </if>
      <if test="reqSeq != null">
        REQ_SEQ,
      </if>
      <if test="roleType != null">
        ROLE_TYPE,
      </if>
      <if test="ciNum != null">
        CI_NUM,
      </if>
      <if test="zipNewAddr != null">
        ZIP_NEW_ADDR,
      </if>
      <if test="etcNewAddr != null">
        ETC_NEW_ADDR,
      </if>
    </trim>
    <trim prefix="values (" suffix=")" suffixOverrides=",">
      <if test="recevYmd != null">
        #{recevYmd,jdbcType=CHAR},
      </if>
      <if test="seq != null">
        #{seq,jdbcType=DECIMAL},
      </if>
      <if test="updDtm != null">
        #{updDtm,jdbcType=TIMESTAMP},
      </if>
      <if test="updEmpid != null">
        #{updEmpid,jdbcType=CHAR},
      </if>
      <if test="updIp != null">
        #{updIp,jdbcType=VARCHAR},
      </if>
      <if test="crtDtm != null">
        #{crtDtm,jdbcType=TIMESTAMP},
      </if>
      <if test="crtEmpid != null">
        #{crtEmpid,jdbcType=CHAR},
      </if>
      <if test="crtIp != null">
        #{crtIp,jdbcType=VARCHAR},
      </if>
      <if test="cardNum != null">
        #{cardNum,jdbcType=VARCHAR},
      </if>
      <if test="issueYmd != null">
        #{issueYmd,jdbcType=CHAR},
      </if>
      <if test="expireYmd != null">
        #{expireYmd,jdbcType=CHAR},
      </if>
      <if test="cardOwnerFlag != null">
        #{cardOwnerFlag,jdbcType=CHAR},
      </if>
      <if test="cardIssueFlag != null">
        #{cardIssueFlag,jdbcType=CHAR},
      </if>
      <if test="oldCardNum != null">
        #{oldCardNum,jdbcType=VARCHAR},
      </if>
      <if test="ownerCardNum != null">
        #{ownerCardNum,jdbcType=VARCHAR},
      </if>
      <if test="socNum != null">
        #{socNum,jdbcType=CHAR},
      </if>
      <if test="custNm != null">
        #{custNm,jdbcType=VARCHAR},
      </if>
      <if test="cpDdd != null">
        #{cpDdd,jdbcType=CHAR},
      </if>
      <if test="cpExn != null">
        #{cpExn,jdbcType=CHAR},
      </if>
      <if test="cpNum != null">
        #{cpNum,jdbcType=CHAR},
      </if>
      <if test="ownhouseTelDdd != null">
        #{ownhouseTelDdd,jdbcType=CHAR},
      </if>
      <if test="ownhouseTelExn != null">
        #{ownhouseTelExn,jdbcType=CHAR},
      </if>
      <if test="ownhouseTelNum != null">
        #{ownhouseTelNum,jdbcType=CHAR},
      </if>
      <if test="zipNo != null">
        #{zipNo,jdbcType=CHAR},
      </if>
      <if test="zipAddr != null">
        #{zipAddr,jdbcType=VARCHAR},
      </if>
      <if test="etcAddr != null">
        #{etcAddr,jdbcType=VARCHAR},
      </if>
      <if test="reqMsg != null">
        #{reqMsg,jdbcType=CHAR},
      </if>
      <if test="autoTransYn != null">
        #{autoTransYn,jdbcType=CHAR},
      </if>
      <if test="useContNum != null">
        #{useContNum,jdbcType=CHAR},
      </if>
      <if test="receiveCenterCd != null">
        #{receiveCenterCd,jdbcType=CHAR},
      </if>
      <if test="reqTypeCd != null">
        #{reqTypeCd,jdbcType=CHAR},
      </if>
      <if test="reqEmpid != null">
        #{reqEmpid,jdbcType=CHAR},
      </if>
      <if test="reqDocFlag != null">
        #{reqDocFlag,jdbcType=CHAR},
      </if>
      <if test="reqJobYmd != null">
        #{reqJobYmd,jdbcType=CHAR},
      </if>
      <if test="reqSeq != null">
        #{reqSeq,jdbcType=DECIMAL},
      </if>
      <if test="roleType != null">
        #{roleType,jdbcType=CHAR},
      </if>
      <if test="ciNum != null">
        #{ciNum,jdbcType=VARCHAR},
      </if>
      <if test="zipNewAddr != null">
        #{zipNewAddr,jdbcType=VARCHAR},
      </if>
      <if test="etcNewAddr != null">
        #{etcNewAddr,jdbcType=VARCHAR},
      </if>
    </trim>
  </insert>
  <select id="countByExample" parameterType="scg.c24.biz.db.gen.model.C1btCardRecevInfExample" resultType="java.lang.Long">
    <!--
      WARNING - @mbg.generated
      This element is automatically generated by MyBatis Generator, do not modify.
      This element was generated on Thu Sep 22 18:10:50 KST 2016.
    -->
    select count(*) from C11.C1BT_CARD_RECEV_INF
    <if test="_parameter != null">
      <include refid="Example_Where_Clause" />
    </if>
  </select>
  <update id="updateByExampleSelective" parameterType="map">
    <!--
      WARNING - @mbg.generated
      This element is automatically generated by MyBatis Generator, do not modify.
      This element was generated on Thu Sep 22 18:10:50 KST 2016.
    -->
    update C11.C1BT_CARD_RECEV_INF
    <set>
      <if test="record.recevYmd != null">
        RECEV_YMD = #{record.recevYmd,jdbcType=CHAR},
      </if>
      <if test="record.seq != null">
        SEQ = #{record.seq,jdbcType=DECIMAL},
      </if>
      <if test="record.updDtm != null">
        UPD_DTM = #{record.updDtm,jdbcType=TIMESTAMP},
      </if>
      <if test="record.updEmpid != null">
        UPD_EMPID = #{record.updEmpid,jdbcType=CHAR},
      </if>
      <if test="record.updIp != null">
        UPD_IP = #{record.updIp,jdbcType=VARCHAR},
      </if>
      <if test="record.crtDtm != null">
        CRT_DTM = #{record.crtDtm,jdbcType=TIMESTAMP},
      </if>
      <if test="record.crtEmpid != null">
        CRT_EMPID = #{record.crtEmpid,jdbcType=CHAR},
      </if>
      <if test="record.crtIp != null">
        CRT_IP = #{record.crtIp,jdbcType=VARCHAR},
      </if>
      <if test="record.cardNum != null">
        CARD_NUM = #{record.cardNum,jdbcType=VARCHAR},
      </if>
      <if test="record.issueYmd != null">
        ISSUE_YMD = #{record.issueYmd,jdbcType=CHAR},
      </if>
      <if test="record.expireYmd != null">
        EXPIRE_YMD = #{record.expireYmd,jdbcType=CHAR},
      </if>
      <if test="record.cardOwnerFlag != null">
        CARD_OWNER_FLAG = #{record.cardOwnerFlag,jdbcType=CHAR},
      </if>
      <if test="record.cardIssueFlag != null">
        CARD_ISSUE_FLAG = #{record.cardIssueFlag,jdbcType=CHAR},
      </if>
      <if test="record.oldCardNum != null">
        OLD_CARD_NUM = #{record.oldCardNum,jdbcType=VARCHAR},
      </if>
      <if test="record.ownerCardNum != null">
        OWNER_CARD_NUM = #{record.ownerCardNum,jdbcType=VARCHAR},
      </if>
      <if test="record.socNum != null">
        SOC_NUM = #{record.socNum,jdbcType=CHAR},
      </if>
      <if test="record.custNm != null">
        CUST_NM = #{record.custNm,jdbcType=VARCHAR},
      </if>
      <if test="record.cpDdd != null">
        CP_DDD = #{record.cpDdd,jdbcType=CHAR},
      </if>
      <if test="record.cpExn != null">
        CP_EXN = #{record.cpExn,jdbcType=CHAR},
      </if>
      <if test="record.cpNum != null">
        CP_NUM = #{record.cpNum,jdbcType=CHAR},
      </if>
      <if test="record.ownhouseTelDdd != null">
        OWNHOUSE_TEL_DDD = #{record.ownhouseTelDdd,jdbcType=CHAR},
      </if>
      <if test="record.ownhouseTelExn != null">
        OWNHOUSE_TEL_EXN = #{record.ownhouseTelExn,jdbcType=CHAR},
      </if>
      <if test="record.ownhouseTelNum != null">
        OWNHOUSE_TEL_NUM = #{record.ownhouseTelNum,jdbcType=CHAR},
      </if>
      <if test="record.zipNo != null">
        ZIP_NO = #{record.zipNo,jdbcType=CHAR},
      </if>
      <if test="record.zipAddr != null">
        ZIP_ADDR = #{record.zipAddr,jdbcType=VARCHAR},
      </if>
      <if test="record.etcAddr != null">
        ETC_ADDR = #{record.etcAddr,jdbcType=VARCHAR},
      </if>
      <if test="record.reqMsg != null">
        REQ_MSG = #{record.reqMsg,jdbcType=CHAR},
      </if>
      <if test="record.autoTransYn != null">
        AUTO_TRANS_YN = #{record.autoTransYn,jdbcType=CHAR},
      </if>
      <if test="record.useContNum != null">
        USE_CONT_NUM = #{record.useContNum,jdbcType=CHAR},
      </if>
      <if test="record.receiveCenterCd != null">
        RECEIVE_CENTER_CD = #{record.receiveCenterCd,jdbcType=CHAR},
      </if>
      <if test="record.reqTypeCd != null">
        REQ_TYPE_CD = #{record.reqTypeCd,jdbcType=CHAR},
      </if>
      <if test="record.reqEmpid != null">
        REQ_EMPID = #{record.reqEmpid,jdbcType=CHAR},
      </if>
      <if test="record.reqDocFlag != null">
        REQ_DOC_FLAG = #{record.reqDocFlag,jdbcType=CHAR},
      </if>
      <if test="record.reqJobYmd != null">
        REQ_JOB_YMD = #{record.reqJobYmd,jdbcType=CHAR},
      </if>
      <if test="record.reqSeq != null">
        REQ_SEQ = #{record.reqSeq,jdbcType=DECIMAL},
      </if>
      <if test="record.roleType != null">
        ROLE_TYPE = #{record.roleType,jdbcType=CHAR},
      </if>
      <if test="record.ciNum != null">
        CI_NUM = #{record.ciNum,jdbcType=VARCHAR},
      </if>
      <if test="record.zipNewAddr != null">
        ZIP_NEW_ADDR = #{record.zipNewAddr,jdbcType=VARCHAR},
      </if>
      <if test="record.etcNewAddr != null">
        ETC_NEW_ADDR = #{record.etcNewAddr,jdbcType=VARCHAR},
      </if>
    </set>
    <if test="_parameter != null">
      <include refid="Update_By_Example_Where_Clause" />
    </if>
  </update>
  <update id="updateByExample" parameterType="map">
    <!--
      WARNING - @mbg.generated
      This element is automatically generated by MyBatis Generator, do not modify.
      This element was generated on Thu Sep 22 18:10:50 KST 2016.
    -->
    update C11.C1BT_CARD_RECEV_INF
    set RECEV_YMD = #{record.recevYmd,jdbcType=CHAR},
      SEQ = #{record.seq,jdbcType=DECIMAL},
      UPD_DTM = #{record.updDtm,jdbcType=TIMESTAMP},
      UPD_EMPID = #{record.updEmpid,jdbcType=CHAR},
      UPD_IP = #{record.updIp,jdbcType=VARCHAR},
      CRT_DTM = #{record.crtDtm,jdbcType=TIMESTAMP},
      CRT_EMPID = #{record.crtEmpid,jdbcType=CHAR},
      CRT_IP = #{record.crtIp,jdbcType=VARCHAR},
      CARD_NUM = #{record.cardNum,jdbcType=VARCHAR},
      ISSUE_YMD = #{record.issueYmd,jdbcType=CHAR},
      EXPIRE_YMD = #{record.expireYmd,jdbcType=CHAR},
      CARD_OWNER_FLAG = #{record.cardOwnerFlag,jdbcType=CHAR},
      CARD_ISSUE_FLAG = #{record.cardIssueFlag,jdbcType=CHAR},
      OLD_CARD_NUM = #{record.oldCardNum,jdbcType=VARCHAR},
      OWNER_CARD_NUM = #{record.ownerCardNum,jdbcType=VARCHAR},
      SOC_NUM = #{record.socNum,jdbcType=CHAR},
      CUST_NM = #{record.custNm,jdbcType=VARCHAR},
      CP_DDD = #{record.cpDdd,jdbcType=CHAR},
      CP_EXN = #{record.cpExn,jdbcType=CHAR},
      CP_NUM = #{record.cpNum,jdbcType=CHAR},
      OWNHOUSE_TEL_DDD = #{record.ownhouseTelDdd,jdbcType=CHAR},
      OWNHOUSE_TEL_EXN = #{record.ownhouseTelExn,jdbcType=CHAR},
      OWNHOUSE_TEL_NUM = #{record.ownhouseTelNum,jdbcType=CHAR},
      ZIP_NO = #{record.zipNo,jdbcType=CHAR},
      ZIP_ADDR = #{record.zipAddr,jdbcType=VARCHAR},
      ETC_ADDR = #{record.etcAddr,jdbcType=VARCHAR},
      REQ_MSG = #{record.reqMsg,jdbcType=CHAR},
      AUTO_TRANS_YN = #{record.autoTransYn,jdbcType=CHAR},
      USE_CONT_NUM = #{record.useContNum,jdbcType=CHAR},
      RECEIVE_CENTER_CD = #{record.receiveCenterCd,jdbcType=CHAR},
      REQ_TYPE_CD = #{record.reqTypeCd,jdbcType=CHAR},
      REQ_EMPID = #{record.reqEmpid,jdbcType=CHAR},
      REQ_DOC_FLAG = #{record.reqDocFlag,jdbcType=CHAR},
      REQ_JOB_YMD = #{record.reqJobYmd,jdbcType=CHAR},
      REQ_SEQ = #{record.reqSeq,jdbcType=DECIMAL},
      ROLE_TYPE = #{record.roleType,jdbcType=CHAR},
      CI_NUM = #{record.ciNum,jdbcType=VARCHAR},
      ZIP_NEW_ADDR = #{record.zipNewAddr,jdbcType=VARCHAR},
      ETC_NEW_ADDR = #{record.etcNewAddr,jdbcType=VARCHAR}
    <if test="_parameter != null">
      <include refid="Update_By_Example_Where_Clause" />
    </if>
  </update>
</mapper>