<?xml version="1.0" encoding="UTF-8"?>
<!DOCTYPE mapper PUBLIC "-//mybatis.org//DTD Mapper 3.0//EN" "http://mybatis.org/dtd/mybatis-3-mapper.dtd">
<mapper namespace="scg.c24.biz.db.gen.model.C1btCardTransInfMapper">
  <resultMap id="BaseResultMap" type="scg.c24.biz.db.gen.model.C1btCardTransInf">
    <!--
      WARNING - @mbg.generated
      This element is automatically generated by MyBatis Generator, do not modify.
      This element was generated on Thu Sep 22 18:10:50 KST 2016.
    -->
    <id column="JOB_YMD" jdbcType="CHAR" property="jobYmd" />
    <id column="DATA_FLAG" jdbcType="CHAR" property="dataFlag" />
    <id column="SEQ" jdbcType="DECIMAL" property="seq" />
    <result column="UPD_DTM" jdbcType="TIMESTAMP" property="updDtm" />
    <result column="UPD_EMPID" jdbcType="CHAR" property="updEmpid" />
    <result column="UPD_IP" jdbcType="VARCHAR" property="updIp" />
    <result column="CRT_DTM" jdbcType="TIMESTAMP" property="crtDtm" />
    <result column="CRT_EMPID" jdbcType="CHAR" property="crtEmpid" />
    <result column="CRT_IP" jdbcType="VARCHAR" property="crtIp" />
    <result column="USE_CONT_NUM" jdbcType="CHAR" property="useContNum" />
    <result column="CARD_NUM" jdbcType="CHAR" property="cardNum" />
    <result column="SOC_NUM" jdbcType="CHAR" property="socNum" />
    <result column="CARD_CUST_NM" jdbcType="VARCHAR" property="cardCustNm" />
    <result column="REQ_RELAT_CD" jdbcType="CHAR" property="reqRelatCd" />
    <result column="REQ_PATH_FLAG" jdbcType="CHAR" property="reqPathFlag" />
    <result column="RECEIVE_STS_CD" jdbcType="CHAR" property="receiveStsCd" />
    <result column="REQ_NM" jdbcType="VARCHAR" property="reqNm" />
    <result column="CP_DDD" jdbcType="VARCHAR" property="cpDdd" />
    <result column="CP_EXN" jdbcType="VARCHAR" property="cpExn" />
    <result column="CP_NUM" jdbcType="VARCHAR" property="cpNum" />
    <result column="OWNHOUSE_TEL_DDD" jdbcType="VARCHAR" property="ownhouseTelDdd" />
    <result column="OWNHOUSE_TEL_EXN" jdbcType="VARCHAR" property="ownhouseTelExn" />
    <result column="OWNHOUSE_TEL_NUM" jdbcType="VARCHAR" property="ownhouseTelNum" />
    <result column="FIRST_APPLY_YMD" jdbcType="CHAR" property="firstApplyYmd" />
    <result column="CONT_CUST_NM" jdbcType="VARCHAR" property="contCustNm" />
    <result column="ZIP_NO" jdbcType="CHAR" property="zipNo" />
    <result column="ZIP_ADDR" jdbcType="VARCHAR" property="zipAddr" />
    <result column="ETC_ADDR" jdbcType="VARCHAR" property="etcAddr" />
  </resultMap>
  <sql id="Example_Where_Clause">
    <!--
      WARNING - @mbg.generated
      This element is automatically generated by MyBatis Generator, do not modify.
      This element was generated on Thu Sep 22 18:10:50 KST 2016.
    -->
    <where>
      <foreach collection="oredCriteria" item="criteria" separator="or">
        <if test="criteria.valid">
          <trim prefix="(" prefixOverrides="and" suffix=")">
            <foreach collection="criteria.criteria" item="criterion">
              <choose>
                <when test="criterion.noValue">
                  and ${criterion.condition}
                </when>
                <when test="criterion.singleValue">
                  and ${criterion.condition} #{criterion.value}
                </when>
                <when test="criterion.betweenValue">
                  and ${criterion.condition} #{criterion.value} and #{criterion.secondValue}
                </when>
                <when test="criterion.listValue">
                  and ${criterion.condition}
                  <foreach close=")" collection="criterion.value" item="listItem" open="(" separator=",">
                    #{listItem}
                  </foreach>
                </when>
              </choose>
            </foreach>
          </trim>
        </if>
      </foreach>
    </where>
  </sql>
  <sql id="Update_By_Example_Where_Clause">
    <!--
      WARNING - @mbg.generated
      This element is automatically generated by MyBatis Generator, do not modify.
      This element was generated on Thu Sep 22 18:10:50 KST 2016.
    -->
    <where>
      <foreach collection="example.oredCriteria" item="criteria" separator="or">
        <if test="criteria.valid">
          <trim prefix="(" prefixOverrides="and" suffix=")">
            <foreach collection="criteria.criteria" item="criterion">
              <choose>
                <when test="criterion.noValue">
                  and ${criterion.condition}
                </when>
                <when test="criterion.singleValue">
                  and ${criterion.condition} #{criterion.value}
                </when>
                <when test="criterion.betweenValue">
                  and ${criterion.condition} #{criterion.value} and #{criterion.secondValue}
                </when>
                <when test="criterion.listValue">
                  and ${criterion.condition}
                  <foreach close=")" collection="criterion.value" item="listItem" open="(" separator=",">
                    #{listItem}
                  </foreach>
                </when>
              </choose>
            </foreach>
          </trim>
        </if>
      </foreach>
    </where>
  </sql>
  <sql id="Base_Column_List">
    <!--
      WARNING - @mbg.generated
      This element is automatically generated by MyBatis Generator, do not modify.
      This element was generated on Thu Sep 22 18:10:50 KST 2016.
    -->
    JOB_YMD, DATA_FLAG, SEQ, UPD_DTM, UPD_EMPID, UPD_IP, CRT_DTM, CRT_EMPID, CRT_IP, 
    USE_CONT_NUM, CARD_NUM, SOC_NUM, CARD_CUST_NM, REQ_RELAT_CD, REQ_PATH_FLAG, RECEIVE_STS_CD, 
    REQ_NM, CP_DDD, CP_EXN, CP_NUM, OWNHOUSE_TEL_DDD, OWNHOUSE_TEL_EXN, OWNHOUSE_TEL_NUM, 
    FIRST_APPLY_YMD, CONT_CUST_NM, ZIP_NO, ZIP_ADDR, ETC_ADDR
  </sql>
  <select id="selectByExample" parameterType="scg.c24.biz.db.gen.model.C1btCardTransInfExample" resultMap="BaseResultMap">
    <!--
      WARNING - @mbg.generated
      This element is automatically generated by MyBatis Generator, do not modify.
      This element was generated on Thu Sep 22 18:10:50 KST 2016.
    -->
    select
    <if test="distinct">
      distinct
    </if>
    <include refid="Base_Column_List" />
    from C11.C1BT_CARD_TRANS_INF
    <if test="_parameter != null">
      <include refid="Example_Where_Clause" />
    </if>
    <if test="orderByClause != null">
      order by ${orderByClause}
    </if>
  </select>
  <select id="selectByPrimaryKey" parameterType="scg.c24.biz.db.gen.model.C1btCardTransInfKey" resultMap="BaseResultMap">
    <!--
      WARNING - @mbg.generated
      This element is automatically generated by MyBatis Generator, do not modify.
      This element was generated on Thu Sep 22 18:10:50 KST 2016.
    -->
    select 
    <include refid="Base_Column_List" />
    from C11.C1BT_CARD_TRANS_INF
    where JOB_YMD = #{jobYmd,jdbcType=CHAR}
      and DATA_FLAG = #{dataFlag,jdbcType=CHAR}
      and SEQ = #{seq,jdbcType=DECIMAL}
  </select>
  <delete id="deleteByPrimaryKey" parameterType="scg.c24.biz.db.gen.model.C1btCardTransInfKey">
    <!--
      WARNING - @mbg.generated
      This element is automatically generated by MyBatis Generator, do not modify.
      This element was generated on Thu Sep 22 18:10:50 KST 2016.
    -->
    delete from C11.C1BT_CARD_TRANS_INF
    where JOB_YMD = #{jobYmd,jdbcType=CHAR}
      and DATA_FLAG = #{dataFlag,jdbcType=CHAR}
      and SEQ = #{seq,jdbcType=DECIMAL}
  </delete>
  <delete id="deleteByExample" parameterType="scg.c24.biz.db.gen.model.C1btCardTransInfExample">
    <!--
      WARNING - @mbg.generated
      This element is automatically generated by MyBatis Generator, do not modify.
      This element was generated on Thu Sep 22 18:10:50 KST 2016.
    -->
    delete from C11.C1BT_CARD_TRANS_INF
    <if test="_parameter != null">
      <include refid="Example_Where_Clause" />
    </if>
  </delete>
  <insert id="insert" parameterType="scg.c24.biz.db.gen.model.C1btCardTransInf">
    <!--
      WARNING - @mbg.generated
      This element is automatically generated by MyBatis Generator, do not modify.
      This element was generated on Thu Sep 22 18:10:50 KST 2016.
    -->
    insert into C11.C1BT_CARD_TRANS_INF (JOB_YMD, DATA_FLAG, SEQ, 
      UPD_DTM, UPD_EMPID, UPD_IP, 
      CRT_DTM, CRT_EMPID, CRT_IP, 
      USE_CONT_NUM, CARD_NUM, SOC_NUM, 
      CARD_CUST_NM, REQ_RELAT_CD, REQ_PATH_FLAG, 
      RECEIVE_STS_CD, REQ_NM, CP_DDD, 
      CP_EXN, CP_NUM, OWNHOUSE_TEL_DDD, 
      OWNHOUSE_TEL_EXN, OWNHOUSE_TEL_NUM, FIRST_APPLY_YMD, 
      CONT_CUST_NM, ZIP_NO, ZIP_ADDR, 
      ETC_ADDR)
    values (#{jobYmd,jdbcType=CHAR}, #{dataFlag,jdbcType=CHAR}, #{seq,jdbcType=DECIMAL}, 
      #{updDtm,jdbcType=TIMESTAMP}, #{updEmpid,jdbcType=CHAR}, #{updIp,jdbcType=VARCHAR}, 
      #{crtDtm,jdbcType=TIMESTAMP}, #{crtEmpid,jdbcType=CHAR}, #{crtIp,jdbcType=VARCHAR}, 
      #{useContNum,jdbcType=CHAR}, #{cardNum,jdbcType=CHAR}, #{socNum,jdbcType=CHAR}, 
      #{cardCustNm,jdbcType=VARCHAR}, #{reqRelatCd,jdbcType=CHAR}, #{reqPathFlag,jdbcType=CHAR}, 
      #{receiveStsCd,jdbcType=CHAR}, #{reqNm,jdbcType=VARCHAR}, #{cpDdd,jdbcType=VARCHAR}, 
      #{cpExn,jdbcType=VARCHAR}, #{cpNum,jdbcType=VARCHAR}, #{ownhouseTelDdd,jdbcType=VARCHAR}, 
      #{ownhouseTelExn,jdbcType=VARCHAR}, #{ownhouseTelNum,jdbcType=VARCHAR}, #{firstApplyYmd,jdbcType=CHAR}, 
      #{contCustNm,jdbcType=VARCHAR}, #{zipNo,jdbcType=CHAR}, #{zipAddr,jdbcType=VARCHAR}, 
      #{etcAddr,jdbcType=VARCHAR})
  </insert>
  <insert id="insertSelective" parameterType="scg.c24.biz.db.gen.model.C1btCardTransInf">
    <!--
      WARNING - @mbg.generated
      This element is automatically generated by MyBatis Generator, do not modify.
      This element was generated on Thu Sep 22 18:10:50 KST 2016.
    -->
    insert into C11.C1BT_CARD_TRANS_INF
    <trim prefix="(" suffix=")" suffixOverrides=",">
      <if test="jobYmd != null">
        JOB_YMD,
      </if>
      <if test="dataFlag != null">
        DATA_FLAG,
      </if>
      <if test="seq != null">
        SEQ,
      </if>
      <if test="updDtm != null">
        UPD_DTM,
      </if>
      <if test="updEmpid != null">
        UPD_EMPID,
      </if>
      <if test="updIp != null">
        UPD_IP,
      </if>
      <if test="crtDtm != null">
        CRT_DTM,
      </if>
      <if test="crtEmpid != null">
        CRT_EMPID,
      </if>
      <if test="crtIp != null">
        CRT_IP,
      </if>
      <if test="useContNum != null">
        USE_CONT_NUM,
      </if>
      <if test="cardNum != null">
        CARD_NUM,
      </if>
      <if test="socNum != null">
        SOC_NUM,
      </if>
      <if test="cardCustNm != null">
        CARD_CUST_NM,
      </if>
      <if test="reqRelatCd != null">
        REQ_RELAT_CD,
      </if>
      <if test="reqPathFlag != null">
        REQ_PATH_FLAG,
      </if>
      <if test="receiveStsCd != null">
        RECEIVE_STS_CD,
      </if>
      <if test="reqNm != null">
        REQ_NM,
      </if>
      <if test="cpDdd != null">
        CP_DDD,
      </if>
      <if test="cpExn != null">
        CP_EXN,
      </if>
      <if test="cpNum != null">
        CP_NUM,
      </if>
      <if test="ownhouseTelDdd != null">
        OWNHOUSE_TEL_DDD,
      </if>
      <if test="ownhouseTelExn != null">
        OWNHOUSE_TEL_EXN,
      </if>
      <if test="ownhouseTelNum != null">
        OWNHOUSE_TEL_NUM,
      </if>
      <if test="firstApplyYmd != null">
        FIRST_APPLY_YMD,
      </if>
      <if test="contCustNm != null">
        CONT_CUST_NM,
      </if>
      <if test="zipNo != null">
        ZIP_NO,
      </if>
      <if test="zipAddr != null">
        ZIP_ADDR,
      </if>
      <if test="etcAddr != null">
        ETC_ADDR,
      </if>
    </trim>
    <trim prefix="values (" suffix=")" suffixOverrides=",">
      <if test="jobYmd != null">
        #{jobYmd,jdbcType=CHAR},
      </if>
      <if test="dataFlag != null">
        #{dataFlag,jdbcType=CHAR},
      </if>
      <if test="seq != null">
        #{seq,jdbcType=DECIMAL},
      </if>
      <if test="updDtm != null">
        #{updDtm,jdbcType=TIMESTAMP},
      </if>
      <if test="updEmpid != null">
        #{updEmpid,jdbcType=CHAR},
      </if>
      <if test="updIp != null">
        #{updIp,jdbcType=VARCHAR},
      </if>
      <if test="crtDtm != null">
        #{crtDtm,jdbcType=TIMESTAMP},
      </if>
      <if test="crtEmpid != null">
        #{crtEmpid,jdbcType=CHAR},
      </if>
      <if test="crtIp != null">
        #{crtIp,jdbcType=VARCHAR},
      </if>
      <if test="useContNum != null">
        #{useContNum,jdbcType=CHAR},
      </if>
      <if test="cardNum != null">
        #{cardNum,jdbcType=CHAR},
      </if>
      <if test="socNum != null">
        #{socNum,jdbcType=CHAR},
      </if>
      <if test="cardCustNm != null">
        #{cardCustNm,jdbcType=VARCHAR},
      </if>
      <if test="reqRelatCd != null">
        #{reqRelatCd,jdbcType=CHAR},
      </if>
      <if test="reqPathFlag != null">
        #{reqPathFlag,jdbcType=CHAR},
      </if>
      <if test="receiveStsCd != null">
        #{receiveStsCd,jdbcType=CHAR},
      </if>
      <if test="reqNm != null">
        #{reqNm,jdbcType=VARCHAR},
      </if>
      <if test="cpDdd != null">
        #{cpDdd,jdbcType=VARCHAR},
      </if>
      <if test="cpExn != null">
        #{cpExn,jdbcType=VARCHAR},
      </if>
      <if test="cpNum != null">
        #{cpNum,jdbcType=VARCHAR},
      </if>
      <if test="ownhouseTelDdd != null">
        #{ownhouseTelDdd,jdbcType=VARCHAR},
      </if>
      <if test="ownhouseTelExn != null">
        #{ownhouseTelExn,jdbcType=VARCHAR},
      </if>
      <if test="ownhouseTelNum != null">
        #{ownhouseTelNum,jdbcType=VARCHAR},
      </if>
      <if test="firstApplyYmd != null">
        #{firstApplyYmd,jdbcType=CHAR},
      </if>
      <if test="contCustNm != null">
        #{contCustNm,jdbcType=VARCHAR},
      </if>
      <if test="zipNo != null">
        #{zipNo,jdbcType=CHAR},
      </if>
      <if test="zipAddr != null">
        #{zipAddr,jdbcType=VARCHAR},
      </if>
      <if test="etcAddr != null">
        #{etcAddr,jdbcType=VARCHAR},
      </if>
    </trim>
  </insert>
  <select id="countByExample" parameterType="scg.c24.biz.db.gen.model.C1btCardTransInfExample" resultType="java.lang.Long">
    <!--
      WARNING - @mbg.generated
      This element is automatically generated by MyBatis Generator, do not modify.
      This element was generated on Thu Sep 22 18:10:50 KST 2016.
    -->
    select count(*) from C11.C1BT_CARD_TRANS_INF
    <if test="_parameter != null">
      <include refid="Example_Where_Clause" />
    </if>
  </select>
  <update id="updateByExampleSelective" parameterType="map">
    <!--
      WARNING - @mbg.generated
      This element is automatically generated by MyBatis Generator, do not modify.
      This element was generated on Thu Sep 22 18:10:50 KST 2016.
    -->
    update C11.C1BT_CARD_TRANS_INF
    <set>
      <if test="record.jobYmd != null">
        JOB_YMD = #{record.jobYmd,jdbcType=CHAR},
      </if>
      <if test="record.dataFlag != null">
        DATA_FLAG = #{record.dataFlag,jdbcType=CHAR},
      </if>
      <if test="record.seq != null">
        SEQ = #{record.seq,jdbcType=DECIMAL},
      </if>
      <if test="record.updDtm != null">
        UPD_DTM = #{record.updDtm,jdbcType=TIMESTAMP},
      </if>
      <if test="record.updEmpid != null">
        UPD_EMPID = #{record.updEmpid,jdbcType=CHAR},
      </if>
      <if test="record.updIp != null">
        UPD_IP = #{record.updIp,jdbcType=VARCHAR},
      </if>
      <if test="record.crtDtm != null">
        CRT_DTM = #{record.crtDtm,jdbcType=TIMESTAMP},
      </if>
      <if test="record.crtEmpid != null">
        CRT_EMPID = #{record.crtEmpid,jdbcType=CHAR},
      </if>
      <if test="record.crtIp != null">
        CRT_IP = #{record.crtIp,jdbcType=VARCHAR},
      </if>
      <if test="record.useContNum != null">
        USE_CONT_NUM = #{record.useContNum,jdbcType=CHAR},
      </if>
      <if test="record.cardNum != null">
        CARD_NUM = #{record.cardNum,jdbcType=CHAR},
      </if>
      <if test="record.socNum != null">
        SOC_NUM = #{record.socNum,jdbcType=CHAR},
      </if>
      <if test="record.cardCustNm != null">
        CARD_CUST_NM = #{record.cardCustNm,jdbcType=VARCHAR},
      </if>
      <if test="record.reqRelatCd != null">
        REQ_RELAT_CD = #{record.reqRelatCd,jdbcType=CHAR},
      </if>
      <if test="record.reqPathFlag != null">
        REQ_PATH_FLAG = #{record.reqPathFlag,jdbcType=CHAR},
      </if>
      <if test="record.receiveStsCd != null">
        RECEIVE_STS_CD = #{record.receiveStsCd,jdbcType=CHAR},
      </if>
      <if test="record.reqNm != null">
        REQ_NM = #{record.reqNm,jdbcType=VARCHAR},
      </if>
      <if test="record.cpDdd != null">
        CP_DDD = #{record.cpDdd,jdbcType=VARCHAR},
      </if>
      <if test="record.cpExn != null">
        CP_EXN = #{record.cpExn,jdbcType=VARCHAR},
      </if>
      <if test="record.cpNum != null">
        CP_NUM = #{record.cpNum,jdbcType=VARCHAR},
      </if>
      <if test="record.ownhouseTelDdd != null">
        OWNHOUSE_TEL_DDD = #{record.ownhouseTelDdd,jdbcType=VARCHAR},
      </if>
      <if test="record.ownhouseTelExn != null">
        OWNHOUSE_TEL_EXN = #{record.ownhouseTelExn,jdbcType=VARCHAR},
      </if>
      <if test="record.ownhouseTelNum != null">
        OWNHOUSE_TEL_NUM = #{record.ownhouseTelNum,jdbcType=VARCHAR},
      </if>
      <if test="record.firstApplyYmd != null">
        FIRST_APPLY_YMD = #{record.firstApplyYmd,jdbcType=CHAR},
      </if>
      <if test="record.contCustNm != null">
        CONT_CUST_NM = #{record.contCustNm,jdbcType=VARCHAR},
      </if>
      <if test="record.zipNo != null">
        ZIP_NO = #{record.zipNo,jdbcType=CHAR},
      </if>
      <if test="record.zipAddr != null">
        ZIP_ADDR = #{record.zipAddr,jdbcType=VARCHAR},
      </if>
      <if test="record.etcAddr != null">
        ETC_ADDR = #{record.etcAddr,jdbcType=VARCHAR},
      </if>
    </set>
    <if test="_parameter != null">
      <include refid="Update_By_Example_Where_Clause" />
    </if>
  </update>
  <update id="updateByExample" parameterType="map">
    <!--
      WARNING - @mbg.generated
      This element is automatically generated by MyBatis Generator, do not modify.
      This element was generated on Thu Sep 22 18:10:50 KST 2016.
    -->
    update C11.C1BT_CARD_TRANS_INF
    set JOB_YMD = #{record.jobYmd,jdbcType=CHAR},
      DATA_FLAG = #{record.dataFlag,jdbcType=CHAR},
      SEQ = #{record.seq,jdbcType=DECIMAL},
      UPD_DTM = #{record.updDtm,jdbcType=TIMESTAMP},
      UPD_EMPID = #{record.updEmpid,jdbcType=CHAR},
      UPD_IP = #{record.updIp,jdbcType=VARCHAR},
      CRT_DTM = #{record.crtDtm,jdbcType=TIMESTAMP},
      CRT_EMPID = #{record.crtEmpid,jdbcType=CHAR},
      CRT_IP = #{record.crtIp,jdbcType=VARCHAR},
      USE_CONT_NUM = #{record.useContNum,jdbcType=CHAR},
      CARD_NUM = #{record.cardNum,jdbcType=CHAR},
      SOC_NUM = #{record.socNum,jdbcType=CHAR},
      CARD_CUST_NM = #{record.cardCustNm,jdbcType=VARCHAR},
      REQ_RELAT_CD = #{record.reqRelatCd,jdbcType=CHAR},
      REQ_PATH_FLAG = #{record.reqPathFlag,jdbcType=CHAR},
      RECEIVE_STS_CD = #{record.receiveStsCd,jdbcType=CHAR},
      REQ_NM = #{record.reqNm,jdbcType=VARCHAR},
      CP_DDD = #{record.cpDdd,jdbcType=VARCHAR},
      CP_EXN = #{record.cpExn,jdbcType=VARCHAR},
      CP_NUM = #{record.cpNum,jdbcType=VARCHAR},
      OWNHOUSE_TEL_DDD = #{record.ownhouseTelDdd,jdbcType=VARCHAR},
      OWNHOUSE_TEL_EXN = #{record.ownhouseTelExn,jdbcType=VARCHAR},
      OWNHOUSE_TEL_NUM = #{record.ownhouseTelNum,jdbcType=VARCHAR},
      FIRST_APPLY_YMD = #{record.firstApplyYmd,jdbcType=CHAR},
      CONT_CUST_NM = #{record.contCustNm,jdbcType=VARCHAR},
      ZIP_NO = #{record.zipNo,jdbcType=CHAR},
      ZIP_ADDR = #{record.zipAddr,jdbcType=VARCHAR},
      ETC_ADDR = #{record.etcAddr,jdbcType=VARCHAR}
    <if test="_parameter != null">
      <include refid="Update_By_Example_Where_Clause" />
    </if>
  </update>
  <update id="updateByPrimaryKeySelective" parameterType="scg.c24.biz.db.gen.model.C1btCardTransInf">
    <!--
      WARNING - @mbg.generated
      This element is automatically generated by MyBatis Generator, do not modify.
      This element was generated on Thu Sep 22 18:10:50 KST 2016.
    -->
    update C11.C1BT_CARD_TRANS_INF
    <set>
      <if test="updDtm != null">
        UPD_DTM = #{updDtm,jdbcType=TIMESTAMP},
      </if>
      <if test="updEmpid != null">
        UPD_EMPID = #{updEmpid,jdbcType=CHAR},
      </if>
      <if test="updIp != null">
        UPD_IP = #{updIp,jdbcType=VARCHAR},
      </if>
      <if test="crtDtm != null">
        CRT_DTM = #{crtDtm,jdbcType=TIMESTAMP},
      </if>
      <if test="crtEmpid != null">
        CRT_EMPID = #{crtEmpid,jdbcType=CHAR},
      </if>
      <if test="crtIp != null">
        CRT_IP = #{crtIp,jdbcType=VARCHAR},
      </if>
      <if test="useContNum != null">
        USE_CONT_NUM = #{useContNum,jdbcType=CHAR},
      </if>
      <if test="cardNum != null">
        CARD_NUM = #{cardNum,jdbcType=CHAR},
      </if>
      <if test="socNum != null">
        SOC_NUM = #{socNum,jdbcType=CHAR},
      </if>
      <if test="cardCustNm != null">
        CARD_CUST_NM = #{cardCustNm,jdbcType=VARCHAR},
      </if>
      <if test="reqRelatCd != null">
        REQ_RELAT_CD = #{reqRelatCd,jdbcType=CHAR},
      </if>
      <if test="reqPathFlag != null">
        REQ_PATH_FLAG = #{reqPathFlag,jdbcType=CHAR},
      </if>
      <if test="receiveStsCd != null">
        RECEIVE_STS_CD = #{receiveStsCd,jdbcType=CHAR},
      </if>
      <if test="reqNm != null">
        REQ_NM = #{reqNm,jdbcType=VARCHAR},
      </if>
      <if test="cpDdd != null">
        CP_DDD = #{cpDdd,jdbcType=VARCHAR},
      </if>
      <if test="cpExn != null">
        CP_EXN = #{cpExn,jdbcType=VARCHAR},
      </if>
      <if test="cpNum != null">
        CP_NUM = #{cpNum,jdbcType=VARCHAR},
      </if>
      <if test="ownhouseTelDdd != null">
        OWNHOUSE_TEL_DDD = #{ownhouseTelDdd,jdbcType=VARCHAR},
      </if>
      <if test="ownhouseTelExn != null">
        OWNHOUSE_TEL_EXN = #{ownhouseTelExn,jdbcType=VARCHAR},
      </if>
      <if test="ownhouseTelNum != null">
        OWNHOUSE_TEL_NUM = #{ownhouseTelNum,jdbcType=VARCHAR},
      </if>
      <if test="firstApplyYmd != null">
        FIRST_APPLY_YMD = #{firstApplyYmd,jdbcType=CHAR},
      </if>
      <if test="contCustNm != null">
        CONT_CUST_NM = #{contCustNm,jdbcType=VARCHAR},
      </if>
      <if test="zipNo != null">
        ZIP_NO = #{zipNo,jdbcType=CHAR},
      </if>
      <if test="zipAddr != null">
        ZIP_ADDR = #{zipAddr,jdbcType=VARCHAR},
      </if>
      <if test="etcAddr != null">
        ETC_ADDR = #{etcAddr,jdbcType=VARCHAR},
      </if>
    </set>
    where JOB_YMD = #{jobYmd,jdbcType=CHAR}
      and DATA_FLAG = #{dataFlag,jdbcType=CHAR}
      and SEQ = #{seq,jdbcType=DECIMAL}
  </update>
  <update id="updateByPrimaryKey" parameterType="scg.c24.biz.db.gen.model.C1btCardTransInf">
    <!--
      WARNING - @mbg.generated
      This element is automatically generated by MyBatis Generator, do not modify.
      This element was generated on Thu Sep 22 18:10:50 KST 2016.
    -->
    update C11.C1BT_CARD_TRANS_INF
    set UPD_DTM = #{updDtm,jdbcType=TIMESTAMP},
      UPD_EMPID = #{updEmpid,jdbcType=CHAR},
      UPD_IP = #{updIp,jdbcType=VARCHAR},
      CRT_DTM = #{crtDtm,jdbcType=TIMESTAMP},
      CRT_EMPID = #{crtEmpid,jdbcType=CHAR},
      CRT_IP = #{crtIp,jdbcType=VARCHAR},
      USE_CONT_NUM = #{useContNum,jdbcType=CHAR},
      CARD_NUM = #{cardNum,jdbcType=CHAR},
      SOC_NUM = #{socNum,jdbcType=CHAR},
      CARD_CUST_NM = #{cardCustNm,jdbcType=VARCHAR},
      REQ_RELAT_CD = #{reqRelatCd,jdbcType=CHAR},
      REQ_PATH_FLAG = #{reqPathFlag,jdbcType=CHAR},
      RECEIVE_STS_CD = #{receiveStsCd,jdbcType=CHAR},
      REQ_NM = #{reqNm,jdbcType=VARCHAR},
      CP_DDD = #{cpDdd,jdbcType=VARCHAR},
      CP_EXN = #{cpExn,jdbcType=VARCHAR},
      CP_NUM = #{cpNum,jdbcType=VARCHAR},
      OWNHOUSE_TEL_DDD = #{ownhouseTelDdd,jdbcType=VARCHAR},
      OWNHOUSE_TEL_EXN = #{ownhouseTelExn,jdbcType=VARCHAR},
      OWNHOUSE_TEL_NUM = #{ownhouseTelNum,jdbcType=VARCHAR},
      FIRST_APPLY_YMD = #{firstApplyYmd,jdbcType=CHAR},
      CONT_CUST_NM = #{contCustNm,jdbcType=VARCHAR},
      ZIP_NO = #{zipNo,jdbcType=CHAR},
      ZIP_ADDR = #{zipAddr,jdbcType=VARCHAR},
      ETC_ADDR = #{etcAddr,jdbcType=VARCHAR}
    where JOB_YMD = #{jobYmd,jdbcType=CHAR}
      and DATA_FLAG = #{dataFlag,jdbcType=CHAR}
      and SEQ = #{seq,jdbcType=DECIMAL}
  </update>
</mapper>