<?xml version="1.0" encoding="UTF-8"?>
<!DOCTYPE mapper PUBLIC "-//mybatis.org//DTD Mapper 3.0//EN" "http://mybatis.org/dtd/mybatis-3-mapper.dtd">
<mapper namespace="scg.c24.biz.db.gen.model.C2btPayTotObjMapper">
  <resultMap id="BaseResultMap" type="scg.c24.biz.db.gen.model.C2btPayTotObj">
    <!--
      WARNING - @mbg.generated
      This element is automatically generated by MyBatis Generator, do not modify.
      This element was generated on Thu Sep 22 18:10:50 KST 2016.
    -->
    <id column="PAY_ADD_NUM" jdbcType="CHAR" property="payAddNum" />
    <id column="USE_CONT_NUM" jdbcType="CHAR" property="useContNum" />
    <id column="MTR_NUM" jdbcType="CHAR" property="mtrNum" />
    <result column="UPD_DTM" jdbcType="TIMESTAMP" property="updDtm" />
    <result column="UPD_EMPID" jdbcType="CHAR" property="updEmpid" />
    <result column="UPD_IP" jdbcType="VARCHAR" property="updIp" />
    <result column="CRT_DTM" jdbcType="TIMESTAMP" property="crtDtm" />
    <result column="CRT_EMPID" jdbcType="CHAR" property="crtEmpid" />
    <result column="CRT_IP" jdbcType="VARCHAR" property="crtIp" />
    <result column="REG_YMD" jdbcType="CHAR" property="regYmd" />
    <result column="RECEIPT_ORDER" jdbcType="DECIMAL" property="receiptOrder" />
    <result column="ADD_YN" jdbcType="CHAR" property="addYn" />
    <result column="REQ_NM" jdbcType="VARCHAR" property="reqNm" />
    <result column="CNL_YMD" jdbcType="CHAR" property="cnlYmd" />
    <result column="CNL_EMPID" jdbcType="CHAR" property="cnlEmpid" />
    <result column="CNL_WHY_CD" jdbcType="CHAR" property="cnlWhyCd" />
  </resultMap>
  <sql id="Example_Where_Clause">
    <!--
      WARNING - @mbg.generated
      This element is automatically generated by MyBatis Generator, do not modify.
      This element was generated on Thu Sep 22 18:10:50 KST 2016.
    -->
    <where>
      <foreach collection="oredCriteria" item="criteria" separator="or">
        <if test="criteria.valid">
          <trim prefix="(" prefixOverrides="and" suffix=")">
            <foreach collection="criteria.criteria" item="criterion">
              <choose>
                <when test="criterion.noValue">
                  and ${criterion.condition}
                </when>
                <when test="criterion.singleValue">
                  and ${criterion.condition} #{criterion.value}
                </when>
                <when test="criterion.betweenValue">
                  and ${criterion.condition} #{criterion.value} and #{criterion.secondValue}
                </when>
                <when test="criterion.listValue">
                  and ${criterion.condition}
                  <foreach close=")" collection="criterion.value" item="listItem" open="(" separator=",">
                    #{listItem}
                  </foreach>
                </when>
              </choose>
            </foreach>
          </trim>
        </if>
      </foreach>
    </where>
  </sql>
  <sql id="Update_By_Example_Where_Clause">
    <!--
      WARNING - @mbg.generated
      This element is automatically generated by MyBatis Generator, do not modify.
      This element was generated on Thu Sep 22 18:10:50 KST 2016.
    -->
    <where>
      <foreach collection="example.oredCriteria" item="criteria" separator="or">
        <if test="criteria.valid">
          <trim prefix="(" prefixOverrides="and" suffix=")">
            <foreach collection="criteria.criteria" item="criterion">
              <choose>
                <when test="criterion.noValue">
                  and ${criterion.condition}
                </when>
                <when test="criterion.singleValue">
                  and ${criterion.condition} #{criterion.value}
                </when>
                <when test="criterion.betweenValue">
                  and ${criterion.condition} #{criterion.value} and #{criterion.secondValue}
                </when>
                <when test="criterion.listValue">
                  and ${criterion.condition}
                  <foreach close=")" collection="criterion.value" item="listItem" open="(" separator=",">
                    #{listItem}
                  </foreach>
                </when>
              </choose>
            </foreach>
          </trim>
        </if>
      </foreach>
    </where>
  </sql>
  <sql id="Base_Column_List">
    <!--
      WARNING - @mbg.generated
      This element is automatically generated by MyBatis Generator, do not modify.
      This element was generated on Thu Sep 22 18:10:50 KST 2016.
    -->
    PAY_ADD_NUM, USE_CONT_NUM, MTR_NUM, UPD_DTM, UPD_EMPID, UPD_IP, CRT_DTM, CRT_EMPID, 
    CRT_IP, REG_YMD, RECEIPT_ORDER, ADD_YN, REQ_NM, CNL_YMD, CNL_EMPID, CNL_WHY_CD
  </sql>
  <select id="selectByExample" parameterType="scg.c24.biz.db.gen.model.C2btPayTotObjExample" resultMap="BaseResultMap">
    <!--
      WARNING - @mbg.generated
      This element is automatically generated by MyBatis Generator, do not modify.
      This element was generated on Thu Sep 22 18:10:50 KST 2016.
    -->
    select
    <if test="distinct">
      distinct
    </if>
    <include refid="Base_Column_List" />
    from C21.C2BT_PAY_TOT_OBJ
    <if test="_parameter != null">
      <include refid="Example_Where_Clause" />
    </if>
    <if test="orderByClause != null">
      order by ${orderByClause}
    </if>
  </select>
  <select id="selectByPrimaryKey" parameterType="scg.c24.biz.db.gen.model.C2btPayTotObjKey" resultMap="BaseResultMap">
    <!--
      WARNING - @mbg.generated
      This element is automatically generated by MyBatis Generator, do not modify.
      This element was generated on Thu Sep 22 18:10:50 KST 2016.
    -->
    select 
    <include refid="Base_Column_List" />
    from C21.C2BT_PAY_TOT_OBJ
    where PAY_ADD_NUM = #{payAddNum,jdbcType=CHAR}
      and USE_CONT_NUM = #{useContNum,jdbcType=CHAR}
      and MTR_NUM = #{mtrNum,jdbcType=CHAR}
  </select>
  <delete id="deleteByPrimaryKey" parameterType="scg.c24.biz.db.gen.model.C2btPayTotObjKey">
    <!--
      WARNING - @mbg.generated
      This element is automatically generated by MyBatis Generator, do not modify.
      This element was generated on Thu Sep 22 18:10:50 KST 2016.
    -->
    delete from C21.C2BT_PAY_TOT_OBJ
    where PAY_ADD_NUM = #{payAddNum,jdbcType=CHAR}
      and USE_CONT_NUM = #{useContNum,jdbcType=CHAR}
      and MTR_NUM = #{mtrNum,jdbcType=CHAR}
  </delete>
  <delete id="deleteByExample" parameterType="scg.c24.biz.db.gen.model.C2btPayTotObjExample">
    <!--
      WARNING - @mbg.generated
      This element is automatically generated by MyBatis Generator, do not modify.
      This element was generated on Thu Sep 22 18:10:50 KST 2016.
    -->
    delete from C21.C2BT_PAY_TOT_OBJ
    <if test="_parameter != null">
      <include refid="Example_Where_Clause" />
    </if>
  </delete>
  <insert id="insert" parameterType="scg.c24.biz.db.gen.model.C2btPayTotObj">
    <!--
      WARNING - @mbg.generated
      This element is automatically generated by MyBatis Generator, do not modify.
      This element was generated on Thu Sep 22 18:10:50 KST 2016.
    -->
    insert into C21.C2BT_PAY_TOT_OBJ (PAY_ADD_NUM, USE_CONT_NUM, MTR_NUM, 
      UPD_DTM, UPD_EMPID, UPD_IP, 
      CRT_DTM, CRT_EMPID, CRT_IP, 
      REG_YMD, RECEIPT_ORDER, ADD_YN, 
      REQ_NM, CNL_YMD, CNL_EMPID, 
      CNL_WHY_CD)
    values (#{payAddNum,jdbcType=CHAR}, #{useContNum,jdbcType=CHAR}, #{mtrNum,jdbcType=CHAR}, 
      #{updDtm,jdbcType=TIMESTAMP}, #{updEmpid,jdbcType=CHAR}, #{updIp,jdbcType=VARCHAR}, 
      #{crtDtm,jdbcType=TIMESTAMP}, #{crtEmpid,jdbcType=CHAR}, #{crtIp,jdbcType=VARCHAR}, 
      #{regYmd,jdbcType=CHAR}, #{receiptOrder,jdbcType=DECIMAL}, #{addYn,jdbcType=CHAR}, 
      #{reqNm,jdbcType=VARCHAR}, #{cnlYmd,jdbcType=CHAR}, #{cnlEmpid,jdbcType=CHAR}, 
      #{cnlWhyCd,jdbcType=CHAR})
  </insert>
  <insert id="insertSelective" parameterType="scg.c24.biz.db.gen.model.C2btPayTotObj">
    <!--
      WARNING - @mbg.generated
      This element is automatically generated by MyBatis Generator, do not modify.
      This element was generated on Thu Sep 22 18:10:50 KST 2016.
    -->
    insert into C21.C2BT_PAY_TOT_OBJ
    <trim prefix="(" suffix=")" suffixOverrides=",">
      <if test="payAddNum != null">
        PAY_ADD_NUM,
      </if>
      <if test="useContNum != null">
        USE_CONT_NUM,
      </if>
      <if test="mtrNum != null">
        MTR_NUM,
      </if>
      <if test="updDtm != null">
        UPD_DTM,
      </if>
      <if test="updEmpid != null">
        UPD_EMPID,
      </if>
      <if test="updIp != null">
        UPD_IP,
      </if>
      <if test="crtDtm != null">
        CRT_DTM,
      </if>
      <if test="crtEmpid != null">
        CRT_EMPID,
      </if>
      <if test="crtIp != null">
        CRT_IP,
      </if>
      <if test="regYmd != null">
        REG_YMD,
      </if>
      <if test="receiptOrder != null">
        RECEIPT_ORDER,
      </if>
      <if test="addYn != null">
        ADD_YN,
      </if>
      <if test="reqNm != null">
        REQ_NM,
      </if>
      <if test="cnlYmd != null">
        CNL_YMD,
      </if>
      <if test="cnlEmpid != null">
        CNL_EMPID,
      </if>
      <if test="cnlWhyCd != null">
        CNL_WHY_CD,
      </if>
    </trim>
    <trim prefix="values (" suffix=")" suffixOverrides=",">
      <if test="payAddNum != null">
        #{payAddNum,jdbcType=CHAR},
      </if>
      <if test="useContNum != null">
        #{useContNum,jdbcType=CHAR},
      </if>
      <if test="mtrNum != null">
        #{mtrNum,jdbcType=CHAR},
      </if>
      <if test="updDtm != null">
        #{updDtm,jdbcType=TIMESTAMP},
      </if>
      <if test="updEmpid != null">
        #{updEmpid,jdbcType=CHAR},
      </if>
      <if test="updIp != null">
        #{updIp,jdbcType=VARCHAR},
      </if>
      <if test="crtDtm != null">
        #{crtDtm,jdbcType=TIMESTAMP},
      </if>
      <if test="crtEmpid != null">
        #{crtEmpid,jdbcType=CHAR},
      </if>
      <if test="crtIp != null">
        #{crtIp,jdbcType=VARCHAR},
      </if>
      <if test="regYmd != null">
        #{regYmd,jdbcType=CHAR},
      </if>
      <if test="receiptOrder != null">
        #{receiptOrder,jdbcType=DECIMAL},
      </if>
      <if test="addYn != null">
        #{addYn,jdbcType=CHAR},
      </if>
      <if test="reqNm != null">
        #{reqNm,jdbcType=VARCHAR},
      </if>
      <if test="cnlYmd != null">
        #{cnlYmd,jdbcType=CHAR},
      </if>
      <if test="cnlEmpid != null">
        #{cnlEmpid,jdbcType=CHAR},
      </if>
      <if test="cnlWhyCd != null">
        #{cnlWhyCd,jdbcType=CHAR},
      </if>
    </trim>
  </insert>
  <select id="countByExample" parameterType="scg.c24.biz.db.gen.model.C2btPayTotObjExample" resultType="java.lang.Long">
    <!--
      WARNING - @mbg.generated
      This element is automatically generated by MyBatis Generator, do not modify.
      This element was generated on Thu Sep 22 18:10:50 KST 2016.
    -->
    select count(*) from C21.C2BT_PAY_TOT_OBJ
    <if test="_parameter != null">
      <include refid="Example_Where_Clause" />
    </if>
  </select>
  <update id="updateByExampleSelective" parameterType="map">
    <!--
      WARNING - @mbg.generated
      This element is automatically generated by MyBatis Generator, do not modify.
      This element was generated on Thu Sep 22 18:10:50 KST 2016.
    -->
    update C21.C2BT_PAY_TOT_OBJ
    <set>
      <if test="record.payAddNum != null">
        PAY_ADD_NUM = #{record.payAddNum,jdbcType=CHAR},
      </if>
      <if test="record.useContNum != null">
        USE_CONT_NUM = #{record.useContNum,jdbcType=CHAR},
      </if>
      <if test="record.mtrNum != null">
        MTR_NUM = #{record.mtrNum,jdbcType=CHAR},
      </if>
      <if test="record.updDtm != null">
        UPD_DTM = #{record.updDtm,jdbcType=TIMESTAMP},
      </if>
      <if test="record.updEmpid != null">
        UPD_EMPID = #{record.updEmpid,jdbcType=CHAR},
      </if>
      <if test="record.updIp != null">
        UPD_IP = #{record.updIp,jdbcType=VARCHAR},
      </if>
      <if test="record.crtDtm != null">
        CRT_DTM = #{record.crtDtm,jdbcType=TIMESTAMP},
      </if>
      <if test="record.crtEmpid != null">
        CRT_EMPID = #{record.crtEmpid,jdbcType=CHAR},
      </if>
      <if test="record.crtIp != null">
        CRT_IP = #{record.crtIp,jdbcType=VARCHAR},
      </if>
      <if test="record.regYmd != null">
        REG_YMD = #{record.regYmd,jdbcType=CHAR},
      </if>
      <if test="record.receiptOrder != null">
        RECEIPT_ORDER = #{record.receiptOrder,jdbcType=DECIMAL},
      </if>
      <if test="record.addYn != null">
        ADD_YN = #{record.addYn,jdbcType=CHAR},
      </if>
      <if test="record.reqNm != null">
        REQ_NM = #{record.reqNm,jdbcType=VARCHAR},
      </if>
      <if test="record.cnlYmd != null">
        CNL_YMD = #{record.cnlYmd,jdbcType=CHAR},
      </if>
      <if test="record.cnlEmpid != null">
        CNL_EMPID = #{record.cnlEmpid,jdbcType=CHAR},
      </if>
      <if test="record.cnlWhyCd != null">
        CNL_WHY_CD = #{record.cnlWhyCd,jdbcType=CHAR},
      </if>
    </set>
    <if test="_parameter != null">
      <include refid="Update_By_Example_Where_Clause" />
    </if>
  </update>
  <update id="updateByExample" parameterType="map">
    <!--
      WARNING - @mbg.generated
      This element is automatically generated by MyBatis Generator, do not modify.
      This element was generated on Thu Sep 22 18:10:50 KST 2016.
    -->
    update C21.C2BT_PAY_TOT_OBJ
    set PAY_ADD_NUM = #{record.payAddNum,jdbcType=CHAR},
      USE_CONT_NUM = #{record.useContNum,jdbcType=CHAR},
      MTR_NUM = #{record.mtrNum,jdbcType=CHAR},
      UPD_DTM = #{record.updDtm,jdbcType=TIMESTAMP},
      UPD_EMPID = #{record.updEmpid,jdbcType=CHAR},
      UPD_IP = #{record.updIp,jdbcType=VARCHAR},
      CRT_DTM = #{record.crtDtm,jdbcType=TIMESTAMP},
      CRT_EMPID = #{record.crtEmpid,jdbcType=CHAR},
      CRT_IP = #{record.crtIp,jdbcType=VARCHAR},
      REG_YMD = #{record.regYmd,jdbcType=CHAR},
      RECEIPT_ORDER = #{record.receiptOrder,jdbcType=DECIMAL},
      ADD_YN = #{record.addYn,jdbcType=CHAR},
      REQ_NM = #{record.reqNm,jdbcType=VARCHAR},
      CNL_YMD = #{record.cnlYmd,jdbcType=CHAR},
      CNL_EMPID = #{record.cnlEmpid,jdbcType=CHAR},
      CNL_WHY_CD = #{record.cnlWhyCd,jdbcType=CHAR}
    <if test="_parameter != null">
      <include refid="Update_By_Example_Where_Clause" />
    </if>
  </update>
  <update id="updateByPrimaryKeySelective" parameterType="scg.c24.biz.db.gen.model.C2btPayTotObj">
    <!--
      WARNING - @mbg.generated
      This element is automatically generated by MyBatis Generator, do not modify.
      This element was generated on Thu Sep 22 18:10:50 KST 2016.
    -->
    update C21.C2BT_PAY_TOT_OBJ
    <set>
      <if test="updDtm != null">
        UPD_DTM = #{updDtm,jdbcType=TIMESTAMP},
      </if>
      <if test="updEmpid != null">
        UPD_EMPID = #{updEmpid,jdbcType=CHAR},
      </if>
      <if test="updIp != null">
        UPD_IP = #{updIp,jdbcType=VARCHAR},
      </if>
      <if test="crtDtm != null">
        CRT_DTM = #{crtDtm,jdbcType=TIMESTAMP},
      </if>
      <if test="crtEmpid != null">
        CRT_EMPID = #{crtEmpid,jdbcType=CHAR},
      </if>
      <if test="crtIp != null">
        CRT_IP = #{crtIp,jdbcType=VARCHAR},
      </if>
      <if test="regYmd != null">
        REG_YMD = #{regYmd,jdbcType=CHAR},
      </if>
      <if test="receiptOrder != null">
        RECEIPT_ORDER = #{receiptOrder,jdbcType=DECIMAL},
      </if>
      <if test="addYn != null">
        ADD_YN = #{addYn,jdbcType=CHAR},
      </if>
      <if test="reqNm != null">
        REQ_NM = #{reqNm,jdbcType=VARCHAR},
      </if>
      <if test="cnlYmd != null">
        CNL_YMD = #{cnlYmd,jdbcType=CHAR},
      </if>
      <if test="cnlEmpid != null">
        CNL_EMPID = #{cnlEmpid,jdbcType=CHAR},
      </if>
      <if test="cnlWhyCd != null">
        CNL_WHY_CD = #{cnlWhyCd,jdbcType=CHAR},
      </if>
    </set>
    where PAY_ADD_NUM = #{payAddNum,jdbcType=CHAR}
      and USE_CONT_NUM = #{useContNum,jdbcType=CHAR}
      and MTR_NUM = #{mtrNum,jdbcType=CHAR}
  </update>
  <update id="updateByPrimaryKey" parameterType="scg.c24.biz.db.gen.model.C2btPayTotObj">
    <!--
      WARNING - @mbg.generated
      This element is automatically generated by MyBatis Generator, do not modify.
      This element was generated on Thu Sep 22 18:10:50 KST 2016.
    -->
    update C21.C2BT_PAY_TOT_OBJ
    set UPD_DTM = #{updDtm,jdbcType=TIMESTAMP},
      UPD_EMPID = #{updEmpid,jdbcType=CHAR},
      UPD_IP = #{updIp,jdbcType=VARCHAR},
      CRT_DTM = #{crtDtm,jdbcType=TIMESTAMP},
      CRT_EMPID = #{crtEmpid,jdbcType=CHAR},
      CRT_IP = #{crtIp,jdbcType=VARCHAR},
      REG_YMD = #{regYmd,jdbcType=CHAR},
      RECEIPT_ORDER = #{receiptOrder,jdbcType=DECIMAL},
      ADD_YN = #{addYn,jdbcType=CHAR},
      REQ_NM = #{reqNm,jdbcType=VARCHAR},
      CNL_YMD = #{cnlYmd,jdbcType=CHAR},
      CNL_EMPID = #{cnlEmpid,jdbcType=CHAR},
      CNL_WHY_CD = #{cnlWhyCd,jdbcType=CHAR}
    where PAY_ADD_NUM = #{payAddNum,jdbcType=CHAR}
      and USE_CONT_NUM = #{useContNum,jdbcType=CHAR}
      and MTR_NUM = #{mtrNum,jdbcType=CHAR}
  </update>
</mapper>