<?xml version="1.0" encoding="UTF-8"?>
<!DOCTYPE mapper PUBLIC "-//mybatis.org//DTD Mapper 3.0//EN" "http://mybatis.org/dtd/mybatis-3-mapper.dtd">
<mapper namespace="scg.c24.biz.db.gen.model.C2dtEbppAutoCnlMapper">
  <resultMap id="BaseResultMap" type="scg.c24.biz.db.gen.model.C2dtEbppAutoCnl">
    <!--
      WARNING - @mbg.generated
      This element is automatically generated by MyBatis Generator, do not modify.
      This element was generated on Thu Sep 22 18:10:50 KST 2016.
    -->
    <id column="JOB_ID" jdbcType="CHAR" property="jobId" />
    <id column="REQ_YMD" jdbcType="CHAR" property="reqYmd" />
    <id column="USE_CONT_NUM" jdbcType="CHAR" property="useContNum" />
    <id column="REQ_FLAG" jdbcType="VARCHAR" property="reqFlag" />
    <result column="APPLY_YMD" jdbcType="CHAR" property="applyYmd" />
    <result column="TREAT_RSLT" jdbcType="CHAR" property="treatRslt" />
    <result column="CREATE_YMD" jdbcType="VARCHAR" property="createYmd" />
    <result column="CRT_TIME" jdbcType="VARCHAR" property="crtTime" />
    <result column="CRT_IP" jdbcType="VARCHAR" property="crtIp" />
    <result column="CRT_EMPID" jdbcType="CHAR" property="crtEmpid" />
    <result column="UPD_DTM" jdbcType="TIMESTAMP" property="updDtm" />
    <result column="UPD_IP" jdbcType="VARCHAR" property="updIp" />
    <result column="UPD_EMPID" jdbcType="CHAR" property="updEmpid" />
    <result column="RECEIVE_FLAG" jdbcType="CHAR" property="receiveFlag" />
  </resultMap>
  <sql id="Example_Where_Clause">
    <!--
      WARNING - @mbg.generated
      This element is automatically generated by MyBatis Generator, do not modify.
      This element was generated on Thu Sep 22 18:10:50 KST 2016.
    -->
    <where>
      <foreach collection="oredCriteria" item="criteria" separator="or">
        <if test="criteria.valid">
          <trim prefix="(" prefixOverrides="and" suffix=")">
            <foreach collection="criteria.criteria" item="criterion">
              <choose>
                <when test="criterion.noValue">
                  and ${criterion.condition}
                </when>
                <when test="criterion.singleValue">
                  and ${criterion.condition} #{criterion.value}
                </when>
                <when test="criterion.betweenValue">
                  and ${criterion.condition} #{criterion.value} and #{criterion.secondValue}
                </when>
                <when test="criterion.listValue">
                  and ${criterion.condition}
                  <foreach close=")" collection="criterion.value" item="listItem" open="(" separator=",">
                    #{listItem}
                  </foreach>
                </when>
              </choose>
            </foreach>
          </trim>
        </if>
      </foreach>
    </where>
  </sql>
  <sql id="Update_By_Example_Where_Clause">
    <!--
      WARNING - @mbg.generated
      This element is automatically generated by MyBatis Generator, do not modify.
      This element was generated on Thu Sep 22 18:10:50 KST 2016.
    -->
    <where>
      <foreach collection="example.oredCriteria" item="criteria" separator="or">
        <if test="criteria.valid">
          <trim prefix="(" prefixOverrides="and" suffix=")">
            <foreach collection="criteria.criteria" item="criterion">
              <choose>
                <when test="criterion.noValue">
                  and ${criterion.condition}
                </when>
                <when test="criterion.singleValue">
                  and ${criterion.condition} #{criterion.value}
                </when>
                <when test="criterion.betweenValue">
                  and ${criterion.condition} #{criterion.value} and #{criterion.secondValue}
                </when>
                <when test="criterion.listValue">
                  and ${criterion.condition}
                  <foreach close=")" collection="criterion.value" item="listItem" open="(" separator=",">
                    #{listItem}
                  </foreach>
                </when>
              </choose>
            </foreach>
          </trim>
        </if>
      </foreach>
    </where>
  </sql>
  <sql id="Base_Column_List">
    <!--
      WARNING - @mbg.generated
      This element is automatically generated by MyBatis Generator, do not modify.
      This element was generated on Thu Sep 22 18:10:50 KST 2016.
    -->
    JOB_ID, REQ_YMD, USE_CONT_NUM, REQ_FLAG, APPLY_YMD, TREAT_RSLT, CREATE_YMD, CRT_TIME, 
    CRT_IP, CRT_EMPID, UPD_DTM, UPD_IP, UPD_EMPID, RECEIVE_FLAG
  </sql>
  <select id="selectByExample" parameterType="scg.c24.biz.db.gen.model.C2dtEbppAutoCnlExample" resultMap="BaseResultMap">
    <!--
      WARNING - @mbg.generated
      This element is automatically generated by MyBatis Generator, do not modify.
      This element was generated on Thu Sep 22 18:10:50 KST 2016.
    -->
    select
    <if test="distinct">
      distinct
    </if>
    <include refid="Base_Column_List" />
    from C21.C2DT_EBPP_AUTO_CNL
    <if test="_parameter != null">
      <include refid="Example_Where_Clause" />
    </if>
    <if test="orderByClause != null">
      order by ${orderByClause}
    </if>
  </select>
  <select id="selectByPrimaryKey" parameterType="scg.c24.biz.db.gen.model.C2dtEbppAutoCnlKey" resultMap="BaseResultMap">
    <!--
      WARNING - @mbg.generated
      This element is automatically generated by MyBatis Generator, do not modify.
      This element was generated on Thu Sep 22 18:10:50 KST 2016.
    -->
    select 
    <include refid="Base_Column_List" />
    from C21.C2DT_EBPP_AUTO_CNL
    where JOB_ID = #{jobId,jdbcType=CHAR}
      and REQ_YMD = #{reqYmd,jdbcType=CHAR}
      and USE_CONT_NUM = #{useContNum,jdbcType=CHAR}
      and REQ_FLAG = #{reqFlag,jdbcType=VARCHAR}
  </select>
  <delete id="deleteByPrimaryKey" parameterType="scg.c24.biz.db.gen.model.C2dtEbppAutoCnlKey">
    <!--
      WARNING - @mbg.generated
      This element is automatically generated by MyBatis Generator, do not modify.
      This element was generated on Thu Sep 22 18:10:50 KST 2016.
    -->
    delete from C21.C2DT_EBPP_AUTO_CNL
    where JOB_ID = #{jobId,jdbcType=CHAR}
      and REQ_YMD = #{reqYmd,jdbcType=CHAR}
      and USE_CONT_NUM = #{useContNum,jdbcType=CHAR}
      and REQ_FLAG = #{reqFlag,jdbcType=VARCHAR}
  </delete>
  <delete id="deleteByExample" parameterType="scg.c24.biz.db.gen.model.C2dtEbppAutoCnlExample">
    <!--
      WARNING - @mbg.generated
      This element is automatically generated by MyBatis Generator, do not modify.
      This element was generated on Thu Sep 22 18:10:50 KST 2016.
    -->
    delete from C21.C2DT_EBPP_AUTO_CNL
    <if test="_parameter != null">
      <include refid="Example_Where_Clause" />
    </if>
  </delete>
  <insert id="insert" parameterType="scg.c24.biz.db.gen.model.C2dtEbppAutoCnl">
    <!--
      WARNING - @mbg.generated
      This element is automatically generated by MyBatis Generator, do not modify.
      This element was generated on Thu Sep 22 18:10:50 KST 2016.
    -->
    insert into C21.C2DT_EBPP_AUTO_CNL (JOB_ID, REQ_YMD, USE_CONT_NUM, 
      REQ_FLAG, APPLY_YMD, TREAT_RSLT, 
      CREATE_YMD, CRT_TIME, CRT_IP, 
      CRT_EMPID, UPD_DTM, UPD_IP, 
      UPD_EMPID, RECEIVE_FLAG)
    values (#{jobId,jdbcType=CHAR}, #{reqYmd,jdbcType=CHAR}, #{useContNum,jdbcType=CHAR}, 
      #{reqFlag,jdbcType=VARCHAR}, #{applyYmd,jdbcType=CHAR}, #{treatRslt,jdbcType=CHAR}, 
      #{createYmd,jdbcType=VARCHAR}, #{crtTime,jdbcType=VARCHAR}, #{crtIp,jdbcType=VARCHAR}, 
      #{crtEmpid,jdbcType=CHAR}, #{updDtm,jdbcType=TIMESTAMP}, #{updIp,jdbcType=VARCHAR}, 
      #{updEmpid,jdbcType=CHAR}, #{receiveFlag,jdbcType=CHAR})
  </insert>
  <insert id="insertSelective" parameterType="scg.c24.biz.db.gen.model.C2dtEbppAutoCnl">
    <!--
      WARNING - @mbg.generated
      This element is automatically generated by MyBatis Generator, do not modify.
      This element was generated on Thu Sep 22 18:10:50 KST 2016.
    -->
    insert into C21.C2DT_EBPP_AUTO_CNL
    <trim prefix="(" suffix=")" suffixOverrides=",">
      <if test="jobId != null">
        JOB_ID,
      </if>
      <if test="reqYmd != null">
        REQ_YMD,
      </if>
      <if test="useContNum != null">
        USE_CONT_NUM,
      </if>
      <if test="reqFlag != null">
        REQ_FLAG,
      </if>
      <if test="applyYmd != null">
        APPLY_YMD,
      </if>
      <if test="treatRslt != null">
        TREAT_RSLT,
      </if>
      <if test="createYmd != null">
        CREATE_YMD,
      </if>
      <if test="crtTime != null">
        CRT_TIME,
      </if>
      <if test="crtIp != null">
        CRT_IP,
      </if>
      <if test="crtEmpid != null">
        CRT_EMPID,
      </if>
      <if test="updDtm != null">
        UPD_DTM,
      </if>
      <if test="updIp != null">
        UPD_IP,
      </if>
      <if test="updEmpid != null">
        UPD_EMPID,
      </if>
      <if test="receiveFlag != null">
        RECEIVE_FLAG,
      </if>
    </trim>
    <trim prefix="values (" suffix=")" suffixOverrides=",">
      <if test="jobId != null">
        #{jobId,jdbcType=CHAR},
      </if>
      <if test="reqYmd != null">
        #{reqYmd,jdbcType=CHAR},
      </if>
      <if test="useContNum != null">
        #{useContNum,jdbcType=CHAR},
      </if>
      <if test="reqFlag != null">
        #{reqFlag,jdbcType=VARCHAR},
      </if>
      <if test="applyYmd != null">
        #{applyYmd,jdbcType=CHAR},
      </if>
      <if test="treatRslt != null">
        #{treatRslt,jdbcType=CHAR},
      </if>
      <if test="createYmd != null">
        #{createYmd,jdbcType=VARCHAR},
      </if>
      <if test="crtTime != null">
        #{crtTime,jdbcType=VARCHAR},
      </if>
      <if test="crtIp != null">
        #{crtIp,jdbcType=VARCHAR},
      </if>
      <if test="crtEmpid != null">
        #{crtEmpid,jdbcType=CHAR},
      </if>
      <if test="updDtm != null">
        #{updDtm,jdbcType=TIMESTAMP},
      </if>
      <if test="updIp != null">
        #{updIp,jdbcType=VARCHAR},
      </if>
      <if test="updEmpid != null">
        #{updEmpid,jdbcType=CHAR},
      </if>
      <if test="receiveFlag != null">
        #{receiveFlag,jdbcType=CHAR},
      </if>
    </trim>
  </insert>
  <select id="countByExample" parameterType="scg.c24.biz.db.gen.model.C2dtEbppAutoCnlExample" resultType="java.lang.Long">
    <!--
      WARNING - @mbg.generated
      This element is automatically generated by MyBatis Generator, do not modify.
      This element was generated on Thu Sep 22 18:10:50 KST 2016.
    -->
    select count(*) from C21.C2DT_EBPP_AUTO_CNL
    <if test="_parameter != null">
      <include refid="Example_Where_Clause" />
    </if>
  </select>
  <update id="updateByExampleSelective" parameterType="map">
    <!--
      WARNING - @mbg.generated
      This element is automatically generated by MyBatis Generator, do not modify.
      This element was generated on Thu Sep 22 18:10:50 KST 2016.
    -->
    update C21.C2DT_EBPP_AUTO_CNL
    <set>
      <if test="record.jobId != null">
        JOB_ID = #{record.jobId,jdbcType=CHAR},
      </if>
      <if test="record.reqYmd != null">
        REQ_YMD = #{record.reqYmd,jdbcType=CHAR},
      </if>
      <if test="record.useContNum != null">
        USE_CONT_NUM = #{record.useContNum,jdbcType=CHAR},
      </if>
      <if test="record.reqFlag != null">
        REQ_FLAG = #{record.reqFlag,jdbcType=VARCHAR},
      </if>
      <if test="record.applyYmd != null">
        APPLY_YMD = #{record.applyYmd,jdbcType=CHAR},
      </if>
      <if test="record.treatRslt != null">
        TREAT_RSLT = #{record.treatRslt,jdbcType=CHAR},
      </if>
      <if test="record.createYmd != null">
        CREATE_YMD = #{record.createYmd,jdbcType=VARCHAR},
      </if>
      <if test="record.crtTime != null">
        CRT_TIME = #{record.crtTime,jdbcType=VARCHAR},
      </if>
      <if test="record.crtIp != null">
        CRT_IP = #{record.crtIp,jdbcType=VARCHAR},
      </if>
      <if test="record.crtEmpid != null">
        CRT_EMPID = #{record.crtEmpid,jdbcType=CHAR},
      </if>
      <if test="record.updDtm != null">
        UPD_DTM = #{record.updDtm,jdbcType=TIMESTAMP},
      </if>
      <if test="record.updIp != null">
        UPD_IP = #{record.updIp,jdbcType=VARCHAR},
      </if>
      <if test="record.updEmpid != null">
        UPD_EMPID = #{record.updEmpid,jdbcType=CHAR},
      </if>
      <if test="record.receiveFlag != null">
        RECEIVE_FLAG = #{record.receiveFlag,jdbcType=CHAR},
      </if>
    </set>
    <if test="_parameter != null">
      <include refid="Update_By_Example_Where_Clause" />
    </if>
  </update>
  <update id="updateByExample" parameterType="map">
    <!--
      WARNING - @mbg.generated
      This element is automatically generated by MyBatis Generator, do not modify.
      This element was generated on Thu Sep 22 18:10:50 KST 2016.
    -->
    update C21.C2DT_EBPP_AUTO_CNL
    set JOB_ID = #{record.jobId,jdbcType=CHAR},
      REQ_YMD = #{record.reqYmd,jdbcType=CHAR},
      USE_CONT_NUM = #{record.useContNum,jdbcType=CHAR},
      REQ_FLAG = #{record.reqFlag,jdbcType=VARCHAR},
      APPLY_YMD = #{record.applyYmd,jdbcType=CHAR},
      TREAT_RSLT = #{record.treatRslt,jdbcType=CHAR},
      CREATE_YMD = #{record.createYmd,jdbcType=VARCHAR},
      CRT_TIME = #{record.crtTime,jdbcType=VARCHAR},
      CRT_IP = #{record.crtIp,jdbcType=VARCHAR},
      CRT_EMPID = #{record.crtEmpid,jdbcType=CHAR},
      UPD_DTM = #{record.updDtm,jdbcType=TIMESTAMP},
      UPD_IP = #{record.updIp,jdbcType=VARCHAR},
      UPD_EMPID = #{record.updEmpid,jdbcType=CHAR},
      RECEIVE_FLAG = #{record.receiveFlag,jdbcType=CHAR}
    <if test="_parameter != null">
      <include refid="Update_By_Example_Where_Clause" />
    </if>
  </update>
  <update id="updateByPrimaryKeySelective" parameterType="scg.c24.biz.db.gen.model.C2dtEbppAutoCnl">
    <!--
      WARNING - @mbg.generated
      This element is automatically generated by MyBatis Generator, do not modify.
      This element was generated on Thu Sep 22 18:10:50 KST 2016.
    -->
    update C21.C2DT_EBPP_AUTO_CNL
    <set>
      <if test="applyYmd != null">
        APPLY_YMD = #{applyYmd,jdbcType=CHAR},
      </if>
      <if test="treatRslt != null">
        TREAT_RSLT = #{treatRslt,jdbcType=CHAR},
      </if>
      <if test="createYmd != null">
        CREATE_YMD = #{createYmd,jdbcType=VARCHAR},
      </if>
      <if test="crtTime != null">
        CRT_TIME = #{crtTime,jdbcType=VARCHAR},
      </if>
      <if test="crtIp != null">
        CRT_IP = #{crtIp,jdbcType=VARCHAR},
      </if>
      <if test="crtEmpid != null">
        CRT_EMPID = #{crtEmpid,jdbcType=CHAR},
      </if>
      <if test="updDtm != null">
        UPD_DTM = #{updDtm,jdbcType=TIMESTAMP},
      </if>
      <if test="updIp != null">
        UPD_IP = #{updIp,jdbcType=VARCHAR},
      </if>
      <if test="updEmpid != null">
        UPD_EMPID = #{updEmpid,jdbcType=CHAR},
      </if>
      <if test="receiveFlag != null">
        RECEIVE_FLAG = #{receiveFlag,jdbcType=CHAR},
      </if>
    </set>
    where JOB_ID = #{jobId,jdbcType=CHAR}
      and REQ_YMD = #{reqYmd,jdbcType=CHAR}
      and USE_CONT_NUM = #{useContNum,jdbcType=CHAR}
      and REQ_FLAG = #{reqFlag,jdbcType=VARCHAR}
  </update>
  <update id="updateByPrimaryKey" parameterType="scg.c24.biz.db.gen.model.C2dtEbppAutoCnl">
    <!--
      WARNING - @mbg.generated
      This element is automatically generated by MyBatis Generator, do not modify.
      This element was generated on Thu Sep 22 18:10:50 KST 2016.
    -->
    update C21.C2DT_EBPP_AUTO_CNL
    set APPLY_YMD = #{applyYmd,jdbcType=CHAR},
      TREAT_RSLT = #{treatRslt,jdbcType=CHAR},
      CREATE_YMD = #{createYmd,jdbcType=VARCHAR},
      CRT_TIME = #{crtTime,jdbcType=VARCHAR},
      CRT_IP = #{crtIp,jdbcType=VARCHAR},
      CRT_EMPID = #{crtEmpid,jdbcType=CHAR},
      UPD_DTM = #{updDtm,jdbcType=TIMESTAMP},
      UPD_IP = #{updIp,jdbcType=VARCHAR},
      UPD_EMPID = #{updEmpid,jdbcType=CHAR},
      RECEIVE_FLAG = #{receiveFlag,jdbcType=CHAR}
    where JOB_ID = #{jobId,jdbcType=CHAR}
      and REQ_YMD = #{reqYmd,jdbcType=CHAR}
      and USE_CONT_NUM = #{useContNum,jdbcType=CHAR}
      and REQ_FLAG = #{reqFlag,jdbcType=VARCHAR}
  </update>
</mapper>