<?xml version="1.0" encoding="UTF-8"?>
<!DOCTYPE mapper PUBLIC "-//mybatis.org//DTD Mapper 3.0//EN" "http://mybatis.org/dtd/mybatis-3-mapper.dtd">
<mapper namespace="scg.c24.biz.db.gen.model.C3atInstPlaceMapper">
  <resultMap id="BaseResultMap" type="scg.c24.biz.db.gen.model.C3atInstPlace">
    <!--
      WARNING - @mbg.generated
      This element is automatically generated by MyBatis Generator, do not modify.
      This element was generated on Thu Sep 22 18:10:50 KST 2016.
    -->
    <id column="INST_PLACE_NUM" jdbcType="CHAR" property="instPlaceNum" />
    <result column="UPD_DTM" jdbcType="TIMESTAMP" property="updDtm" />
    <result column="UPD_EMPID" jdbcType="CHAR" property="updEmpid" />
    <result column="UPD_IP" jdbcType="VARCHAR" property="updIp" />
    <result column="CRT_DTM" jdbcType="TIMESTAMP" property="crtDtm" />
    <result column="CRT_EMPID" jdbcType="CHAR" property="crtEmpid" />
    <result column="CRT_IP" jdbcType="VARCHAR" property="crtIp" />
    <result column="BUILT_IN_YN" jdbcType="CHAR" property="builtInYn" />
    <result column="SQUARE_METER" jdbcType="CHAR" property="squareMeter" />
    <result column="SUPPLY_APPRO_YMD" jdbcType="CHAR" property="supplyApproYmd" />
    <result column="DEADLINE_FLAG" jdbcType="CHAR" property="deadlineFlag" />
    <result column="GMTR_BASE_DAY" jdbcType="CHAR" property="gmtrBaseDay" />
    <result column="BLD_FLOOR" jdbcType="VARCHAR" property="bldFloor" />
    <result column="HOUSE_CNT" jdbcType="VARCHAR" property="houseCnt" />
    <result column="ETC_ADDR" jdbcType="VARCHAR" property="etcAddr" />
    <result column="CURR_ADDR_UNION" jdbcType="VARCHAR" property="currAddrUnion" />
    <result column="NEW_ADDR_UNION" jdbcType="VARCHAR" property="newAddrUnion" />
    <result column="SPECIAL_NUM" jdbcType="CHAR" property="specialNum" />
    <result column="CITY_ASSN_SPECI_YN" jdbcType="CHAR" property="cityAssnSpeciYn" />
    <result column="ORIG_SUPPLY_CONT_YMD" jdbcType="CHAR" property="origSupplyContYmd" />
    <result column="INST_PLACE_DEL_YMD" jdbcType="CHAR" property="instPlaceDelYmd" />
    <result column="INST_PLACE_DEL_WHY" jdbcType="CHAR" property="instPlaceDelWhy" />
    <result column="ZIP_SEQ" jdbcType="CHAR" property="zipSeq" />
    <result column="RMK" jdbcType="VARCHAR" property="rmk" />
    <result column="DATA_COL_TYPE" jdbcType="CHAR" property="dataColType" />
    <result column="GROUP_NUM" jdbcType="VARCHAR" property="groupNum" />
    <result column="BURY_PIPE_MATER" jdbcType="CHAR" property="buryPipeMater" />
    <result column="BURY_PIPE_LENGTH" jdbcType="DECIMAL" property="buryPipeLength" />
    <result column="BURY_PIPE_LOC" jdbcType="CHAR" property="buryPipeLoc" />
    <result column="HIDDEN_PIPE_MATER" jdbcType="CHAR" property="hiddenPipeMater" />
    <result column="HIDDEN_PIPE_LENGTH" jdbcType="DECIMAL" property="hiddenPipeLength" />
    <result column="HIDDEN_PIPE_LOC" jdbcType="CHAR" property="hiddenPipeLoc" />
    <result column="HIDDEN_PIPE_CHK_REGION" jdbcType="DECIMAL" property="hiddenPipeChkRegion" />
    <result column="HIDDEN_PIPE_SAFETY_ACT_METHOD" jdbcType="CHAR" property="hiddenPipeSafetyActMethod" />
    <result column="PIPE_LOC_EXPR" jdbcType="CHAR" property="pipeLocExpr" />
    <result column="BURY_YN" jdbcType="CHAR" property="buryYn" />
    <result column="HIDDEN_YN" jdbcType="CHAR" property="hiddenYn" />
    <result column="ORG_DEADLINE_FLAG" jdbcType="CHAR" property="orgDeadlineFlag" />
    <result column="ORG_GMTR_BASE_DAY" jdbcType="CHAR" property="orgGmtrBaseDay" />
    <result column="PROTE_FACI_GRD" jdbcType="CHAR" property="proteFaciGrd" />
    <result column="PARCEL_OUT_YN" jdbcType="CHAR" property="parcelOutYn" />
  </resultMap>
  <sql id="Example_Where_Clause">
    <!--
      WARNING - @mbg.generated
      This element is automatically generated by MyBatis Generator, do not modify.
      This element was generated on Thu Sep 22 18:10:50 KST 2016.
    -->
    <where>
      <foreach collection="oredCriteria" item="criteria" separator="or">
        <if test="criteria.valid">
          <trim prefix="(" prefixOverrides="and" suffix=")">
            <foreach collection="criteria.criteria" item="criterion">
              <choose>
                <when test="criterion.noValue">
                  and ${criterion.condition}
                </when>
                <when test="criterion.singleValue">
                  and ${criterion.condition} #{criterion.value}
                </when>
                <when test="criterion.betweenValue">
                  and ${criterion.condition} #{criterion.value} and #{criterion.secondValue}
                </when>
                <when test="criterion.listValue">
                  and ${criterion.condition}
                  <foreach close=")" collection="criterion.value" item="listItem" open="(" separator=",">
                    #{listItem}
                  </foreach>
                </when>
              </choose>
            </foreach>
          </trim>
        </if>
      </foreach>
    </where>
  </sql>
  <sql id="Update_By_Example_Where_Clause">
    <!--
      WARNING - @mbg.generated
      This element is automatically generated by MyBatis Generator, do not modify.
      This element was generated on Thu Sep 22 18:10:50 KST 2016.
    -->
    <where>
      <foreach collection="example.oredCriteria" item="criteria" separator="or">
        <if test="criteria.valid">
          <trim prefix="(" prefixOverrides="and" suffix=")">
            <foreach collection="criteria.criteria" item="criterion">
              <choose>
                <when test="criterion.noValue">
                  and ${criterion.condition}
                </when>
                <when test="criterion.singleValue">
                  and ${criterion.condition} #{criterion.value}
                </when>
                <when test="criterion.betweenValue">
                  and ${criterion.condition} #{criterion.value} and #{criterion.secondValue}
                </when>
                <when test="criterion.listValue">
                  and ${criterion.condition}
                  <foreach close=")" collection="criterion.value" item="listItem" open="(" separator=",">
                    #{listItem}
                  </foreach>
                </when>
              </choose>
            </foreach>
          </trim>
        </if>
      </foreach>
    </where>
  </sql>
  <sql id="Base_Column_List">
    <!--
      WARNING - @mbg.generated
      This element is automatically generated by MyBatis Generator, do not modify.
      This element was generated on Thu Sep 22 18:10:50 KST 2016.
    -->
    INST_PLACE_NUM, UPD_DTM, UPD_EMPID, UPD_IP, CRT_DTM, CRT_EMPID, CRT_IP, BUILT_IN_YN, 
    SQUARE_METER, SUPPLY_APPRO_YMD, DEADLINE_FLAG, GMTR_BASE_DAY, BLD_FLOOR, HOUSE_CNT, 
    ETC_ADDR, CURR_ADDR_UNION, NEW_ADDR_UNION, SPECIAL_NUM, CITY_ASSN_SPECI_YN, ORIG_SUPPLY_CONT_YMD, 
    INST_PLACE_DEL_YMD, INST_PLACE_DEL_WHY, ZIP_SEQ, RMK, DATA_COL_TYPE, GROUP_NUM, BURY_PIPE_MATER, 
    BURY_PIPE_LENGTH, BURY_PIPE_LOC, HIDDEN_PIPE_MATER, HIDDEN_PIPE_LENGTH, HIDDEN_PIPE_LOC, 
    HIDDEN_PIPE_CHK_REGION, HIDDEN_PIPE_SAFETY_ACT_METHOD, PIPE_LOC_EXPR, BURY_YN, HIDDEN_YN, 
    ORG_DEADLINE_FLAG, ORG_GMTR_BASE_DAY, PROTE_FACI_GRD, PARCEL_OUT_YN
  </sql>
  <select id="selectByExample" parameterType="scg.c24.biz.db.gen.model.C3atInstPlaceExample" resultMap="BaseResultMap">
    <!--
      WARNING - @mbg.generated
      This element is automatically generated by MyBatis Generator, do not modify.
      This element was generated on Thu Sep 22 18:10:50 KST 2016.
    -->
    select
    <if test="distinct">
      distinct
    </if>
    <include refid="Base_Column_List" />
    from C31.C3AT_INST_PLACE
    <if test="_parameter != null">
      <include refid="Example_Where_Clause" />
    </if>
    <if test="orderByClause != null">
      order by ${orderByClause}
    </if>
  </select>
  <select id="selectByPrimaryKey" parameterType="java.lang.String" resultMap="BaseResultMap">
    <!--
      WARNING - @mbg.generated
      This element is automatically generated by MyBatis Generator, do not modify.
      This element was generated on Thu Sep 22 18:10:50 KST 2016.
    -->
    select 
    <include refid="Base_Column_List" />
    from C31.C3AT_INST_PLACE
    where INST_PLACE_NUM = #{instPlaceNum,jdbcType=CHAR}
  </select>
  <delete id="deleteByPrimaryKey" parameterType="java.lang.String">
    <!--
      WARNING - @mbg.generated
      This element is automatically generated by MyBatis Generator, do not modify.
      This element was generated on Thu Sep 22 18:10:50 KST 2016.
    -->
    delete from C31.C3AT_INST_PLACE
    where INST_PLACE_NUM = #{instPlaceNum,jdbcType=CHAR}
  </delete>
  <delete id="deleteByExample" parameterType="scg.c24.biz.db.gen.model.C3atInstPlaceExample">
    <!--
      WARNING - @mbg.generated
      This element is automatically generated by MyBatis Generator, do not modify.
      This element was generated on Thu Sep 22 18:10:50 KST 2016.
    -->
    delete from C31.C3AT_INST_PLACE
    <if test="_parameter != null">
      <include refid="Example_Where_Clause" />
    </if>
  </delete>
  <insert id="insert" parameterType="scg.c24.biz.db.gen.model.C3atInstPlace">
    <!--
      WARNING - @mbg.generated
      This element is automatically generated by MyBatis Generator, do not modify.
      This element was generated on Thu Sep 22 18:10:50 KST 2016.
    -->
    insert into C31.C3AT_INST_PLACE (INST_PLACE_NUM, UPD_DTM, UPD_EMPID, 
      UPD_IP, CRT_DTM, CRT_EMPID, 
      CRT_IP, BUILT_IN_YN, SQUARE_METER, 
      SUPPLY_APPRO_YMD, DEADLINE_FLAG, GMTR_BASE_DAY, 
      BLD_FLOOR, HOUSE_CNT, ETC_ADDR, 
      CURR_ADDR_UNION, NEW_ADDR_UNION, SPECIAL_NUM, 
      CITY_ASSN_SPECI_YN, ORIG_SUPPLY_CONT_YMD, INST_PLACE_DEL_YMD, 
      INST_PLACE_DEL_WHY, ZIP_SEQ, RMK, 
      DATA_COL_TYPE, GROUP_NUM, BURY_PIPE_MATER, 
      BURY_PIPE_LENGTH, BURY_PIPE_LOC, HIDDEN_PIPE_MATER, 
      HIDDEN_PIPE_LENGTH, HIDDEN_PIPE_LOC, HIDDEN_PIPE_CHK_REGION, 
      HIDDEN_PIPE_SAFETY_ACT_METHOD, PIPE_LOC_EXPR, BURY_YN, 
      HIDDEN_YN, ORG_DEADLINE_FLAG, ORG_GMTR_BASE_DAY, 
      PROTE_FACI_GRD, PARCEL_OUT_YN)
    values (#{instPlaceNum,jdbcType=CHAR}, #{updDtm,jdbcType=TIMESTAMP}, #{updEmpid,jdbcType=CHAR}, 
      #{updIp,jdbcType=VARCHAR}, #{crtDtm,jdbcType=TIMESTAMP}, #{crtEmpid,jdbcType=CHAR}, 
      #{crtIp,jdbcType=VARCHAR}, #{builtInYn,jdbcType=CHAR}, #{squareMeter,jdbcType=CHAR}, 
      #{supplyApproYmd,jdbcType=CHAR}, #{deadlineFlag,jdbcType=CHAR}, #{gmtrBaseDay,jdbcType=CHAR}, 
      #{bldFloor,jdbcType=VARCHAR}, #{houseCnt,jdbcType=VARCHAR}, #{etcAddr,jdbcType=VARCHAR}, 
      #{currAddrUnion,jdbcType=VARCHAR}, #{newAddrUnion,jdbcType=VARCHAR}, #{specialNum,jdbcType=CHAR}, 
      #{cityAssnSpeciYn,jdbcType=CHAR}, #{origSupplyContYmd,jdbcType=CHAR}, #{instPlaceDelYmd,jdbcType=CHAR}, 
      #{instPlaceDelWhy,jdbcType=CHAR}, #{zipSeq,jdbcType=CHAR}, #{rmk,jdbcType=VARCHAR}, 
      #{dataColType,jdbcType=CHAR}, #{groupNum,jdbcType=VARCHAR}, #{buryPipeMater,jdbcType=CHAR}, 
      #{buryPipeLength,jdbcType=DECIMAL}, #{buryPipeLoc,jdbcType=CHAR}, #{hiddenPipeMater,jdbcType=CHAR}, 
      #{hiddenPipeLength,jdbcType=DECIMAL}, #{hiddenPipeLoc,jdbcType=CHAR}, #{hiddenPipeChkRegion,jdbcType=DECIMAL}, 
      #{hiddenPipeSafetyActMethod,jdbcType=CHAR}, #{pipeLocExpr,jdbcType=CHAR}, #{buryYn,jdbcType=CHAR}, 
      #{hiddenYn,jdbcType=CHAR}, #{orgDeadlineFlag,jdbcType=CHAR}, #{orgGmtrBaseDay,jdbcType=CHAR}, 
      #{proteFaciGrd,jdbcType=CHAR}, #{parcelOutYn,jdbcType=CHAR})
  </insert>
  <insert id="insertSelective" parameterType="scg.c24.biz.db.gen.model.C3atInstPlace">
    <!--
      WARNING - @mbg.generated
      This element is automatically generated by MyBatis Generator, do not modify.
      This element was generated on Thu Sep 22 18:10:50 KST 2016.
    -->
    insert into C31.C3AT_INST_PLACE
    <trim prefix="(" suffix=")" suffixOverrides=",">
      <if test="instPlaceNum != null">
        INST_PLACE_NUM,
      </if>
      <if test="updDtm != null">
        UPD_DTM,
      </if>
      <if test="updEmpid != null">
        UPD_EMPID,
      </if>
      <if test="updIp != null">
        UPD_IP,
      </if>
      <if test="crtDtm != null">
        CRT_DTM,
      </if>
      <if test="crtEmpid != null">
        CRT_EMPID,
      </if>
      <if test="crtIp != null">
        CRT_IP,
      </if>
      <if test="builtInYn != null">
        BUILT_IN_YN,
      </if>
      <if test="squareMeter != null">
        SQUARE_METER,
      </if>
      <if test="supplyApproYmd != null">
        SUPPLY_APPRO_YMD,
      </if>
      <if test="deadlineFlag != null">
        DEADLINE_FLAG,
      </if>
      <if test="gmtrBaseDay != null">
        GMTR_BASE_DAY,
      </if>
      <if test="bldFloor != null">
        BLD_FLOOR,
      </if>
      <if test="houseCnt != null">
        HOUSE_CNT,
      </if>
      <if test="etcAddr != null">
        ETC_ADDR,
      </if>
      <if test="currAddrUnion != null">
        CURR_ADDR_UNION,
      </if>
      <if test="newAddrUnion != null">
        NEW_ADDR_UNION,
      </if>
      <if test="specialNum != null">
        SPECIAL_NUM,
      </if>
      <if test="cityAssnSpeciYn != null">
        CITY_ASSN_SPECI_YN,
      </if>
      <if test="origSupplyContYmd != null">
        ORIG_SUPPLY_CONT_YMD,
      </if>
      <if test="instPlaceDelYmd != null">
        INST_PLACE_DEL_YMD,
      </if>
      <if test="instPlaceDelWhy != null">
        INST_PLACE_DEL_WHY,
      </if>
      <if test="zipSeq != null">
        ZIP_SEQ,
      </if>
      <if test="rmk != null">
        RMK,
      </if>
      <if test="dataColType != null">
        DATA_COL_TYPE,
      </if>
      <if test="groupNum != null">
        GROUP_NUM,
      </if>
      <if test="buryPipeMater != null">
        BURY_PIPE_MATER,
      </if>
      <if test="buryPipeLength != null">
        BURY_PIPE_LENGTH,
      </if>
      <if test="buryPipeLoc != null">
        BURY_PIPE_LOC,
      </if>
      <if test="hiddenPipeMater != null">
        HIDDEN_PIPE_MATER,
      </if>
      <if test="hiddenPipeLength != null">
        HIDDEN_PIPE_LENGTH,
      </if>
      <if test="hiddenPipeLoc != null">
        HIDDEN_PIPE_LOC,
      </if>
      <if test="hiddenPipeChkRegion != null">
        HIDDEN_PIPE_CHK_REGION,
      </if>
      <if test="hiddenPipeSafetyActMethod != null">
        HIDDEN_PIPE_SAFETY_ACT_METHOD,
      </if>
      <if test="pipeLocExpr != null">
        PIPE_LOC_EXPR,
      </if>
      <if test="buryYn != null">
        BURY_YN,
      </if>
      <if test="hiddenYn != null">
        HIDDEN_YN,
      </if>
      <if test="orgDeadlineFlag != null">
        ORG_DEADLINE_FLAG,
      </if>
      <if test="orgGmtrBaseDay != null">
        ORG_GMTR_BASE_DAY,
      </if>
      <if test="proteFaciGrd != null">
        PROTE_FACI_GRD,
      </if>
      <if test="parcelOutYn != null">
        PARCEL_OUT_YN,
      </if>
    </trim>
    <trim prefix="values (" suffix=")" suffixOverrides=",">
      <if test="instPlaceNum != null">
        #{instPlaceNum,jdbcType=CHAR},
      </if>
      <if test="updDtm != null">
        #{updDtm,jdbcType=TIMESTAMP},
      </if>
      <if test="updEmpid != null">
        #{updEmpid,jdbcType=CHAR},
      </if>
      <if test="updIp != null">
        #{updIp,jdbcType=VARCHAR},
      </if>
      <if test="crtDtm != null">
        #{crtDtm,jdbcType=TIMESTAMP},
      </if>
      <if test="crtEmpid != null">
        #{crtEmpid,jdbcType=CHAR},
      </if>
      <if test="crtIp != null">
        #{crtIp,jdbcType=VARCHAR},
      </if>
      <if test="builtInYn != null">
        #{builtInYn,jdbcType=CHAR},
      </if>
      <if test="squareMeter != null">
        #{squareMeter,jdbcType=CHAR},
      </if>
      <if test="supplyApproYmd != null">
        #{supplyApproYmd,jdbcType=CHAR},
      </if>
      <if test="deadlineFlag != null">
        #{deadlineFlag,jdbcType=CHAR},
      </if>
      <if test="gmtrBaseDay != null">
        #{gmtrBaseDay,jdbcType=CHAR},
      </if>
      <if test="bldFloor != null">
        #{bldFloor,jdbcType=VARCHAR},
      </if>
      <if test="houseCnt != null">
        #{houseCnt,jdbcType=VARCHAR},
      </if>
      <if test="etcAddr != null">
        #{etcAddr,jdbcType=VARCHAR},
      </if>
      <if test="currAddrUnion != null">
        #{currAddrUnion,jdbcType=VARCHAR},
      </if>
      <if test="newAddrUnion != null">
        #{newAddrUnion,jdbcType=VARCHAR},
      </if>
      <if test="specialNum != null">
        #{specialNum,jdbcType=CHAR},
      </if>
      <if test="cityAssnSpeciYn != null">
        #{cityAssnSpeciYn,jdbcType=CHAR},
      </if>
      <if test="origSupplyContYmd != null">
        #{origSupplyContYmd,jdbcType=CHAR},
      </if>
      <if test="instPlaceDelYmd != null">
        #{instPlaceDelYmd,jdbcType=CHAR},
      </if>
      <if test="instPlaceDelWhy != null">
        #{instPlaceDelWhy,jdbcType=CHAR},
      </if>
      <if test="zipSeq != null">
        #{zipSeq,jdbcType=CHAR},
      </if>
      <if test="rmk != null">
        #{rmk,jdbcType=VARCHAR},
      </if>
      <if test="dataColType != null">
        #{dataColType,jdbcType=CHAR},
      </if>
      <if test="groupNum != null">
        #{groupNum,jdbcType=VARCHAR},
      </if>
      <if test="buryPipeMater != null">
        #{buryPipeMater,jdbcType=CHAR},
      </if>
      <if test="buryPipeLength != null">
        #{buryPipeLength,jdbcType=DECIMAL},
      </if>
      <if test="buryPipeLoc != null">
        #{buryPipeLoc,jdbcType=CHAR},
      </if>
      <if test="hiddenPipeMater != null">
        #{hiddenPipeMater,jdbcType=CHAR},
      </if>
      <if test="hiddenPipeLength != null">
        #{hiddenPipeLength,jdbcType=DECIMAL},
      </if>
      <if test="hiddenPipeLoc != null">
        #{hiddenPipeLoc,jdbcType=CHAR},
      </if>
      <if test="hiddenPipeChkRegion != null">
        #{hiddenPipeChkRegion,jdbcType=DECIMAL},
      </if>
      <if test="hiddenPipeSafetyActMethod != null">
        #{hiddenPipeSafetyActMethod,jdbcType=CHAR},
      </if>
      <if test="pipeLocExpr != null">
        #{pipeLocExpr,jdbcType=CHAR},
      </if>
      <if test="buryYn != null">
        #{buryYn,jdbcType=CHAR},
      </if>
      <if test="hiddenYn != null">
        #{hiddenYn,jdbcType=CHAR},
      </if>
      <if test="orgDeadlineFlag != null">
        #{orgDeadlineFlag,jdbcType=CHAR},
      </if>
      <if test="orgGmtrBaseDay != null">
        #{orgGmtrBaseDay,jdbcType=CHAR},
      </if>
      <if test="proteFaciGrd != null">
        #{proteFaciGrd,jdbcType=CHAR},
      </if>
      <if test="parcelOutYn != null">
        #{parcelOutYn,jdbcType=CHAR},
      </if>
    </trim>
  </insert>
  <select id="countByExample" parameterType="scg.c24.biz.db.gen.model.C3atInstPlaceExample" resultType="java.lang.Long">
    <!--
      WARNING - @mbg.generated
      This element is automatically generated by MyBatis Generator, do not modify.
      This element was generated on Thu Sep 22 18:10:50 KST 2016.
    -->
    select count(*) from C31.C3AT_INST_PLACE
    <if test="_parameter != null">
      <include refid="Example_Where_Clause" />
    </if>
  </select>
  <update id="updateByExampleSelective" parameterType="map">
    <!--
      WARNING - @mbg.generated
      This element is automatically generated by MyBatis Generator, do not modify.
      This element was generated on Thu Sep 22 18:10:50 KST 2016.
    -->
    update C31.C3AT_INST_PLACE
    <set>
      <if test="record.instPlaceNum != null">
        INST_PLACE_NUM = #{record.instPlaceNum,jdbcType=CHAR},
      </if>
      <if test="record.updDtm != null">
        UPD_DTM = #{record.updDtm,jdbcType=TIMESTAMP},
      </if>
      <if test="record.updEmpid != null">
        UPD_EMPID = #{record.updEmpid,jdbcType=CHAR},
      </if>
      <if test="record.updIp != null">
        UPD_IP = #{record.updIp,jdbcType=VARCHAR},
      </if>
      <if test="record.crtDtm != null">
        CRT_DTM = #{record.crtDtm,jdbcType=TIMESTAMP},
      </if>
      <if test="record.crtEmpid != null">
        CRT_EMPID = #{record.crtEmpid,jdbcType=CHAR},
      </if>
      <if test="record.crtIp != null">
        CRT_IP = #{record.crtIp,jdbcType=VARCHAR},
      </if>
      <if test="record.builtInYn != null">
        BUILT_IN_YN = #{record.builtInYn,jdbcType=CHAR},
      </if>
      <if test="record.squareMeter != null">
        SQUARE_METER = #{record.squareMeter,jdbcType=CHAR},
      </if>
      <if test="record.supplyApproYmd != null">
        SUPPLY_APPRO_YMD = #{record.supplyApproYmd,jdbcType=CHAR},
      </if>
      <if test="record.deadlineFlag != null">
        DEADLINE_FLAG = #{record.deadlineFlag,jdbcType=CHAR},
      </if>
      <if test="record.gmtrBaseDay != null">
        GMTR_BASE_DAY = #{record.gmtrBaseDay,jdbcType=CHAR},
      </if>
      <if test="record.bldFloor != null">
        BLD_FLOOR = #{record.bldFloor,jdbcType=VARCHAR},
      </if>
      <if test="record.houseCnt != null">
        HOUSE_CNT = #{record.houseCnt,jdbcType=VARCHAR},
      </if>
      <if test="record.etcAddr != null">
        ETC_ADDR = #{record.etcAddr,jdbcType=VARCHAR},
      </if>
      <if test="record.currAddrUnion != null">
        CURR_ADDR_UNION = #{record.currAddrUnion,jdbcType=VARCHAR},
      </if>
      <if test="record.newAddrUnion != null">
        NEW_ADDR_UNION = #{record.newAddrUnion,jdbcType=VARCHAR},
      </if>
      <if test="record.specialNum != null">
        SPECIAL_NUM = #{record.specialNum,jdbcType=CHAR},
      </if>
      <if test="record.cityAssnSpeciYn != null">
        CITY_ASSN_SPECI_YN = #{record.cityAssnSpeciYn,jdbcType=CHAR},
      </if>
      <if test="record.origSupplyContYmd != null">
        ORIG_SUPPLY_CONT_YMD = #{record.origSupplyContYmd,jdbcType=CHAR},
      </if>
      <if test="record.instPlaceDelYmd != null">
        INST_PLACE_DEL_YMD = #{record.instPlaceDelYmd,jdbcType=CHAR},
      </if>
      <if test="record.instPlaceDelWhy != null">
        INST_PLACE_DEL_WHY = #{record.instPlaceDelWhy,jdbcType=CHAR},
      </if>
      <if test="record.zipSeq != null">
        ZIP_SEQ = #{record.zipSeq,jdbcType=CHAR},
      </if>
      <if test="record.rmk != null">
        RMK = #{record.rmk,jdbcType=VARCHAR},
      </if>
      <if test="record.dataColType != null">
        DATA_COL_TYPE = #{record.dataColType,jdbcType=CHAR},
      </if>
      <if test="record.groupNum != null">
        GROUP_NUM = #{record.groupNum,jdbcType=VARCHAR},
      </if>
      <if test="record.buryPipeMater != null">
        BURY_PIPE_MATER = #{record.buryPipeMater,jdbcType=CHAR},
      </if>
      <if test="record.buryPipeLength != null">
        BURY_PIPE_LENGTH = #{record.buryPipeLength,jdbcType=DECIMAL},
      </if>
      <if test="record.buryPipeLoc != null">
        BURY_PIPE_LOC = #{record.buryPipeLoc,jdbcType=CHAR},
      </if>
      <if test="record.hiddenPipeMater != null">
        HIDDEN_PIPE_MATER = #{record.hiddenPipeMater,jdbcType=CHAR},
      </if>
      <if test="record.hiddenPipeLength != null">
        HIDDEN_PIPE_LENGTH = #{record.hiddenPipeLength,jdbcType=DECIMAL},
      </if>
      <if test="record.hiddenPipeLoc != null">
        HIDDEN_PIPE_LOC = #{record.hiddenPipeLoc,jdbcType=CHAR},
      </if>
      <if test="record.hiddenPipeChkRegion != null">
        HIDDEN_PIPE_CHK_REGION = #{record.hiddenPipeChkRegion,jdbcType=DECIMAL},
      </if>
      <if test="record.hiddenPipeSafetyActMethod != null">
        HIDDEN_PIPE_SAFETY_ACT_METHOD = #{record.hiddenPipeSafetyActMethod,jdbcType=CHAR},
      </if>
      <if test="record.pipeLocExpr != null">
        PIPE_LOC_EXPR = #{record.pipeLocExpr,jdbcType=CHAR},
      </if>
      <if test="record.buryYn != null">
        BURY_YN = #{record.buryYn,jdbcType=CHAR},
      </if>
      <if test="record.hiddenYn != null">
        HIDDEN_YN = #{record.hiddenYn,jdbcType=CHAR},
      </if>
      <if test="record.orgDeadlineFlag != null">
        ORG_DEADLINE_FLAG = #{record.orgDeadlineFlag,jdbcType=CHAR},
      </if>
      <if test="record.orgGmtrBaseDay != null">
        ORG_GMTR_BASE_DAY = #{record.orgGmtrBaseDay,jdbcType=CHAR},
      </if>
      <if test="record.proteFaciGrd != null">
        PROTE_FACI_GRD = #{record.proteFaciGrd,jdbcType=CHAR},
      </if>
      <if test="record.parcelOutYn != null">
        PARCEL_OUT_YN = #{record.parcelOutYn,jdbcType=CHAR},
      </if>
    </set>
    <if test="_parameter != null">
      <include refid="Update_By_Example_Where_Clause" />
    </if>
  </update>
  <update id="updateByExample" parameterType="map">
    <!--
      WARNING - @mbg.generated
      This element is automatically generated by MyBatis Generator, do not modify.
      This element was generated on Thu Sep 22 18:10:50 KST 2016.
    -->
    update C31.C3AT_INST_PLACE
    set INST_PLACE_NUM = #{record.instPlaceNum,jdbcType=CHAR},
      UPD_DTM = #{record.updDtm,jdbcType=TIMESTAMP},
      UPD_EMPID = #{record.updEmpid,jdbcType=CHAR},
      UPD_IP = #{record.updIp,jdbcType=VARCHAR},
      CRT_DTM = #{record.crtDtm,jdbcType=TIMESTAMP},
      CRT_EMPID = #{record.crtEmpid,jdbcType=CHAR},
      CRT_IP = #{record.crtIp,jdbcType=VARCHAR},
      BUILT_IN_YN = #{record.builtInYn,jdbcType=CHAR},
      SQUARE_METER = #{record.squareMeter,jdbcType=CHAR},
      SUPPLY_APPRO_YMD = #{record.supplyApproYmd,jdbcType=CHAR},
      DEADLINE_FLAG = #{record.deadlineFlag,jdbcType=CHAR},
      GMTR_BASE_DAY = #{record.gmtrBaseDay,jdbcType=CHAR},
      BLD_FLOOR = #{record.bldFloor,jdbcType=VARCHAR},
      HOUSE_CNT = #{record.houseCnt,jdbcType=VARCHAR},
      ETC_ADDR = #{record.etcAddr,jdbcType=VARCHAR},
      CURR_ADDR_UNION = #{record.currAddrUnion,jdbcType=VARCHAR},
      NEW_ADDR_UNION = #{record.newAddrUnion,jdbcType=VARCHAR},
      SPECIAL_NUM = #{record.specialNum,jdbcType=CHAR},
      CITY_ASSN_SPECI_YN = #{record.cityAssnSpeciYn,jdbcType=CHAR},
      ORIG_SUPPLY_CONT_YMD = #{record.origSupplyContYmd,jdbcType=CHAR},
      INST_PLACE_DEL_YMD = #{record.instPlaceDelYmd,jdbcType=CHAR},
      INST_PLACE_DEL_WHY = #{record.instPlaceDelWhy,jdbcType=CHAR},
      ZIP_SEQ = #{record.zipSeq,jdbcType=CHAR},
      RMK = #{record.rmk,jdbcType=VARCHAR},
      DATA_COL_TYPE = #{record.dataColType,jdbcType=CHAR},
      GROUP_NUM = #{record.groupNum,jdbcType=VARCHAR},
      BURY_PIPE_MATER = #{record.buryPipeMater,jdbcType=CHAR},
      BURY_PIPE_LENGTH = #{record.buryPipeLength,jdbcType=DECIMAL},
      BURY_PIPE_LOC = #{record.buryPipeLoc,jdbcType=CHAR},
      HIDDEN_PIPE_MATER = #{record.hiddenPipeMater,jdbcType=CHAR},
      HIDDEN_PIPE_LENGTH = #{record.hiddenPipeLength,jdbcType=DECIMAL},
      HIDDEN_PIPE_LOC = #{record.hiddenPipeLoc,jdbcType=CHAR},
      HIDDEN_PIPE_CHK_REGION = #{record.hiddenPipeChkRegion,jdbcType=DECIMAL},
      HIDDEN_PIPE_SAFETY_ACT_METHOD = #{record.hiddenPipeSafetyActMethod,jdbcType=CHAR},
      PIPE_LOC_EXPR = #{record.pipeLocExpr,jdbcType=CHAR},
      BURY_YN = #{record.buryYn,jdbcType=CHAR},
      HIDDEN_YN = #{record.hiddenYn,jdbcType=CHAR},
      ORG_DEADLINE_FLAG = #{record.orgDeadlineFlag,jdbcType=CHAR},
      ORG_GMTR_BASE_DAY = #{record.orgGmtrBaseDay,jdbcType=CHAR},
      PROTE_FACI_GRD = #{record.proteFaciGrd,jdbcType=CHAR},
      PARCEL_OUT_YN = #{record.parcelOutYn,jdbcType=CHAR}
    <if test="_parameter != null">
      <include refid="Update_By_Example_Where_Clause" />
    </if>
  </update>
  <update id="updateByPrimaryKeySelective" parameterType="scg.c24.biz.db.gen.model.C3atInstPlace">
    <!--
      WARNING - @mbg.generated
      This element is automatically generated by MyBatis Generator, do not modify.
      This element was generated on Thu Sep 22 18:10:50 KST 2016.
    -->
    update C31.C3AT_INST_PLACE
    <set>
      <if test="updDtm != null">
        UPD_DTM = #{updDtm,jdbcType=TIMESTAMP},
      </if>
      <if test="updEmpid != null">
        UPD_EMPID = #{updEmpid,jdbcType=CHAR},
      </if>
      <if test="updIp != null">
        UPD_IP = #{updIp,jdbcType=VARCHAR},
      </if>
      <if test="crtDtm != null">
        CRT_DTM = #{crtDtm,jdbcType=TIMESTAMP},
      </if>
      <if test="crtEmpid != null">
        CRT_EMPID = #{crtEmpid,jdbcType=CHAR},
      </if>
      <if test="crtIp != null">
        CRT_IP = #{crtIp,jdbcType=VARCHAR},
      </if>
      <if test="builtInYn != null">
        BUILT_IN_YN = #{builtInYn,jdbcType=CHAR},
      </if>
      <if test="squareMeter != null">
        SQUARE_METER = #{squareMeter,jdbcType=CHAR},
      </if>
      <if test="supplyApproYmd != null">
        SUPPLY_APPRO_YMD = #{supplyApproYmd,jdbcType=CHAR},
      </if>
      <if test="deadlineFlag != null">
        DEADLINE_FLAG = #{deadlineFlag,jdbcType=CHAR},
      </if>
      <if test="gmtrBaseDay != null">
        GMTR_BASE_DAY = #{gmtrBaseDay,jdbcType=CHAR},
      </if>
      <if test="bldFloor != null">
        BLD_FLOOR = #{bldFloor,jdbcType=VARCHAR},
      </if>
      <if test="houseCnt != null">
        HOUSE_CNT = #{houseCnt,jdbcType=VARCHAR},
      </if>
      <if test="etcAddr != null">
        ETC_ADDR = #{etcAddr,jdbcType=VARCHAR},
      </if>
      <if test="currAddrUnion != null">
        CURR_ADDR_UNION = #{currAddrUnion,jdbcType=VARCHAR},
      </if>
      <if test="newAddrUnion != null">
        NEW_ADDR_UNION = #{newAddrUnion,jdbcType=VARCHAR},
      </if>
      <if test="specialNum != null">
        SPECIAL_NUM = #{specialNum,jdbcType=CHAR},
      </if>
      <if test="cityAssnSpeciYn != null">
        CITY_ASSN_SPECI_YN = #{cityAssnSpeciYn,jdbcType=CHAR},
      </if>
      <if test="origSupplyContYmd != null">
        ORIG_SUPPLY_CONT_YMD = #{origSupplyContYmd,jdbcType=CHAR},
      </if>
      <if test="instPlaceDelYmd != null">
        INST_PLACE_DEL_YMD = #{instPlaceDelYmd,jdbcType=CHAR},
      </if>
      <if test="instPlaceDelWhy != null">
        INST_PLACE_DEL_WHY = #{instPlaceDelWhy,jdbcType=CHAR},
      </if>
      <if test="zipSeq != null">
        ZIP_SEQ = #{zipSeq,jdbcType=CHAR},
      </if>
      <if test="rmk != null">
        RMK = #{rmk,jdbcType=VARCHAR},
      </if>
      <if test="dataColType != null">
        DATA_COL_TYPE = #{dataColType,jdbcType=CHAR},
      </if>
      <if test="groupNum != null">
        GROUP_NUM = #{groupNum,jdbcType=VARCHAR},
      </if>
      <if test="buryPipeMater != null">
        BURY_PIPE_MATER = #{buryPipeMater,jdbcType=CHAR},
      </if>
      <if test="buryPipeLength != null">
        BURY_PIPE_LENGTH = #{buryPipeLength,jdbcType=DECIMAL},
      </if>
      <if test="buryPipeLoc != null">
        BURY_PIPE_LOC = #{buryPipeLoc,jdbcType=CHAR},
      </if>
      <if test="hiddenPipeMater != null">
        HIDDEN_PIPE_MATER = #{hiddenPipeMater,jdbcType=CHAR},
      </if>
      <if test="hiddenPipeLength != null">
        HIDDEN_PIPE_LENGTH = #{hiddenPipeLength,jdbcType=DECIMAL},
      </if>
      <if test="hiddenPipeLoc != null">
        HIDDEN_PIPE_LOC = #{hiddenPipeLoc,jdbcType=CHAR},
      </if>
      <if test="hiddenPipeChkRegion != null">
        HIDDEN_PIPE_CHK_REGION = #{hiddenPipeChkRegion,jdbcType=DECIMAL},
      </if>
      <if test="hiddenPipeSafetyActMethod != null">
        HIDDEN_PIPE_SAFETY_ACT_METHOD = #{hiddenPipeSafetyActMethod,jdbcType=CHAR},
      </if>
      <if test="pipeLocExpr != null">
        PIPE_LOC_EXPR = #{pipeLocExpr,jdbcType=CHAR},
      </if>
      <if test="buryYn != null">
        BURY_YN = #{buryYn,jdbcType=CHAR},
      </if>
      <if test="hiddenYn != null">
        HIDDEN_YN = #{hiddenYn,jdbcType=CHAR},
      </if>
      <if test="orgDeadlineFlag != null">
        ORG_DEADLINE_FLAG = #{orgDeadlineFlag,jdbcType=CHAR},
      </if>
      <if test="orgGmtrBaseDay != null">
        ORG_GMTR_BASE_DAY = #{orgGmtrBaseDay,jdbcType=CHAR},
      </if>
      <if test="proteFaciGrd != null">
        PROTE_FACI_GRD = #{proteFaciGrd,jdbcType=CHAR},
      </if>
      <if test="parcelOutYn != null">
        PARCEL_OUT_YN = #{parcelOutYn,jdbcType=CHAR},
      </if>
    </set>
    where INST_PLACE_NUM = #{instPlaceNum,jdbcType=CHAR}
  </update>
  <update id="updateByPrimaryKey" parameterType="scg.c24.biz.db.gen.model.C3atInstPlace">
    <!--
      WARNING - @mbg.generated
      This element is automatically generated by MyBatis Generator, do not modify.
      This element was generated on Thu Sep 22 18:10:50 KST 2016.
    -->
    update C31.C3AT_INST_PLACE
    set UPD_DTM = #{updDtm,jdbcType=TIMESTAMP},
      UPD_EMPID = #{updEmpid,jdbcType=CHAR},
      UPD_IP = #{updIp,jdbcType=VARCHAR},
      CRT_DTM = #{crtDtm,jdbcType=TIMESTAMP},
      CRT_EMPID = #{crtEmpid,jdbcType=CHAR},
      CRT_IP = #{crtIp,jdbcType=VARCHAR},
      BUILT_IN_YN = #{builtInYn,jdbcType=CHAR},
      SQUARE_METER = #{squareMeter,jdbcType=CHAR},
      SUPPLY_APPRO_YMD = #{supplyApproYmd,jdbcType=CHAR},
      DEADLINE_FLAG = #{deadlineFlag,jdbcType=CHAR},
      GMTR_BASE_DAY = #{gmtrBaseDay,jdbcType=CHAR},
      BLD_FLOOR = #{bldFloor,jdbcType=VARCHAR},
      HOUSE_CNT = #{houseCnt,jdbcType=VARCHAR},
      ETC_ADDR = #{etcAddr,jdbcType=VARCHAR},
      CURR_ADDR_UNION = #{currAddrUnion,jdbcType=VARCHAR},
      NEW_ADDR_UNION = #{newAddrUnion,jdbcType=VARCHAR},
      SPECIAL_NUM = #{specialNum,jdbcType=CHAR},
      CITY_ASSN_SPECI_YN = #{cityAssnSpeciYn,jdbcType=CHAR},
      ORIG_SUPPLY_CONT_YMD = #{origSupplyContYmd,jdbcType=CHAR},
      INST_PLACE_DEL_YMD = #{instPlaceDelYmd,jdbcType=CHAR},
      INST_PLACE_DEL_WHY = #{instPlaceDelWhy,jdbcType=CHAR},
      ZIP_SEQ = #{zipSeq,jdbcType=CHAR},
      RMK = #{rmk,jdbcType=VARCHAR},
      DATA_COL_TYPE = #{dataColType,jdbcType=CHAR},
      GROUP_NUM = #{groupNum,jdbcType=VARCHAR},
      BURY_PIPE_MATER = #{buryPipeMater,jdbcType=CHAR},
      BURY_PIPE_LENGTH = #{buryPipeLength,jdbcType=DECIMAL},
      BURY_PIPE_LOC = #{buryPipeLoc,jdbcType=CHAR},
      HIDDEN_PIPE_MATER = #{hiddenPipeMater,jdbcType=CHAR},
      HIDDEN_PIPE_LENGTH = #{hiddenPipeLength,jdbcType=DECIMAL},
      HIDDEN_PIPE_LOC = #{hiddenPipeLoc,jdbcType=CHAR},
      HIDDEN_PIPE_CHK_REGION = #{hiddenPipeChkRegion,jdbcType=DECIMAL},
      HIDDEN_PIPE_SAFETY_ACT_METHOD = #{hiddenPipeSafetyActMethod,jdbcType=CHAR},
      PIPE_LOC_EXPR = #{pipeLocExpr,jdbcType=CHAR},
      BURY_YN = #{buryYn,jdbcType=CHAR},
      HIDDEN_YN = #{hiddenYn,jdbcType=CHAR},
      ORG_DEADLINE_FLAG = #{orgDeadlineFlag,jdbcType=CHAR},
      ORG_GMTR_BASE_DAY = #{orgGmtrBaseDay,jdbcType=CHAR},
      PROTE_FACI_GRD = #{proteFaciGrd,jdbcType=CHAR},
      PARCEL_OUT_YN = #{parcelOutYn,jdbcType=CHAR}
    where INST_PLACE_NUM = #{instPlaceNum,jdbcType=CHAR}
  </update>
</mapper>