<?xml version="1.0" encoding="UTF-8"?>
<!DOCTYPE mapper PUBLIC "-//mybatis.org//DTD Mapper 3.0//EN" "http://mybatis.org/dtd/mybatis-3-mapper.dtd">
<mapper namespace="scg.c24.biz.db.gen.model.ScsTransReqMapper">
  <resultMap id="BaseResultMap" type="scg.c24.biz.db.gen.model.ScsTransReq">
    <!--
      WARNING - @mbg.generated
      This element is automatically generated by MyBatis Generator, do not modify.
      This element was generated on Thu Sep 22 18:10:50 KST 2016.
    -->
    <id column="CUS_CID" jdbcType="VARCHAR" property="cusCid" />
    <id column="REQ_YMD" jdbcType="CHAR" property="reqYmd" />
    <id column="SEQ" jdbcType="DECIMAL" property="seq" />
    <result column="UPD_DTM" jdbcType="TIMESTAMP" property="updDtm" />
    <result column="UPD_EMPID" jdbcType="CHAR" property="updEmpid" />
    <result column="UPD_IP" jdbcType="VARCHAR" property="updIp" />
    <result column="CRT_DTM" jdbcType="TIMESTAMP" property="crtDtm" />
    <result column="CRT_EMPID" jdbcType="CHAR" property="crtEmpid" />
    <result column="CRT_IP" jdbcType="VARCHAR" property="crtIp" />
    <result column="CUST_NUM" jdbcType="CHAR" property="custNum" />
    <result column="USE_CONT_NUM" jdbcType="CHAR" property="useContNum" />
    <result column="DEFRAY_ACCOUNT_NUM" jdbcType="VARCHAR" property="defrayAccountNum" />
    <result column="TRANS_REQ_FLAG" jdbcType="CHAR" property="transReqFlag" />
  </resultMap>
  <sql id="Example_Where_Clause">
    <!--
      WARNING - @mbg.generated
      This element is automatically generated by MyBatis Generator, do not modify.
      This element was generated on Thu Sep 22 18:10:50 KST 2016.
    -->
    <where>
      <foreach collection="oredCriteria" item="criteria" separator="or">
        <if test="criteria.valid">
          <trim prefix="(" prefixOverrides="and" suffix=")">
            <foreach collection="criteria.criteria" item="criterion">
              <choose>
                <when test="criterion.noValue">
                  and ${criterion.condition}
                </when>
                <when test="criterion.singleValue">
                  and ${criterion.condition} #{criterion.value}
                </when>
                <when test="criterion.betweenValue">
                  and ${criterion.condition} #{criterion.value} and #{criterion.secondValue}
                </when>
                <when test="criterion.listValue">
                  and ${criterion.condition}
                  <foreach close=")" collection="criterion.value" item="listItem" open="(" separator=",">
                    #{listItem}
                  </foreach>
                </when>
              </choose>
            </foreach>
          </trim>
        </if>
      </foreach>
    </where>
  </sql>
  <sql id="Update_By_Example_Where_Clause">
    <!--
      WARNING - @mbg.generated
      This element is automatically generated by MyBatis Generator, do not modify.
      This element was generated on Thu Sep 22 18:10:50 KST 2016.
    -->
    <where>
      <foreach collection="example.oredCriteria" item="criteria" separator="or">
        <if test="criteria.valid">
          <trim prefix="(" prefixOverrides="and" suffix=")">
            <foreach collection="criteria.criteria" item="criterion">
              <choose>
                <when test="criterion.noValue">
                  and ${criterion.condition}
                </when>
                <when test="criterion.singleValue">
                  and ${criterion.condition} #{criterion.value}
                </when>
                <when test="criterion.betweenValue">
                  and ${criterion.condition} #{criterion.value} and #{criterion.secondValue}
                </when>
                <when test="criterion.listValue">
                  and ${criterion.condition}
                  <foreach close=")" collection="criterion.value" item="listItem" open="(" separator=",">
                    #{listItem}
                  </foreach>
                </when>
              </choose>
            </foreach>
          </trim>
        </if>
      </foreach>
    </where>
  </sql>
  <sql id="Base_Column_List">
    <!--
      WARNING - @mbg.generated
      This element is automatically generated by MyBatis Generator, do not modify.
      This element was generated on Thu Sep 22 18:10:50 KST 2016.
    -->
    CUS_CID, REQ_YMD, SEQ, UPD_DTM, UPD_EMPID, UPD_IP, CRT_DTM, CRT_EMPID, CRT_IP, CUST_NUM, 
    USE_CONT_NUM, DEFRAY_ACCOUNT_NUM, TRANS_REQ_FLAG
  </sql>
  <select id="selectByExample" parameterType="scg.c24.biz.db.gen.model.ScsTransReqExample" resultMap="BaseResultMap">
    <!--
      WARNING - @mbg.generated
      This element is automatically generated by MyBatis Generator, do not modify.
      This element was generated on Thu Sep 22 18:10:50 KST 2016.
    -->
    select
    <if test="distinct">
      distinct
    </if>
    <include refid="Base_Column_List" />
    from H11.SCS_TRANS_REQ
    <if test="_parameter != null">
      <include refid="Example_Where_Clause" />
    </if>
    <if test="orderByClause != null">
      order by ${orderByClause}
    </if>
  </select>
  <select id="selectByPrimaryKey" parameterType="scg.c24.biz.db.gen.model.ScsTransReqKey" resultMap="BaseResultMap">
    <!--
      WARNING - @mbg.generated
      This element is automatically generated by MyBatis Generator, do not modify.
      This element was generated on Thu Sep 22 18:10:50 KST 2016.
    -->
    select 
    <include refid="Base_Column_List" />
    from H11.SCS_TRANS_REQ
    where CUS_CID = #{cusCid,jdbcType=VARCHAR}
      and REQ_YMD = #{reqYmd,jdbcType=CHAR}
      and SEQ = #{seq,jdbcType=DECIMAL}
  </select>
  <delete id="deleteByPrimaryKey" parameterType="scg.c24.biz.db.gen.model.ScsTransReqKey">
    <!--
      WARNING - @mbg.generated
      This element is automatically generated by MyBatis Generator, do not modify.
      This element was generated on Thu Sep 22 18:10:50 KST 2016.
    -->
    delete from H11.SCS_TRANS_REQ
    where CUS_CID = #{cusCid,jdbcType=VARCHAR}
      and REQ_YMD = #{reqYmd,jdbcType=CHAR}
      and SEQ = #{seq,jdbcType=DECIMAL}
  </delete>
  <delete id="deleteByExample" parameterType="scg.c24.biz.db.gen.model.ScsTransReqExample">
    <!--
      WARNING - @mbg.generated
      This element is automatically generated by MyBatis Generator, do not modify.
      This element was generated on Thu Sep 22 18:10:50 KST 2016.
    -->
    delete from H11.SCS_TRANS_REQ
    <if test="_parameter != null">
      <include refid="Example_Where_Clause" />
    </if>
  </delete>
  <insert id="insert" parameterType="scg.c24.biz.db.gen.model.ScsTransReq">
    <!--
      WARNING - @mbg.generated
      This element is automatically generated by MyBatis Generator, do not modify.
      This element was generated on Thu Sep 22 18:10:50 KST 2016.
    -->
    insert into H11.SCS_TRANS_REQ (CUS_CID, REQ_YMD, SEQ, 
      UPD_DTM, UPD_EMPID, UPD_IP, 
      CRT_DTM, CRT_EMPID, CRT_IP, 
      CUST_NUM, USE_CONT_NUM, DEFRAY_ACCOUNT_NUM, 
      TRANS_REQ_FLAG)
    values (#{cusCid,jdbcType=VARCHAR}, #{reqYmd,jdbcType=CHAR}, #{seq,jdbcType=DECIMAL}, 
      #{updDtm,jdbcType=TIMESTAMP}, #{updEmpid,jdbcType=CHAR}, #{updIp,jdbcType=VARCHAR}, 
      #{crtDtm,jdbcType=TIMESTAMP}, #{crtEmpid,jdbcType=CHAR}, #{crtIp,jdbcType=VARCHAR}, 
      #{custNum,jdbcType=CHAR}, #{useContNum,jdbcType=CHAR}, #{defrayAccountNum,jdbcType=VARCHAR}, 
      #{transReqFlag,jdbcType=CHAR})
  </insert>
  <insert id="insertSelective" parameterType="scg.c24.biz.db.gen.model.ScsTransReq">
    <!--
      WARNING - @mbg.generated
      This element is automatically generated by MyBatis Generator, do not modify.
      This element was generated on Thu Sep 22 18:10:50 KST 2016.
    -->
    insert into H11.SCS_TRANS_REQ
    <trim prefix="(" suffix=")" suffixOverrides=",">
      <if test="cusCid != null">
        CUS_CID,
      </if>
      <if test="reqYmd != null">
        REQ_YMD,
      </if>
      <if test="seq != null">
        SEQ,
      </if>
      <if test="updDtm != null">
        UPD_DTM,
      </if>
      <if test="updEmpid != null">
        UPD_EMPID,
      </if>
      <if test="updIp != null">
        UPD_IP,
      </if>
      <if test="crtDtm != null">
        CRT_DTM,
      </if>
      <if test="crtEmpid != null">
        CRT_EMPID,
      </if>
      <if test="crtIp != null">
        CRT_IP,
      </if>
      <if test="custNum != null">
        CUST_NUM,
      </if>
      <if test="useContNum != null">
        USE_CONT_NUM,
      </if>
      <if test="defrayAccountNum != null">
        DEFRAY_ACCOUNT_NUM,
      </if>
      <if test="transReqFlag != null">
        TRANS_REQ_FLAG,
      </if>
    </trim>
    <trim prefix="values (" suffix=")" suffixOverrides=",">
      <if test="cusCid != null">
        #{cusCid,jdbcType=VARCHAR},
      </if>
      <if test="reqYmd != null">
        #{reqYmd,jdbcType=CHAR},
      </if>
      <if test="seq != null">
        #{seq,jdbcType=DECIMAL},
      </if>
      <if test="updDtm != null">
        #{updDtm,jdbcType=TIMESTAMP},
      </if>
      <if test="updEmpid != null">
        #{updEmpid,jdbcType=CHAR},
      </if>
      <if test="updIp != null">
        #{updIp,jdbcType=VARCHAR},
      </if>
      <if test="crtDtm != null">
        #{crtDtm,jdbcType=TIMESTAMP},
      </if>
      <if test="crtEmpid != null">
        #{crtEmpid,jdbcType=CHAR},
      </if>
      <if test="crtIp != null">
        #{crtIp,jdbcType=VARCHAR},
      </if>
      <if test="custNum != null">
        #{custNum,jdbcType=CHAR},
      </if>
      <if test="useContNum != null">
        #{useContNum,jdbcType=CHAR},
      </if>
      <if test="defrayAccountNum != null">
        #{defrayAccountNum,jdbcType=VARCHAR},
      </if>
      <if test="transReqFlag != null">
        #{transReqFlag,jdbcType=CHAR},
      </if>
    </trim>
  </insert>
  <select id="countByExample" parameterType="scg.c24.biz.db.gen.model.ScsTransReqExample" resultType="java.lang.Long">
    <!--
      WARNING - @mbg.generated
      This element is automatically generated by MyBatis Generator, do not modify.
      This element was generated on Thu Sep 22 18:10:50 KST 2016.
    -->
    select count(*) from H11.SCS_TRANS_REQ
    <if test="_parameter != null">
      <include refid="Example_Where_Clause" />
    </if>
  </select>
  <update id="updateByExampleSelective" parameterType="map">
    <!--
      WARNING - @mbg.generated
      This element is automatically generated by MyBatis Generator, do not modify.
      This element was generated on Thu Sep 22 18:10:50 KST 2016.
    -->
    update H11.SCS_TRANS_REQ
    <set>
      <if test="record.cusCid != null">
        CUS_CID = #{record.cusCid,jdbcType=VARCHAR},
      </if>
      <if test="record.reqYmd != null">
        REQ_YMD = #{record.reqYmd,jdbcType=CHAR},
      </if>
      <if test="record.seq != null">
        SEQ = #{record.seq,jdbcType=DECIMAL},
      </if>
      <if test="record.updDtm != null">
        UPD_DTM = #{record.updDtm,jdbcType=TIMESTAMP},
      </if>
      <if test="record.updEmpid != null">
        UPD_EMPID = #{record.updEmpid,jdbcType=CHAR},
      </if>
      <if test="record.updIp != null">
        UPD_IP = #{record.updIp,jdbcType=VARCHAR},
      </if>
      <if test="record.crtDtm != null">
        CRT_DTM = #{record.crtDtm,jdbcType=TIMESTAMP},
      </if>
      <if test="record.crtEmpid != null">
        CRT_EMPID = #{record.crtEmpid,jdbcType=CHAR},
      </if>
      <if test="record.crtIp != null">
        CRT_IP = #{record.crtIp,jdbcType=VARCHAR},
      </if>
      <if test="record.custNum != null">
        CUST_NUM = #{record.custNum,jdbcType=CHAR},
      </if>
      <if test="record.useContNum != null">
        USE_CONT_NUM = #{record.useContNum,jdbcType=CHAR},
      </if>
      <if test="record.defrayAccountNum != null">
        DEFRAY_ACCOUNT_NUM = #{record.defrayAccountNum,jdbcType=VARCHAR},
      </if>
      <if test="record.transReqFlag != null">
        TRANS_REQ_FLAG = #{record.transReqFlag,jdbcType=CHAR},
      </if>
    </set>
    <if test="_parameter != null">
      <include refid="Update_By_Example_Where_Clause" />
    </if>
  </update>
  <update id="updateByExample" parameterType="map">
    <!--
      WARNING - @mbg.generated
      This element is automatically generated by MyBatis Generator, do not modify.
      This element was generated on Thu Sep 22 18:10:50 KST 2016.
    -->
    update H11.SCS_TRANS_REQ
    set CUS_CID = #{record.cusCid,jdbcType=VARCHAR},
      REQ_YMD = #{record.reqYmd,jdbcType=CHAR},
      SEQ = #{record.seq,jdbcType=DECIMAL},
      UPD_DTM = #{record.updDtm,jdbcType=TIMESTAMP},
      UPD_EMPID = #{record.updEmpid,jdbcType=CHAR},
      UPD_IP = #{record.updIp,jdbcType=VARCHAR},
      CRT_DTM = #{record.crtDtm,jdbcType=TIMESTAMP},
      CRT_EMPID = #{record.crtEmpid,jdbcType=CHAR},
      CRT_IP = #{record.crtIp,jdbcType=VARCHAR},
      CUST_NUM = #{record.custNum,jdbcType=CHAR},
      USE_CONT_NUM = #{record.useContNum,jdbcType=CHAR},
      DEFRAY_ACCOUNT_NUM = #{record.defrayAccountNum,jdbcType=VARCHAR},
      TRANS_REQ_FLAG = #{record.transReqFlag,jdbcType=CHAR}
    <if test="_parameter != null">
      <include refid="Update_By_Example_Where_Clause" />
    </if>
  </update>
  <update id="updateByPrimaryKeySelective" parameterType="scg.c24.biz.db.gen.model.ScsTransReq">
    <!--
      WARNING - @mbg.generated
      This element is automatically generated by MyBatis Generator, do not modify.
      This element was generated on Thu Sep 22 18:10:50 KST 2016.
    -->
    update H11.SCS_TRANS_REQ
    <set>
      <if test="updDtm != null">
        UPD_DTM = #{updDtm,jdbcType=TIMESTAMP},
      </if>
      <if test="updEmpid != null">
        UPD_EMPID = #{updEmpid,jdbcType=CHAR},
      </if>
      <if test="updIp != null">
        UPD_IP = #{updIp,jdbcType=VARCHAR},
      </if>
      <if test="crtDtm != null">
        CRT_DTM = #{crtDtm,jdbcType=TIMESTAMP},
      </if>
      <if test="crtEmpid != null">
        CRT_EMPID = #{crtEmpid,jdbcType=CHAR},
      </if>
      <if test="crtIp != null">
        CRT_IP = #{crtIp,jdbcType=VARCHAR},
      </if>
      <if test="custNum != null">
        CUST_NUM = #{custNum,jdbcType=CHAR},
      </if>
      <if test="useContNum != null">
        USE_CONT_NUM = #{useContNum,jdbcType=CHAR},
      </if>
      <if test="defrayAccountNum != null">
        DEFRAY_ACCOUNT_NUM = #{defrayAccountNum,jdbcType=VARCHAR},
      </if>
      <if test="transReqFlag != null">
        TRANS_REQ_FLAG = #{transReqFlag,jdbcType=CHAR},
      </if>
    </set>
    where CUS_CID = #{cusCid,jdbcType=VARCHAR}
      and REQ_YMD = #{reqYmd,jdbcType=CHAR}
      and SEQ = #{seq,jdbcType=DECIMAL}
  </update>
  <update id="updateByPrimaryKey" parameterType="scg.c24.biz.db.gen.model.ScsTransReq">
    <!--
      WARNING - @mbg.generated
      This element is automatically generated by MyBatis Generator, do not modify.
      This element was generated on Thu Sep 22 18:10:50 KST 2016.
    -->
    update H11.SCS_TRANS_REQ
    set UPD_DTM = #{updDtm,jdbcType=TIMESTAMP},
      UPD_EMPID = #{updEmpid,jdbcType=CHAR},
      UPD_IP = #{updIp,jdbcType=VARCHAR},
      CRT_DTM = #{crtDtm,jdbcType=TIMESTAMP},
      CRT_EMPID = #{crtEmpid,jdbcType=CHAR},
      CRT_IP = #{crtIp,jdbcType=VARCHAR},
      CUST_NUM = #{custNum,jdbcType=CHAR},
      USE_CONT_NUM = #{useContNum,jdbcType=CHAR},
      DEFRAY_ACCOUNT_NUM = #{defrayAccountNum,jdbcType=VARCHAR},
      TRANS_REQ_FLAG = #{transReqFlag,jdbcType=CHAR}
    where CUS_CID = #{cusCid,jdbcType=VARCHAR}
      and REQ_YMD = #{reqYmd,jdbcType=CHAR}
      and SEQ = #{seq,jdbcType=DECIMAL}
  </update>
</mapper>