<?xml version="1.0" encoding="UTF-8"?>
<!DOCTYPE mapper PUBLIC "-//mybatis.org//DTD Mapper 3.0//EN" "http://mybatis.org/dtd/mybatis-3-mapper.dtd">
<mapper namespace="scg.c24.biz.kmc.KMCUseContMapper">
	<select id="selectKMCUseContByUseCustNmCp" resultType="scg.c24.biz.kmc.KMCUseCont"><![CDATA[
		SELECT DECODE(A.CONT_STS_CD, '20', '10', A.CONT_STS_CD) CONT_STS,
		       C.PAY_METHOD_CD,
		       (SELECT MAX(X.BNK_BRANCH_NM)
		          FROM E41.E4BT_BANK X,
		               C11.C1BT_USE_CONT_TRANS Y
		         WHERE X.BNK_BRANCH_CD = Y.BNK_CD
		           AND X.USE_YN = 'Y'
		           AND Y.CUST_NUM = A.CUST_NUM
		           AND Y.REQ_INFO_NUM = A.USE_CONT_NUM
		           AND Y.RECEIVE_STS_CD = '20') BNK_NM,
		       C21.PKS_C2_FUNC_4.FUNC_GET_C1_ORIG_APPLY_YMD(A.USE_CONT_NUM) FIRST_YMD,
		       B.CUST_NM,
		       E.ZIP_NO1 || E.ZIP_NO2 ZIP_NO,
		       E.CITY || ' ' || E.COUNTY || ' ' || E.TOWN ADDR1,
		       SUBSTR(D.CURR_ADDR_UNION, LENGTH(E.CITY || ' ' || E.COUNTY || ' ' || E.TOWN || ' ') + 1) ADDR2,
		       A.USE_CONT_NUM,
		       B.CP_DDD,
		       B.CP_EXN,
		       B.CP_NUM
		  FROM C11.C1BT_USE_CONT A,
		       C11.C1AT_CUST_INFO B,
		       C11.C1BT_REQ_INFO C,
		       C31.C3AT_INST_PLACE D,
		       A11.A1AT_ZIP E
		 WHERE A.CUST_NUM = B.CUST_NUM
		   AND A.INST_PLACE_NUM = D.INST_PLACE_NUM
		   AND A.USE_CONT_NUM = C.REQ_INFO_NUM
		   AND D.ZIP_SEQ = E.ZIP_SEQ
		   AND A.CONT_STS_CD <> '30'
		   AND B.CUST_NM = #{useCustNm}
		   AND B.CP_DDD  = #{cp1}
		   AND B.CP_EXN  = #{cp2}
		   AND B.CP_NUM  = #{cp3}
	]]></select>
	<select id="selectKMCUseContByUseContNumKMC" resultType="scg.c24.biz.kmc.KMCUseCont"><![CDATA[
		SELECT DECODE(A.CONT_STS_CD, '20', '10', A.CONT_STS_CD) CONT_STS,
		       C.PAY_METHOD_CD,
		       (SELECT MAX(X.BNK_BRANCH_NM)
		          FROM E41.E4BT_BANK X,
		               C11.C1BT_USE_CONT_TRANS Y
		         WHERE X.BNK_BRANCH_CD = Y.BNK_CD
		           AND X.USE_YN = 'Y'
		           AND Y.CUST_NUM = A.CUST_NUM
		           AND Y.REQ_INFO_NUM = A.REQ_INFO_NUM
		           AND Y.RECEIVE_STS_CD = '20') BNK_NM,
		       C21.PKS_C2_FUNC_4.FUNC_GET_C1_ORIG_APPLY_YMD(A.USE_CONT_NUM) FIRST_YMD,
		       B.CUST_NM,
		       E.ZIP_NO1 || E.ZIP_NO2 ZIP_NO,
		       E.CITY || ' ' || E.COUNTY || ' ' || E.TOWN ADDR1,
		       SUBSTR(D.CURR_ADDR_UNION, LENGTH(E.CITY || ' ' || E.COUNTY || ' ' || E.TOWN || ' ') + 1) ADDR2,
		       A.USE_CONT_NUM,
		       B.CP_DDD,
		       B.CP_EXN,
		       B.CP_NUM,
		       (SELECT Y.JOIN_YN
		          FROM C11.C1BT_USE_CONT_TRANS Y
		         WHERE Y.CUST_NUM       = A.CUST_NUM
		           AND Y.REQ_INFO_NUM   = A.REQ_INFO_NUM
		           AND Y.RECEIVE_STS_CD = '20') AS JOIN_YN
		  FROM C11.C1BT_USE_CONT A,
		       C11.C1AT_CUST_INFO B,
		       C11.C1BT_REQ_INFO C,
		       C31.C3AT_INST_PLACE D,
		       A11.A1AT_ZIP E
		 WHERE A.CUST_NUM = B.CUST_NUM
		   AND A.REQ_INFO_NUM = C.REQ_INFO_NUM
		   AND A.INST_PLACE_NUM = D.INST_PLACE_NUM
		   AND D.ZIP_SEQ = E.ZIP_SEQ
		   AND A.USE_CONT_NUM = #{useContNum}
	]]></select>
	<select id="selectUseContAllByUseContNum" resultType="scg.c24.biz.kmc.KMCUseContAll"><![CDATA[
		SELECT DEFRAY_ACCOUNT_NUM,
		       CUST_NUM,
		       REQ_INFO_NUM,
		       REQ_YMD,
		       BNK_CD,
		       (SELECT TRAN_FLAG
		          FROM C11.C1AT_TRANS_ACNT X
		         WHERE X.DEFRAY_ACCOUNT_NUM = A.DEFRAY_ACCOUNT_NUM
		           AND X.CUST_NUM = A.CUST_NUM) TRAN_FLAG
		  FROM C11.C1BT_USE_CONT_TRANS A
		 WHERE CUST_NUM = (SELECT CUST_NUM
		          FROM C11.C1BT_USE_CONT
		         WHERE USE_CONT_NUM = #{useContNum})
		   AND RECEIVE_STS_CD IN ('10', '20')
		   AND CNL_YMD = '99991231'
	]]></select>
	<select id="selectUseContCheck" resultType="scg.c24.biz.kmc.KMCUseContCheck"><![CDATA[
		SELECT DECODE(A.CONT_STS_CD , '30', '0', '1')                            CHK_1,
		       NVL2  (B.REQ_INFO_NUM,       '0', '1')                            CHK_2,
		       (CASE WHEN A.CUST_NUM LIKE  '0%' THEN '0' ELSE '1' END)           CHK_3,
		       NVL(C21.PKS_C2_FUNC_4.FUNC_GET_PAY_INF(A.USE_CONT_NUM, '7'), '0') CHK_4
		  FROM C11.C1BT_USE_CONT       A LEFT OUTER JOIN
		       C11.C1BT_USE_CONT_TRANS B ON ( A.USE_CONT_NUM       = B.REQ_INFO_NUM
		                                  AND B.DEFRAY_ACCOUNT_NUM = #{cardNum}
		                                  AND B.REQ_YMD            = #{reqYmd} )
		 WHERE A.USE_CONT_NUM = #{useContNum}
	]]></select>
	<select id="selectUseContCheck10" resultType="scg.c24.biz.kmc.KMCUseContCheck"><![CDATA[
		SELECT NVL2(B.REQ_INFO_NUM, '1', '0') AS CHK_1,
		       C.PAY_METHOD_CD
		  FROM C11.C1BT_USE_CONT       A LEFT OUTER JOIN
		       C11.C1BT_USE_CONT_TRANS B ON ( A.USE_CONT_NUM        = B.REQ_INFO_NUM
		                                  AND B.BNK_CD              = #{bnkCd}
		                                  AND B.RECEIVE_STS_CD     IN ('10', '20')
		                                  AND ROWNUM = 1)
		                                 LEFT OUTER JOIN
		       C11.C1BT_REQ_INFO       C ON ( A.USE_CONT_NUM        = C.REQ_INFO_NUM )
		 WHERE A.USE_CONT_NUM = #{useContNum}
	]]></select>
	<select id="selectUseContCheck40" resultType="scg.c24.biz.kmc.KMCUseContCheck"><![CDATA[
		SELECT NVL2(B.REQ_INFO_NUM, '1', '0') AS CHK_1,
		       C.PAY_METHOD_CD
		  FROM C11.C1BT_USE_CONT       A LEFT OUTER JOIN
		       C11.C1BT_USE_CONT_TRANS B ON ( A.USE_CONT_NUM        = B.REQ_INFO_NUM
		                                  AND B.RECEIVE_STS_CD     IN ('10', '20')
		                                  AND ROWNUM = 1)
		                                 LEFT OUTER JOIN
		       C11.C1BT_REQ_INFO       C ON ( A.USE_CONT_NUM        = C.REQ_INFO_NUM )
		 WHERE A.USE_CONT_NUM = #{useContNum}
	]]></select>
	<select id="selectUseContTrans" resultType="scg.c24.biz.kmc.KMCUseContTrans"><![CDATA[
		SELECT A.CUST_NUM,
		       B.DEFRAY_ACCOUNT_NUM,
		       B.REQ_INFO_NUM,
		       B.REQ_YMD,
		       CASE WHEN B.BNK_CD = #{bnkCd} THEN '2' ELSE '1'          END TREAT_FLAG,
		       CASE WHEN B.DEFRAY_ACCOUNT_NUM IS NULL THEN 'N' ELSE 'Y' END TRANS_YN,
		       C21.PKS_C2_FUNC_4.FUNC_GET_C1_ORIG_APPLY_YMD(A.USE_CONT_NUM) APPLY_YMD
		  FROM C11.C1BT_USE_CONT A LEFT OUTER JOIN
		       C11.C1BT_USE_CONT_TRANS B ON ( A.REQ_INFO_NUM    = B.REQ_INFO_NUM
		                                  AND A.CUST_NUM        = B.CUST_NUM
		                                  AND B.RECEIVE_STS_CD IN ('10', '20')
		                                  AND B.CNL_YMD         = '99991231' )
		 WHERE A.USE_CONT_NUM = #{useContNum}
	]]></select>
</mapper>