<?xml version="1.0" encoding="UTF-8"?>
<!DOCTYPE configuration>
<configuration>

	<property resource="application.properties" />
	<property scope="context" name="uid" value="${card.uid}" />
	<property scope="context" name="pfx"
		value="${catalina.base}/logs/${uid}/${uid}-" />

	<include resource="org/springframework/boot/logging/logback/base.xml" />

	<appender name="ROOT"
		class="ch.qos.logback.core.rolling.RollingFileAppender">
		<prudent>true</prudent>
		<rollingPolicy class="ch.qos.logback.core.rolling.TimeBasedRollingPolicy">
			<fileNamePattern>${pfx}ROOT.%d{yyyy-MM-dd}.log</fileNamePattern>
			<maxHistory>30</maxHistory>
		</rollingPolicy>
		<filter class="ch.qos.logback.classic.filter.ThresholdFilter">
			<level>INFO</level>
		</filter>
		<encoder>
			<charset>MS949</charset>
			<pattern><![CDATA[%d{yyyy:MM:dd HH:mm:ss.SSS} %-5level [%thread] %logger{35}: %msg %n]]></pattern>
		</encoder>
	</appender>

	<appender name="CardDataServer"
		class="ch.qos.logback.core.rolling.RollingFileAppender">
		<prudent>true</prudent>
		<rollingPolicy class="ch.qos.logback.core.rolling.TimeBasedRollingPolicy">
			<fileNamePattern>${pfx}CardDataServer.%d{yyyy-MM-dd}.log</fileNamePattern>
			<maxHistory>30</maxHistory>
		</rollingPolicy>
		<filter class="ch.qos.logback.classic.filter.ThresholdFilter">
			<level>INFO</level>
		</filter>
		<encoder>
			<charset>MS949</charset>
			<pattern><![CDATA[%d{yyyy:MM:dd HH:mm:ss.SSS} %-5level [%thread] %logger{35}: %msg %n]]></pattern>
		</encoder>
	</appender>

	<appender name="CardDataServerAcceptor"
		class="ch.qos.logback.core.rolling.RollingFileAppender">
		<prudent>true</prudent>
		<rollingPolicy class="ch.qos.logback.core.rolling.TimeBasedRollingPolicy">
			<fileNamePattern>${pfx}CardDataServerAcceptor.%d{yyyy-MM-dd}.log</fileNamePattern>
			<maxHistory>30</maxHistory>
		</rollingPolicy>
		<filter class="ch.qos.logback.classic.filter.ThresholdFilter">
			<level>INFO</level>
		</filter>
		<encoder>
			<charset>MS949</charset>
			<pattern><![CDATA[%d{yyyy:MM:dd HH:mm:ss.SSS} %-5level [%thread] %logger{35}: %msg %n]]></pattern>
		</encoder>
	</appender>

	<appender name="CardDataServerTransfer"
		class="ch.qos.logback.core.rolling.RollingFileAppender">
		<prudent>true</prudent>
		<rollingPolicy class="ch.qos.logback.core.rolling.TimeBasedRollingPolicy">
			<fileNamePattern>${pfx}CardDataServerTransfer.%d{yyyy-MM-dd}.log</fileNamePattern>
			<maxHistory>30</maxHistory>
		</rollingPolicy>
		<filter class="ch.qos.logback.classic.filter.ThresholdFilter">
			<level>INFO</level>
		</filter>
		<encoder>
			<charset>MS949</charset>
			<pattern><![CDATA[%d{yyyy:MM:dd HH:mm:ss.SSS} %-5level [%thread] %logger{35}: %n %msg %n]]></pattern>
		</encoder>
	</appender>

	<appender name="CardDataServerService"
		class="ch.qos.logback.core.rolling.RollingFileAppender">
		<prudent>true</prudent>
		<rollingPolicy class="ch.qos.logback.core.rolling.TimeBasedRollingPolicy">
			<fileNamePattern>${pfx}CardDataServerService.%d{yyyy-MM-dd}.log</fileNamePattern>
			<maxHistory>30</maxHistory>
		</rollingPolicy>
		<filter class="ch.qos.logback.classic.filter.ThresholdFilter">
			<level>INFO</level>
		</filter>
		<encoder>
			<charset>MS949</charset>
			<pattern><![CDATA[%d{yyyy:MM:dd HH:mm:ss.SSS} %-5level [%thread] %logger{35}: %msg %n]]></pattern>
		</encoder>
	</appender>

	<appender name="CardDataClient"
		class="ch.qos.logback.core.rolling.RollingFileAppender">
		<prudent>true</prudent>
		<rollingPolicy class="ch.qos.logback.core.rolling.TimeBasedRollingPolicy">
			<fileNamePattern>${pfx}CardDataClient.%d{yyyy-MM-dd}.log</fileNamePattern>
			<maxHistory>30</maxHistory>
		</rollingPolicy>
		<filter class="ch.qos.logback.classic.filter.ThresholdFilter">
			<level>INFO</level>
		</filter>
		<encoder>
			<charset>MS949</charset>
			<pattern><![CDATA[%d{yyyy:MM:dd HH:mm:ss.SSS} %-5level [%thread] %logger{35}: %msg %n]]></pattern>
		</encoder>
	</appender>

	<appender name="CardDataClientTransfer"
		class="ch.qos.logback.core.rolling.RollingFileAppender">
		<prudent>true</prudent>
		<rollingPolicy class="ch.qos.logback.core.rolling.TimeBasedRollingPolicy">
			<fileNamePattern>${pfx}CardDataClientTransfer.%d{yyyy-MM-dd}.log</fileNamePattern>
			<maxHistory>30</maxHistory>
		</rollingPolicy>
		<filter class="ch.qos.logback.classic.filter.ThresholdFilter">
			<level>INFO</level>
		</filter>
		<encoder>
			<charset>MS949</charset>
			<pattern><![CDATA[%d{yyyy:MM:dd HH:mm:ss.SSS} %-5level [%thread] %logger{35}: %n %msg %n]]></pattern>
		</encoder>
	</appender>

	<appender name="CardDataClientService"
		class="ch.qos.logback.core.rolling.RollingFileAppender">
		<prudent>true</prudent>
		<rollingPolicy class="ch.qos.logback.core.rolling.TimeBasedRollingPolicy">
			<fileNamePattern>${pfx}CardDataClientService.%d{yyyy-MM-dd}.log</fileNamePattern>
			<maxHistory>30</maxHistory>
		</rollingPolicy>
		<filter class="ch.qos.logback.classic.filter.ThresholdFilter">
			<level>INFO</level>
		</filter>
		<encoder>
			<charset>MS949</charset>
			<pattern><![CDATA[%d{yyyy:MM:dd HH:mm:ss.SSS} %-5level [%thread] %logger{35}: %msg %n]]></pattern>
		</encoder>
	</appender>

	<appender name="MIS"
		class="ch.qos.logback.core.rolling.RollingFileAppender">
		<prudent>true</prudent>
		<rollingPolicy class="ch.qos.logback.core.rolling.TimeBasedRollingPolicy">
			<fileNamePattern>${pfx}MIS.%d{yyyy-MM-dd}.log</fileNamePattern>
			<maxHistory>30</maxHistory>
		</rollingPolicy>
		<filter class="ch.qos.logback.classic.filter.ThresholdFilter">
			<level>INFO</level>
		</filter>
		<encoder>
			<charset>MS949</charset>
			<pattern><![CDATA[%d{yyyy:MM:dd HH:mm:ss.SSS} %-5level [%thread] %logger{35}: %msg %n]]></pattern>
		</encoder>
	</appender>

	<logger name="org.apache" level="INFO" />
	<logger name="org.springframework" level="INFO" />
	<logger name="org.mybatis" level="INFO" />

	<logger name="CardDataServer" level="INFO" additivity="true">
		<appender-ref ref="ROOT" />
		<appender-ref ref="CardDataServer" />
	</logger>
	<logger name="CardDataServerAcceptor" level="INFO" additivity="true">
		<appender-ref ref="ROOT" />
		<appender-ref ref="CardDataServerAcceptor" />
	</logger>
	<logger name="CardDataServerTransfer" level="INFO" additivity="true">
		<appender-ref ref="ROOT" />
		<appender-ref ref="CardDataServerTransfer" />
	</logger>
	<logger name="CardDataServerService" level="INFO" additivity="true">
		<appender-ref ref="ROOT" />
		<appender-ref ref="CardDataServerService" />
	</logger>

	<logger name="CardDataClient" level="INFO" additivity="true">
		<appender-ref ref="ROOT" />
		<appender-ref ref="CardDataClient" />
	</logger>
	<logger name="CardDataClientTransfer" level="INFO" additivity="true">
		<appender-ref ref="ROOT" />
		<appender-ref ref="CardDataClientTransfer" />
	</logger>
	<logger name="CardDataClientService" level="INFO" additivity="true">
		<appender-ref ref="ROOT" />
		<appender-ref ref="CardDataClientService" />
	</logger>

	<logger name="MIS" level="INFO" additivity="true">
		<appender-ref ref="ROOT" />
		<appender-ref ref="MIS" />
	</logger>

	<root level="INFO">
		<appender-ref ref="ROOT" />
	</root>

</configuration>